======================================================================
GSC GPU Training Job Started
======================================================================
Job ID: 551832
Node: brandal
Start Time: Tue Dec  2 03:12:01 AM EST 2025

----------------------------------------------------------------------
GPU Information:
----------------------------------------------------------------------
Tue Dec  2 03:12:01 2025       
+-----------------------------------------------------------------------------------------+
| NVIDIA-SMI 570.124.06             Driver Version: 570.124.06     CUDA Version: 12.8     |
|-----------------------------------------+------------------------+----------------------+
| GPU  Name                 Persistence-M | Bus-Id          Disp.A | Volatile Uncorr. ECC |
| Fan  Temp   Perf          Pwr:Usage/Cap |           Memory-Usage | GPU-Util  Compute M. |
|                                         |                        |               MIG M. |
|=========================================+========================+======================|
|   0  NVIDIA RTX A5000               On  |   00000000:4F:00.0 Off |                  Off |
| 30%   26C    P8             54W /  230W |       2MiB /  24564MiB |      0%      Default |
|                                         |                        |                  N/A |
+-----------------------------------------+------------------------+----------------------+
                                                                                         
+-----------------------------------------------------------------------------------------+
| Processes:                                                                              |
|  GPU   GI   CI              PID   Type   Process name                        GPU Memory |
|        ID   ID                                                               Usage      |
|=========================================================================================|
|  No running processes found                                                             |
+-----------------------------------------------------------------------------------------+

----------------------------------------------------------------------
CUDA Version:
----------------------------------------------------------------------
nvcc not found

======================================================================
Running Full Training (1000 epochs)
======================================================================
JAX detected - GPU acceleration enabled
JAX detected - GPU acceleration enabled
    Lookup tables built in 0.00s
    Fast lookups built in 0.000s (19 fillers, 12 rules)
    Building rule index for fast sentence generation...
    Rule index built in 0.000s
    BrickRole fast lookups built in 0.000s (15 roles)
Adding binary rules...
  Binary rules: 26 rules added
Adding copy rules...
  Copy rules: 38 total rules
Adding unary rules (this may take a while with large grammars)...
  Unary rules: 65 total rules
Adding expansion rules...
  Total rules: 74
Optimizing HarmonicGrammar with fast lookups...
Optimization complete!
Filler names: ['#:0', '*@:1', '*BE:0', '*N:0', '*Vi:0', '*Vi:1', '*Vpp:0', '@:1', 'BE:0', 'N:0', 'N:1', 'NP[1]:0', 'P:0', 'PP[1]:1', 'RC[1]:1', 'S[1]:0', 'S[2]:0', 'S[3]:0', 'VP[1]:1', 'VP[2]:1', 'VP[3]:1', 'VPpp[1]:1', 'Vi:0', 'Vi:1', 'Vpp:0', 'Vpp:1', '_']
Number of fillers: 27
Computing change-of-basis matrices...
  N shape: (405, 405) (0.00 GB)
  Kronecker product took 0.00 s
  Computing pseudo-inverse using fast Kronecker decomposition...
  Fast pseudo-inverse took 0.00 s (vs. minutes for direct method)
  C shape: (405, 405)
DEBUG _add_change_of_basis_matrices
  ✓ Change-of-basis complete (C: (405, 405), no S materialization)
  ✓ Memory saved by not creating S: 0.0 TB
0.01075601577758789 s for generating encodings
✓ GscNet fast lookups built in 0.001s (15 roles, 27 fillers, 405 bindings)
Initializing parameters on CPU with NumPy...
  Large grammar detected (405 bindings)
  Dense WC would be 0.0 GB - using SPARSE matrix!
  Using dok_matrix for memory-efficient construction...
__init__ sets use_sparse to be True
DEBUG: _build_model starts
  Building weight model from 74 HG rules...
  Initializing WC as LIL matrix for efficient construction...
    Processing binary and copy rules...
      Found 38 binary/copy rules
    Processing competition rules...
    Processing unary rules...
    Adding grammatical constraints...
    Converting WC from Lil to CSR for efficient operations...
      WC: 760 non-zero elements (99.5367% sparse)
      Conversion took 0.00s
    Setting weights...
    Setting biases...
  ✓ Weight model built in 0.01s (0.00 min)
DEBUG: _adjust_default_param_vals starts
DEBUG: bias2weight starts
DEBUG: bias2weight
  ✓ Final WC sparsity: 99.2897% (1,165 non-zero out of 164,025)
  ✓ Memory saved: 0.0 GB (dense) → 0.0 MB (sparse)
  ✓ Reduction: 70x
0.015067338943481445 s for initializing parameter values
    Finding equilibrium with integration (dur=10)...
0.695235013961792 s for finding a global equilibrium point

======================================================================
MODE VERIFICATION:
======================================================================
  use_sparse: True
  WC type: scipy.sparse._csr.csr_matrix
  WC shape: (405, 405)
  WC non-zeros: 1,165 (0.7103% fill)
  dim_f used: 27
  dim_r used: 15
  num_fillers: 27
  num_roles: 15
  num_bindings: 405
======================================================================

Generating corpus with 5000 samples...
first sentence took 0.0s to generate
  Generated 500/5000 samples (1652.5 samples/s, 0.0 min remaining)
  Generated 1000/5000 samples (1829.1 samples/s, 0.0 min remaining)
  Generated 1500/5000 samples (1894.9 samples/s, 0.0 min remaining)
  Generated 2000/5000 samples (1887.8 samples/s, 0.0 min remaining)
  Generated 2500/5000 samples (1897.9 samples/s, 0.0 min remaining)
  Generated 3000/5000 samples (1898.9 samples/s, 0.0 min remaining)
  Generated 3500/5000 samples (1910.6 samples/s, 0.0 min remaining)
  Generated 4000/5000 samples (1912.6 samples/s, 0.0 min remaining)
  Generated 4500/5000 samples (1899.4 samples/s, 0.0 min remaining)
✓ Corpus generation complete in 2.6s (0.0 min)
  5 unique sentences from 5000 samples

======================================================================
Target sentence probabilities (first 10):
Sentence 0: p = 0.3436 (N Vi)
Sentence 1: p = 0.3082 (N Vi P N)
Sentence 2: p = 0.1768 (N BE Vpp)
Sentence 3: p = 0.1194 (N BE Vpp P N)
Sentence 4: p = 0.0520 (N Vpp P N Vi)
DEBUG: initialize
DEBUG: setting weights
DEBUG: setting biases
DEBUG: update bowl strength
DEBUG: setting self.train_opts
    Building mask0 using vectorized COO construction...
      Processing batch 1/1 (roles 0-10/10)...
      Total mask0 construction: 0.00s
      mask0 has 36,450 non-zero entries
DEBUG: harmoney values of illegitimate bindings set to <=4 
DEBUG: <= 8
DEBUG: update train_opts

Checking mask0:
  mask0 non-zero entries: 36,450

========================================
=== WC Statistics BEFORE Training ===
  WC type: sparse, nnz=1165
  WC sum: -818.000000
  WC diagonal sum: -2338.000000
  WC max: 2.000000, min: -10.000000
========================================

======================================================================
Training Grammar 1...
======================================================================
    DEBUG SPARSE UPDATE: WC_sum_before=-818.0000, dWC_sum=-0.0000, update_sum=-0.0000
    DEBUG SPARSE UPDATE: WC_sum_after=-818.0000, change=0.0000
    Finding equilibrium with integration (dur=10)...
    DEBUG SPARSE UPDATE: WC_sum_before=-818.0000, dWC_sum=-0.0000, update_sum=-0.0000
    DEBUG SPARSE UPDATE: WC_sum_after=-818.0000, change=-0.0000
    Finding equilibrium with integration (dur=10)...
    DEBUG SPARSE UPDATE: WC_sum_before=-818.0000, dWC_sum=-0.0000, update_sum=-0.0000
    DEBUG SPARSE UPDATE: WC_sum_after=-818.0000, change=0.0000
    Finding equilibrium with integration (dur=10)...
    DEBUG SPARSE UPDATE: WC_sum_before=-818.0000, dWC_sum=-0.0000, update_sum=-0.0000
    DEBUG SPARSE UPDATE: WC_sum_after=-818.0000, change=0.0000
    Finding equilibrium with integration (dur=10)...
    DEBUG SPARSE UPDATE: WC_sum_before=-818.0000, dWC_sum=-0.0000, update_sum=-0.0000
    DEBUG SPARSE UPDATE: WC_sum_after=-818.0000, change=0.0000
    Finding equilibrium with integration (dur=10)...
    DEBUG SPARSE UPDATE: WC_sum_before=-818.0000, dWC_sum=-0.0000, update_sum=-0.0000
    DEBUG SPARSE UPDATE: WC_sum_after=-818.0000, change=0.0000
    Finding equilibrium with integration (dur=10)...
    DEBUG SPARSE UPDATE: WC_sum_before=-818.0000, dWC_sum=-0.0000, update_sum=-0.0000
    DEBUG SPARSE UPDATE: WC_sum_after=-818.0000, change=0.0000
    Finding equilibrium with integration (dur=10)...
    DEBUG SPARSE UPDATE: WC_sum_before=-818.0000, dWC_sum=-0.0000, update_sum=-0.0000
    DEBUG SPARSE UPDATE: WC_sum_after=-818.0000, change=-0.0000
    Finding equilibrium with integration (dur=10)...
    DEBUG SPARSE UPDATE: WC_sum_before=-818.0000, dWC_sum=-0.0000, update_sum=-0.0000
    DEBUG SPARSE UPDATE: WC_sum_after=-818.0000, change=0.0000
    Finding equilibrium with integration (dur=10)...
    DEBUG SPARSE UPDATE: WC_sum_before=-818.0000, dWC_sum=-0.0000, update_sum=-0.0000
    DEBUG SPARSE UPDATE: WC_sum_after=-818.0000, change=0.0000
    Finding equilibrium with integration (dur=10)...
[0010]   33.095 | 0.000 0.000 0.000 0.000 0.000 | 0.000 | 0.881 0.000
    TIMING: total=3.0s | estimate_prob=2.5s (86%) | cost_grad=0.0s (0%) | other=0.4s
    Finding equilibrium with integration (dur=10)...
    Finding equilibrium with integration (dur=10)...
    Finding equilibrium with integration (dur=10)...
    Finding equilibrium with integration (dur=10)...
    Finding equilibrium with integration (dur=10)...
    Finding equilibrium with integration (dur=10)...
    Finding equilibrium with integration (dur=10)...
    Finding equilibrium with integration (dur=10)...
    Finding equilibrium with integration (dur=10)...
    Finding equilibrium with integration (dur=10)...
[0020]   33.095 | 0.000 0.000 0.000 0.000 0.000 | 0.000 | 1.000 0.000
    TIMING: total=3.0s | estimate_prob=2.5s (85%) | cost_grad=0.0s (0%) | other=0.4s
    Finding equilibrium with integration (dur=10)...
    Finding equilibrium with integration (dur=10)...
    Finding equilibrium with integration (dur=10)...
    Finding equilibrium with integration (dur=10)...
    Finding equilibrium with integration (dur=10)...
    Finding equilibrium with integration (dur=10)...
    Finding equilibrium with integration (dur=10)...
    Finding equilibrium with integration (dur=10)...
    Finding equilibrium with integration (dur=10)...
    Finding equilibrium with integration (dur=10)...
[0030]   33.095 | 0.000 0.000 0.000 0.000 0.000 | 0.000 | 0.829 0.000
    TIMING: total=3.0s | estimate_prob=2.6s (86%) | cost_grad=0.0s (0%) | other=0.4s
    Finding equilibrium with integration (dur=10)...
    Finding equilibrium with integration (dur=10)...
    Finding equilibrium with integration (dur=10)...
    Finding equilibrium with integration (dur=10)...
    Finding equilibrium with integration (dur=10)...
    Finding equilibrium with integration (dur=10)...
    Finding equilibrium with integration (dur=10)...
    Finding equilibrium with integration (dur=10)...
    Finding equilibrium with integration (dur=10)...
    Finding equilibrium with integration (dur=10)...
[0040]   33.095 | 0.000 0.000 0.000 0.000 0.000 | 0.000 | 0.829 0.000
    TIMING: total=3.0s | estimate_prob=2.5s (86%) | cost_grad=0.0s (0%) | other=0.4s
    Finding equilibrium with integration (dur=10)...
    Finding equilibrium with integration (dur=10)...
    Finding equilibrium with integration (dur=10)...
    Finding equilibrium with integration (dur=10)...
    Finding equilibrium with integration (dur=10)...
    Finding equilibrium with integration (dur=10)...
    Finding equilibrium with integration (dur=10)...
    Finding equilibrium with integration (dur=10)...
    Finding equilibrium with integration (dur=10)...
    Finding equilibrium with integration (dur=10)...
[0050]   33.095 | 0.000 0.000 0.000 0.000 0.000 | 0.000 | 0.692 0.000
    TIMING: total=2.8s | estimate_prob=2.4s (85%) | cost_grad=0.0s (0%) | other=0.4s
    Finding equilibrium with integration (dur=10)...
    Finding equilibrium with integration (dur=10)...
    Finding equilibrium with integration (dur=10)...
    Finding equilibrium with integration (dur=10)...
    Finding equilibrium with integration (dur=10)...
    Finding equilibrium with integration (dur=10)...
    Finding equilibrium with integration (dur=10)...
    Finding equilibrium with integration (dur=10)...
    Finding equilibrium with integration (dur=10)...
    Finding equilibrium with integration (dur=10)...
[0060]   21.704 | 0.250 0.000 0.000 0.000 0.000 | 0.250 | 0.500 0.000
    TIMING: total=3.0s | estimate_prob=2.6s (86%) | cost_grad=0.0s (0%) | other=0.4s
    Finding equilibrium with integration (dur=10)...
    Finding equilibrium with integration (dur=10)...
    Finding equilibrium with integration (dur=10)...
    Finding equilibrium with integration (dur=10)...
    Finding equilibrium with integration (dur=10)...
    Finding equilibrium with integration (dur=10)...
    Finding equilibrium with integration (dur=10)...
    Finding equilibrium with integration (dur=10)...
    Finding equilibrium with integration (dur=10)...
    Finding equilibrium with integration (dur=10)...
[0070]   16.678 | 0.000 0.750 0.250 0.000 0.000 | 1.000 | 0.442 0.000
    TIMING: total=2.8s | estimate_prob=2.4s (86%) | cost_grad=0.0s (0%) | other=0.4s
    Finding equilibrium with integration (dur=10)...
    Finding equilibrium with integration (dur=10)...
    Finding equilibrium with integration (dur=10)...
    Finding equilibrium with integration (dur=10)...
    Finding equilibrium with integration (dur=10)...
    Finding equilibrium with integration (dur=10)...
    Finding equilibrium with integration (dur=10)...
    Finding equilibrium with integration (dur=10)...
    Finding equilibrium with integration (dur=10)...
    Finding equilibrium with integration (dur=10)...
[0080]   11.248 | 0.500 0.250 0.000 0.000 0.000 | 0.750 | 0.406 0.000
    TIMING: total=3.0s | estimate_prob=2.5s (86%) | cost_grad=0.0s (0%) | other=0.4s
    Finding equilibrium with integration (dur=10)...
    Finding equilibrium with integration (dur=10)...
    Finding equilibrium with integration (dur=10)...
    Finding equilibrium with integration (dur=10)...
    Finding equilibrium with integration (dur=10)...
    Finding equilibrium with integration (dur=10)...
    Finding equilibrium with integration (dur=10)...
    Finding equilibrium with integration (dur=10)...
    Finding equilibrium with integration (dur=10)...
    Finding equilibrium with integration (dur=10)...
[0090]   22.664 | 0.000 0.500 0.000 0.000 0.000 | 0.500 | 0.692 0.000
    TIMING: total=3.0s | estimate_prob=2.5s (86%) | cost_grad=0.0s (0%) | other=0.4s
    Finding equilibrium with integration (dur=10)...
    Finding equilibrium with integration (dur=10)...
    Finding equilibrium with integration (dur=10)...
    Finding equilibrium with integration (dur=10)...
    Finding equilibrium with integration (dur=10)...
    Finding equilibrium with integration (dur=10)...
    Finding equilibrium with integration (dur=10)...
    Finding equilibrium with integration (dur=10)...
    Finding equilibrium with integration (dur=10)...
    Finding equilibrium with integration (dur=10)...
[0100]   11.248 | 0.500 0.250 0.000 0.000 0.000 | 0.750 | 0.250 0.000
    TIMING: total=3.0s | estimate_prob=2.6s (86%) | cost_grad=0.0s (0%) | other=0.4s
    Finding equilibrium with integration (dur=10)...
    Finding equilibrium with integration (dur=10)...
    Finding equilibrium with integration (dur=10)...
    Finding equilibrium with integration (dur=10)...
    Finding equilibrium with integration (dur=10)...
    Finding equilibrium with integration (dur=10)...
    Finding equilibrium with integration (dur=10)...
    Finding equilibrium with integration (dur=10)...
    Finding equilibrium with integration (dur=10)...
    Finding equilibrium with integration (dur=10)...
[0110]   27.234 | 0.000 0.000 0.250 0.000 0.000 | 0.250 | 0.704 0.000
    TIMING: total=2.8s | estimate_prob=2.4s (86%) | cost_grad=0.0s (0%) | other=0.4s
    Finding equilibrium with integration (dur=10)...
    Finding equilibrium with integration (dur=10)...
    Finding equilibrium with integration (dur=10)...
    Finding equilibrium with integration (dur=10)...
    Finding equilibrium with integration (dur=10)...
    Finding equilibrium with integration (dur=10)...
    Finding equilibrium with integration (dur=10)...
    Finding equilibrium with integration (dur=10)...
    Finding equilibrium with integration (dur=10)...
    Finding equilibrium with integration (dur=10)...
[0120]   21.326 | 0.750 0.000 0.000 0.000 0.000 | 0.750 | 0.406 0.000
    TIMING: total=3.0s | estimate_prob=2.5s (86%) | cost_grad=0.0s (0%) | other=0.4s
    Finding equilibrium with integration (dur=10)...
    Finding equilibrium with integration (dur=10)...
    Finding equilibrium with integration (dur=10)...
    Finding equilibrium with integration (dur=10)...
    Finding equilibrium with integration (dur=10)...
    Finding equilibrium with integration (dur=10)...
    Finding equilibrium with integration (dur=10)...
    Finding equilibrium with integration (dur=10)...
    Finding equilibrium with integration (dur=10)...
    Finding equilibrium with integration (dur=10)...
[0130]   11.148 | 0.250 0.750 0.000 0.000 0.000 | 1.000 | 0.442 0.000
    TIMING: total=3.0s | estimate_prob=2.5s (86%) | cost_grad=0.0s (0%) | other=0.4s
    Finding equilibrium with integration (dur=10)...
    Finding equilibrium with integration (dur=10)...
    Finding equilibrium with integration (dur=10)...
    Finding equilibrium with integration (dur=10)...
    Finding equilibrium with integration (dur=10)...
    Finding equilibrium with integration (dur=10)...
    Finding equilibrium with integration (dur=10)...
    Finding equilibrium with integration (dur=10)...
    Finding equilibrium with integration (dur=10)...
    Finding equilibrium with integration (dur=10)...
[0140]   22.664 | 0.000 0.500 0.000 0.000 0.000 | 0.500 | 0.520 0.000
    TIMING: total=2.8s | estimate_prob=2.4s (86%) | cost_grad=0.0s (0%) | other=0.4s
    Finding equilibrium with integration (dur=10)...
    Finding equilibrium with integration (dur=10)...
    Finding equilibrium with integration (dur=10)...
    Finding equilibrium with integration (dur=10)...
    Finding equilibrium with integration (dur=10)...
    Finding equilibrium with integration (dur=10)...
    Finding equilibrium with integration (dur=10)...
    Finding equilibrium with integration (dur=10)...
    Finding equilibrium with integration (dur=10)...
    Finding equilibrium with integration (dur=10)...
[0150]   16.803 | 0.000 0.500 0.250 0.000 0.000 | 0.750 | 0.442 0.000
    TIMING: total=2.8s | estimate_prob=2.4s (86%) | cost_grad=0.0s (0%) | other=0.4s
    Finding equilibrium with integration (dur=10)...
    Finding equilibrium with integration (dur=10)...
    Finding equilibrium with integration (dur=10)...
    Finding equilibrium with integration (dur=10)...
    Finding equilibrium with integration (dur=10)...
    Finding equilibrium with integration (dur=10)...
    Finding equilibrium with integration (dur=10)...
    Finding equilibrium with integration (dur=10)...
    Finding equilibrium with integration (dur=10)...
    Finding equilibrium with integration (dur=10)...
[0160]   11.248 | 0.500 0.250 0.000 0.000 0.000 | 0.750 | 0.296 0.000
    TIMING: total=3.0s | estimate_prob=2.6s (85%) | cost_grad=0.0s (0%) | other=0.4s
    Finding equilibrium with integration (dur=10)...
    Finding equilibrium with integration (dur=10)...
    Finding equilibrium with integration (dur=10)...
    Finding equilibrium with integration (dur=10)...
    Finding equilibrium with integration (dur=10)...
    Finding equilibrium with integration (dur=10)...
    Finding equilibrium with integration (dur=10)...
    Finding equilibrium with integration (dur=10)...
    Finding equilibrium with integration (dur=10)...
    Finding equilibrium with integration (dur=10)...
[0170]    5.411 | 0.250 0.500 0.250 0.000 0.000 | 1.000 | 0.192 0.000
    TIMING: total=2.8s | estimate_prob=2.4s (85%) | cost_grad=0.0s (0%) | other=0.4s
    Finding equilibrium with integration (dur=10)...
    Finding equilibrium with integration (dur=10)...
    Finding equilibrium with integration (dur=10)...
    Finding equilibrium with integration (dur=10)...
    Finding equilibrium with integration (dur=10)...
    Finding equilibrium with integration (dur=10)...
    Finding equilibrium with integration (dur=10)...
    Finding equilibrium with integration (dur=10)...
    Finding equilibrium with integration (dur=10)...
    Finding equilibrium with integration (dur=10)...
[0180]   22.878 | 0.000 0.250 0.000 0.000 0.000 | 0.250 | 0.631 0.000
    TIMING: total=3.0s | estimate_prob=2.6s (86%) | cost_grad=0.0s (0%) | other=0.4s
    Finding equilibrium with integration (dur=10)...
    Finding equilibrium with integration (dur=10)...
    Finding equilibrium with integration (dur=10)...
    Finding equilibrium with integration (dur=10)...
    Finding equilibrium with integration (dur=10)...
    Finding equilibrium with integration (dur=10)...
    Finding equilibrium with integration (dur=10)...
    Finding equilibrium with integration (dur=10)...
    Finding equilibrium with integration (dur=10)...
    Finding equilibrium with integration (dur=10)...
[0190]   21.466 | 0.500 0.000 0.000 0.000 0.000 | 0.500 | 0.406 0.000
    TIMING: total=3.0s | estimate_prob=2.6s (86%) | cost_grad=0.0s (0%) | other=0.4s
    Finding equilibrium with integration (dur=10)...
    Finding equilibrium with integration (dur=10)...
    Finding equilibrium with integration (dur=10)...
    Finding equilibrium with integration (dur=10)...
    Finding equilibrium with integration (dur=10)...
    Finding equilibrium with integration (dur=10)...
    Finding equilibrium with integration (dur=10)...
    Finding equilibrium with integration (dur=10)...
    Finding equilibrium with integration (dur=10)...
    Finding equilibrium with integration (dur=10)...
[0200]    5.387 | 0.500 0.250 0.250 0.000 0.000 | 1.000 | 0.230 0.000
    TIMING: total=3.0s | estimate_prob=2.5s (86%) | cost_grad=0.0s (0%) | other=0.4s
    Finding equilibrium with integration (dur=10)...
    Finding equilibrium with integration (dur=10)...
    Finding equilibrium with integration (dur=10)...
    Finding equilibrium with integration (dur=10)...
    Finding equilibrium with integration (dur=10)...
    Finding equilibrium with integration (dur=10)...
    Finding equilibrium with integration (dur=10)...
    Finding equilibrium with integration (dur=10)...
    Finding equilibrium with integration (dur=10)...
    Finding equilibrium with integration (dur=10)...
[0210]   11.109 | 0.750 0.250 0.000 0.000 0.000 | 1.000 | 0.406 0.000
    TIMING: total=2.8s | estimate_prob=2.4s (85%) | cost_grad=0.0s (0%) | other=0.4s
    Finding equilibrium with integration (dur=10)...
    Finding equilibrium with integration (dur=10)...
    Finding equilibrium with integration (dur=10)...
    Finding equilibrium with integration (dur=10)...
    Finding equilibrium with integration (dur=10)...
    Finding equilibrium with integration (dur=10)...
    Finding equilibrium with integration (dur=10)...
    Finding equilibrium with integration (dur=10)...
    Finding equilibrium with integration (dur=10)...
    Finding equilibrium with integration (dur=10)...
[0220]   22.539 | 0.000 0.750 0.000 0.000 0.000 | 0.750 | 0.692 0.000
    TIMING: total=2.8s | estimate_prob=2.4s (85%) | cost_grad=0.0s (0%) | other=0.4s
    Finding equilibrium with integration (dur=10)...
    Finding equilibrium with integration (dur=10)...
    Finding equilibrium with integration (dur=10)...
    Finding equilibrium with integration (dur=10)...
    Finding equilibrium with integration (dur=10)...
    Finding equilibrium with integration (dur=10)...
    Finding equilibrium with integration (dur=10)...
    Finding equilibrium with integration (dur=10)...
    Finding equilibrium with integration (dur=10)...
    Finding equilibrium with integration (dur=10)...
[0230]   22.539 | 0.000 0.750 0.000 0.000 0.000 | 0.750 | 0.520 0.000
    TIMING: total=2.8s | estimate_prob=2.4s (86%) | cost_grad=0.0s (0%) | other=0.4s
    Finding equilibrium with integration (dur=10)...
    Finding equilibrium with integration (dur=10)...
    Finding equilibrium with integration (dur=10)...
    Finding equilibrium with integration (dur=10)...
    Finding equilibrium with integration (dur=10)...
    Finding equilibrium with integration (dur=10)...
    Finding equilibrium with integration (dur=10)...
    Finding equilibrium with integration (dur=10)...
    Finding equilibrium with integration (dur=10)...
    Finding equilibrium with integration (dur=10)...
[0240]   22.450 | 0.000 1.000 0.000 0.000 0.000 | 1.000 | 0.692 0.000
    TIMING: total=2.8s | estimate_prob=2.4s (86%) | cost_grad=0.0s (0%) | other=0.4s
    Finding equilibrium with integration (dur=10)...
    Finding equilibrium with integration (dur=10)...
    Finding equilibrium with integration (dur=10)...
    Finding equilibrium with integration (dur=10)...
    Finding equilibrium with integration (dur=10)...
    Finding equilibrium with integration (dur=10)...
    Finding equilibrium with integration (dur=10)...
    Finding equilibrium with integration (dur=10)...
    Finding equilibrium with integration (dur=10)...
    Finding equilibrium with integration (dur=10)...
[0250]   11.035 | 0.500 0.500 0.000 0.000 0.000 | 1.000 | 0.296 0.000
    TIMING: total=2.8s | estimate_prob=2.4s (86%) | cost_grad=0.0s (0%) | other=0.4s
    Finding equilibrium with integration (dur=10)...
    Finding equilibrium with integration (dur=10)...
    Finding equilibrium with integration (dur=10)...
    Finding equilibrium with integration (dur=10)...
    Finding equilibrium with integration (dur=10)...
    Finding equilibrium with integration (dur=10)...
    Finding equilibrium with integration (dur=10)...
    Finding equilibrium with integration (dur=10)...
    Finding equilibrium with integration (dur=10)...
    Finding equilibrium with integration (dur=10)...
[0260]   16.678 | 0.000 0.750 0.250 0.000 0.000 | 1.000 | 0.442 0.000
    TIMING: total=2.8s | estimate_prob=2.4s (86%) | cost_grad=0.0s (0%) | other=0.4s
    Finding equilibrium with integration (dur=10)...
    Finding equilibrium with integration (dur=10)...
    Finding equilibrium with integration (dur=10)...
    Finding equilibrium with integration (dur=10)...
    Finding equilibrium with integration (dur=10)...
    Finding equilibrium with integration (dur=10)...
    Finding equilibrium with integration (dur=10)...
    Finding equilibrium with integration (dur=10)...
    Finding equilibrium with integration (dur=10)...
    Finding equilibrium with integration (dur=10)...
[0270]   15.648 | 0.250 0.000 0.750 0.000 0.000 | 1.000 | 0.573 0.000
    TIMING: total=2.8s | estimate_prob=2.4s (85%) | cost_grad=0.0s (0%) | other=0.4s
    Finding equilibrium with integration (dur=10)...
    Finding equilibrium with integration (dur=10)...
    Finding equilibrium with integration (dur=10)...
    Finding equilibrium with integration (dur=10)...
    Finding equilibrium with integration (dur=10)...
    Finding equilibrium with integration (dur=10)...
    Finding equilibrium with integration (dur=10)...
    Finding equilibrium with integration (dur=10)...
    Finding equilibrium with integration (dur=10)...
    Finding equilibrium with integration (dur=10)...
[0280]   16.678 | 0.000 0.750 0.250 0.000 0.000 | 1.000 | 0.442 0.000
    TIMING: total=3.0s | estimate_prob=2.5s (86%) | cost_grad=0.0s (0%) | other=0.4s
    Finding equilibrium with integration (dur=10)...
    Finding equilibrium with integration (dur=10)...
    Finding equilibrium with integration (dur=10)...
    Finding equilibrium with integration (dur=10)...
    Finding equilibrium with integration (dur=10)...
    Finding equilibrium with integration (dur=10)...
    Finding equilibrium with integration (dur=10)...
    Finding equilibrium with integration (dur=10)...
    Finding equilibrium with integration (dur=10)...
    Finding equilibrium with integration (dur=10)...
[0290]   16.822 | 0.000 0.250 0.750 0.000 0.000 | 1.000 | 0.573 0.000
    TIMING: total=3.0s | estimate_prob=2.6s (86%) | cost_grad=0.0s (0%) | other=0.4s
    Finding equilibrium with integration (dur=10)...
    Finding equilibrium with integration (dur=10)...
    Finding equilibrium with integration (dur=10)...
    Finding equilibrium with integration (dur=10)...
    Finding equilibrium with integration (dur=10)...
    Finding equilibrium with integration (dur=10)...
    Finding equilibrium with integration (dur=10)...
    Finding equilibrium with integration (dur=10)...
    Finding equilibrium with integration (dur=10)...
    Finding equilibrium with integration (dur=10)...
[0300]   16.678 | 0.000 0.750 0.250 0.000 0.000 | 1.000 | 0.442 0.000
    TIMING: total=3.0s | estimate_prob=2.5s (86%) | cost_grad=0.0s (0%) | other=0.4s
    Finding equilibrium with integration (dur=10)...
    Finding equilibrium with integration (dur=10)...
    Finding equilibrium with integration (dur=10)...
    Finding equilibrium with integration (dur=10)...
    Finding equilibrium with integration (dur=10)...
    Finding equilibrium with integration (dur=10)...
    Finding equilibrium with integration (dur=10)...
    Finding equilibrium with integration (dur=10)...
    Finding equilibrium with integration (dur=10)...
    Finding equilibrium with integration (dur=10)...
[0310]   22.450 | 0.000 1.000 0.000 0.000 0.000 | 1.000 | 0.692 0.000
    TIMING: total=2.8s | estimate_prob=2.4s (86%) | cost_grad=0.0s (0%) | other=0.4s
    Finding equilibrium with integration (dur=10)...
    Finding equilibrium with integration (dur=10)...
    Finding equilibrium with integration (dur=10)...
    Finding equilibrium with integration (dur=10)...
    Finding equilibrium with integration (dur=10)...
    Finding equilibrium with integration (dur=10)...
    Finding equilibrium with integration (dur=10)...
    Finding equilibrium with integration (dur=10)...
    Finding equilibrium with integration (dur=10)...
    Finding equilibrium with integration (dur=10)...
[0320]   11.035 | 0.500 0.500 0.000 0.000 0.000 | 1.000 | 0.296 0.000
    TIMING: total=2.9s | estimate_prob=2.4s (86%) | cost_grad=0.0s (0%) | other=0.4s
    Finding equilibrium with integration (dur=10)...
    Finding equilibrium with integration (dur=10)...
    Finding equilibrium with integration (dur=10)...
    Finding equilibrium with integration (dur=10)...
    Finding equilibrium with integration (dur=10)...
    Finding equilibrium with integration (dur=10)...
    Finding equilibrium with integration (dur=10)...
    Finding equilibrium with integration (dur=10)...
    Finding equilibrium with integration (dur=10)...
    Finding equilibrium with integration (dur=10)...
[0330]   20.940 | 0.000 0.500 0.000 0.000 0.250 | 0.750 | 0.640 0.000
    TIMING: total=2.8s | estimate_prob=2.4s (86%) | cost_grad=0.0s (0%) | other=0.4s
    Finding equilibrium with integration (dur=10)...
    Finding equilibrium with integration (dur=10)...
    Finding equilibrium with integration (dur=10)...
    Finding equilibrium with integration (dur=10)...
    Finding equilibrium with integration (dur=10)...
    Finding equilibrium with integration (dur=10)...
    Finding equilibrium with integration (dur=10)...
    Finding equilibrium with integration (dur=10)...
    Finding equilibrium with integration (dur=10)...
    Finding equilibrium with integration (dur=10)...
[0340]   18.581 | 0.000 0.750 0.000 0.250 0.000 | 1.000 | 0.520 0.000
    TIMING: total=3.0s | estimate_prob=2.5s (86%) | cost_grad=0.0s (0%) | other=0.4s
    Finding equilibrium with integration (dur=10)...
    Finding equilibrium with integration (dur=10)...
    Finding equilibrium with integration (dur=10)...
    Finding equilibrium with integration (dur=10)...
    Finding equilibrium with integration (dur=10)...
    Finding equilibrium with integration (dur=10)...
    Finding equilibrium with integration (dur=10)...
    Finding equilibrium with integration (dur=10)...
    Finding equilibrium with integration (dur=10)...
    Finding equilibrium with integration (dur=10)...
[0350]   22.450 | 0.000 1.000 0.000 0.000 0.000 | 1.000 | 0.692 0.000
    TIMING: total=2.8s | estimate_prob=2.4s (85%) | cost_grad=0.0s (0%) | other=0.4s
    Finding equilibrium with integration (dur=10)...
    Finding equilibrium with integration (dur=10)...
    Finding equilibrium with integration (dur=10)...
    Finding equilibrium with integration (dur=10)...
    Finding equilibrium with integration (dur=10)...
    Finding equilibrium with integration (dur=10)...
    Finding equilibrium with integration (dur=10)...
    Finding equilibrium with integration (dur=10)...
    Finding equilibrium with integration (dur=10)...
    Finding equilibrium with integration (dur=10)...
[0360]   11.148 | 0.250 0.750 0.000 0.000 0.000 | 1.000 | 0.442 0.000
    TIMING: total=3.0s | estimate_prob=2.5s (86%) | cost_grad=0.0s (0%) | other=0.4s
    Finding equilibrium with integration (dur=10)...
    Finding equilibrium with integration (dur=10)...
    Finding equilibrium with integration (dur=10)...
    Finding equilibrium with integration (dur=10)...
    Finding equilibrium with integration (dur=10)...
    Finding equilibrium with integration (dur=10)...
    Finding equilibrium with integration (dur=10)...
    Finding equilibrium with integration (dur=10)...
    Finding equilibrium with integration (dur=10)...
    Finding equilibrium with integration (dur=10)...
[0370]   18.705 | 0.000 0.500 0.000 0.250 0.000 | 0.750 | 0.520 0.000
    TIMING: total=2.8s | estimate_prob=2.4s (86%) | cost_grad=0.0s (0%) | other=0.4s
    Finding equilibrium with integration (dur=10)...
    Finding equilibrium with integration (dur=10)...
    Finding equilibrium with integration (dur=10)...
    Finding equilibrium with integration (dur=10)...
    Finding equilibrium with integration (dur=10)...
    Finding equilibrium with integration (dur=10)...
    Finding equilibrium with integration (dur=10)...
    Finding equilibrium with integration (dur=10)...
    Finding equilibrium with integration (dur=10)...
    Finding equilibrium with integration (dur=10)...
[0380]   18.581 | 0.000 0.750 0.000 0.250 0.000 | 1.000 | 0.520 0.000
    TIMING: total=3.0s | estimate_prob=2.5s (86%) | cost_grad=0.0s (0%) | other=0.4s
    Finding equilibrium with integration (dur=10)...
    Finding equilibrium with integration (dur=10)...
    Finding equilibrium with integration (dur=10)...
    Finding equilibrium with integration (dur=10)...
    Finding equilibrium with integration (dur=10)...
    Finding equilibrium with integration (dur=10)...
    Finding equilibrium with integration (dur=10)...
    Finding equilibrium with integration (dur=10)...
    Finding equilibrium with integration (dur=10)...
    Finding equilibrium with integration (dur=10)...
[0390]    5.387 | 0.500 0.250 0.250 0.000 0.000 | 1.000 | 0.230 0.000
    TIMING: total=3.0s | estimate_prob=2.6s (86%) | cost_grad=0.0s (0%) | other=0.4s
    Finding equilibrium with integration (dur=10)...
    Finding equilibrium with integration (dur=10)...
    Finding equilibrium with integration (dur=10)...
    Finding equilibrium with integration (dur=10)...
    Finding equilibrium with integration (dur=10)...
    Finding equilibrium with integration (dur=10)...
    Finding equilibrium with integration (dur=10)...
    Finding equilibrium with integration (dur=10)...
    Finding equilibrium with integration (dur=10)...
    Finding equilibrium with integration (dur=10)...
[0400]   14.083 | 0.250 0.000 0.250 0.000 0.500 | 1.000 | 0.448 0.000
    TIMING: total=2.8s | estimate_prob=2.4s (86%) | cost_grad=0.0s (0%) | other=0.4s
    Finding equilibrium with integration (dur=10)...
    Finding equilibrium with integration (dur=10)...
    Finding equilibrium with integration (dur=10)...
    Finding equilibrium with integration (dur=10)...
    Finding equilibrium with integration (dur=10)...
    Finding equilibrium with integration (dur=10)...
    Finding equilibrium with integration (dur=10)...
    Finding equilibrium with integration (dur=10)...
    Finding equilibrium with integration (dur=10)...
    Finding equilibrium with integration (dur=10)...
[0410]   11.109 | 0.750 0.250 0.000 0.000 0.000 | 1.000 | 0.406 0.000
    TIMING: total=3.0s | estimate_prob=2.5s (85%) | cost_grad=0.0s (0%) | other=0.4s
    Finding equilibrium with integration (dur=10)...
    Finding equilibrium with integration (dur=10)...
    Finding equilibrium with integration (dur=10)...
    Finding equilibrium with integration (dur=10)...
    Finding equilibrium with integration (dur=10)...
    Finding equilibrium with integration (dur=10)...
    Finding equilibrium with integration (dur=10)...
    Finding equilibrium with integration (dur=10)...
    Finding equilibrium with integration (dur=10)...
    Finding equilibrium with integration (dur=10)...
[0420]   22.539 | 0.000 0.750 0.000 0.000 0.000 | 0.750 | 0.692 0.000
    TIMING: total=2.8s | estimate_prob=2.4s (86%) | cost_grad=0.0s (0%) | other=0.4s
    Finding equilibrium with integration (dur=10)...
    Finding equilibrium with integration (dur=10)...
    Finding equilibrium with integration (dur=10)...
    Finding equilibrium with integration (dur=10)...
    Finding equilibrium with integration (dur=10)...
    Finding equilibrium with integration (dur=10)...
    Finding equilibrium with integration (dur=10)...
    Finding equilibrium with integration (dur=10)...
    Finding equilibrium with integration (dur=10)...
    Finding equilibrium with integration (dur=10)...
[0430]   11.762 | 0.250 0.000 0.500 0.250 0.000 | 1.000 | 0.454 0.000
    TIMING: total=2.8s | estimate_prob=2.4s (86%) | cost_grad=0.0s (0%) | other=0.4s
    Finding equilibrium with integration (dur=10)...
    Finding equilibrium with integration (dur=10)...
    Finding equilibrium with integration (dur=10)...
    Finding equilibrium with integration (dur=10)...
    Finding equilibrium with integration (dur=10)...
    Finding equilibrium with integration (dur=10)...
    Finding equilibrium with integration (dur=10)...
    Finding equilibrium with integration (dur=10)...
    Finding equilibrium with integration (dur=10)...
    Finding equilibrium with integration (dur=10)...
[0440]   12.844 | 0.000 0.500 0.250 0.250 0.000 | 1.000 | 0.344 0.000
    TIMING: total=2.8s | estimate_prob=2.4s (86%) | cost_grad=0.0s (0%) | other=0.4s
    Finding equilibrium with integration (dur=10)...
    Finding equilibrium with integration (dur=10)...
    Finding equilibrium with integration (dur=10)...
    Finding equilibrium with integration (dur=10)...
    Finding equilibrium with integration (dur=10)...
    Finding equilibrium with integration (dur=10)...
    Finding equilibrium with integration (dur=10)...
    Finding equilibrium with integration (dur=10)...
    Finding equilibrium with integration (dur=10)...
    Finding equilibrium with integration (dur=10)...
[0450]   22.450 | 0.000 1.000 0.000 0.000 0.000 | 1.000 | 0.692 0.000
    TIMING: total=2.8s | estimate_prob=2.4s (86%) | cost_grad=0.0s (0%) | other=0.4s
    Finding equilibrium with integration (dur=10)...
    Finding equilibrium with integration (dur=10)...
    Finding equilibrium with integration (dur=10)...
    Finding equilibrium with integration (dur=10)...
    Finding equilibrium with integration (dur=10)...
    Finding equilibrium with integration (dur=10)...
    Finding equilibrium with integration (dur=10)...
    Finding equilibrium with integration (dur=10)...
    Finding equilibrium with integration (dur=10)...
    Finding equilibrium with integration (dur=10)...
[0460]   16.822 | 0.000 0.250 0.750 0.000 0.000 | 1.000 | 0.573 0.000
    TIMING: total=3.0s | estimate_prob=2.6s (86%) | cost_grad=0.0s (0%) | other=0.4s
    Finding equilibrium with integration (dur=10)...
    Finding equilibrium with integration (dur=10)...
    Finding equilibrium with integration (dur=10)...
    Finding equilibrium with integration (dur=10)...
    Finding equilibrium with integration (dur=10)...
    Finding equilibrium with integration (dur=10)...
    Finding equilibrium with integration (dur=10)...
    Finding equilibrium with integration (dur=10)...
    Finding equilibrium with integration (dur=10)...
    Finding equilibrium with integration (dur=10)...
[0470]   22.539 | 0.000 0.750 0.000 0.000 0.000 | 0.750 | 0.520 0.000
    TIMING: total=3.0s | estimate_prob=2.5s (86%) | cost_grad=0.0s (0%) | other=0.4s
    Finding equilibrium with integration (dur=10)...
    Finding equilibrium with integration (dur=10)...
    Finding equilibrium with integration (dur=10)...
    Finding equilibrium with integration (dur=10)...
    Finding equilibrium with integration (dur=10)...
    Finding equilibrium with integration (dur=10)...
    Finding equilibrium with integration (dur=10)...
    Finding equilibrium with integration (dur=10)...
    Finding equilibrium with integration (dur=10)...
    Finding equilibrium with integration (dur=10)...
[0480]   19.980 | 0.250 0.000 0.000 0.000 0.250 | 0.500 | 0.698 0.000
    TIMING: total=3.0s | estimate_prob=2.6s (86%) | cost_grad=0.0s (0%) | other=0.4s
    Finding equilibrium with integration (dur=10)...
    Finding equilibrium with integration (dur=10)...
    Finding equilibrium with integration (dur=10)...
    Finding equilibrium with integration (dur=10)...
    Finding equilibrium with integration (dur=10)...
    Finding equilibrium with integration (dur=10)...
    Finding equilibrium with integration (dur=10)...
    Finding equilibrium with integration (dur=10)...
    Finding equilibrium with integration (dur=10)...
    Finding equilibrium with integration (dur=10)...
[0490]    7.528 | 0.250 0.250 0.000 0.250 0.000 | 0.750 | 0.329 0.000
    TIMING: total=3.0s | estimate_prob=2.6s (85%) | cost_grad=0.0s (0%) | other=0.4s
    Finding equilibrium with integration (dur=10)...
    Finding equilibrium with integration (dur=10)...
    Finding equilibrium with integration (dur=10)...
    Finding equilibrium with integration (dur=10)...
    Finding equilibrium with integration (dur=10)...
    Finding equilibrium with integration (dur=10)...
    Finding equilibrium with integration (dur=10)...
    Finding equilibrium with integration (dur=10)...
    Finding equilibrium with integration (dur=10)...
    Finding equilibrium with integration (dur=10)...
[0500]   18.788 | 0.000 0.250 0.000 0.750 0.000 | 1.000 | 0.631 0.000
    TIMING: total=2.8s | estimate_prob=2.4s (86%) | cost_grad=0.0s (0%) | other=0.4s
    Finding equilibrium with integration (dur=10)...
    Finding equilibrium with integration (dur=10)...
    Finding equilibrium with integration (dur=10)...
    Finding equilibrium with integration (dur=10)...
    Finding equilibrium with integration (dur=10)...
    Finding equilibrium with integration (dur=10)...
    Finding equilibrium with integration (dur=10)...
    Finding equilibrium with integration (dur=10)...
    Finding equilibrium with integration (dur=10)...
    Finding equilibrium with integration (dur=10)...
[0510]   21.228 | 1.000 0.000 0.000 0.000 0.000 | 1.000 | 0.656 0.000
    TIMING: total=3.0s | estimate_prob=2.6s (86%) | cost_grad=0.0s (0%) | other=0.4s
    Finding equilibrium with integration (dur=10)...
    Finding equilibrium with integration (dur=10)...
    Finding equilibrium with integration (dur=10)...
    Finding equilibrium with integration (dur=10)...
    Finding equilibrium with integration (dur=10)...
    Finding equilibrium with integration (dur=10)...
    Finding equilibrium with integration (dur=10)...
    Finding equilibrium with integration (dur=10)...
    Finding equilibrium with integration (dur=10)...
    Finding equilibrium with integration (dur=10)...
[0520]   22.450 | 0.000 1.000 0.000 0.000 0.000 | 1.000 | 0.692 0.000
    TIMING: total=3.0s | estimate_prob=2.5s (86%) | cost_grad=0.0s (0%) | other=0.4s
    Finding equilibrium with integration (dur=10)...
    Finding equilibrium with integration (dur=10)...
    Finding equilibrium with integration (dur=10)...
    Finding equilibrium with integration (dur=10)...
    Finding equilibrium with integration (dur=10)...
    Finding equilibrium with integration (dur=10)...
    Finding equilibrium with integration (dur=10)...
    Finding equilibrium with integration (dur=10)...
    Finding equilibrium with integration (dur=10)...
    Finding equilibrium with integration (dur=10)...
[0530]   23.070 | 0.000 0.000 0.500 0.500 0.000 | 1.000 | 0.704 0.000
    TIMING: total=3.0s | estimate_prob=2.6s (86%) | cost_grad=0.0s (0%) | other=0.4s
    Finding equilibrium with integration (dur=10)...
    Finding equilibrium with integration (dur=10)...
    Finding equilibrium with integration (dur=10)...
    Finding equilibrium with integration (dur=10)...
    Finding equilibrium with integration (dur=10)...
    Finding equilibrium with integration (dur=10)...
    Finding equilibrium with integration (dur=10)...
    Finding equilibrium with integration (dur=10)...
    Finding equilibrium with integration (dur=10)...
    Finding equilibrium with integration (dur=10)...
[0540]   16.894 | 0.000 0.250 0.500 0.000 0.000 | 0.750 | 0.344 0.000
    TIMING: total=2.8s | estimate_prob=2.4s (85%) | cost_grad=0.0s (0%) | other=0.4s
    Finding equilibrium with integration (dur=10)...
    Finding equilibrium with integration (dur=10)...
    Finding equilibrium with integration (dur=10)...
    Finding equilibrium with integration (dur=10)...
    Finding equilibrium with integration (dur=10)...
    Finding equilibrium with integration (dur=10)...
    Finding equilibrium with integration (dur=10)...
    Finding equilibrium with integration (dur=10)...
    Finding equilibrium with integration (dur=10)...
    Finding equilibrium with integration (dur=10)...
[0550]   22.450 | 0.000 1.000 0.000 0.000 0.000 | 1.000 | 0.692 0.000
    TIMING: total=2.8s | estimate_prob=2.4s (86%) | cost_grad=0.0s (0%) | other=0.4s
    Finding equilibrium with integration (dur=10)...
    Finding equilibrium with integration (dur=10)...
    Finding equilibrium with integration (dur=10)...
    Finding equilibrium with integration (dur=10)...
    Finding equilibrium with integration (dur=10)...
    Finding equilibrium with integration (dur=10)...
    Finding equilibrium with integration (dur=10)...
    Finding equilibrium with integration (dur=10)...
    Finding equilibrium with integration (dur=10)...
    Finding equilibrium with integration (dur=10)...
[0560]   15.720 | 0.250 0.000 0.500 0.000 0.000 | 0.750 | 0.323 0.000
    TIMING: total=3.0s | estimate_prob=2.5s (86%) | cost_grad=0.0s (0%) | other=0.4s
    Finding equilibrium with integration (dur=10)...
    Finding equilibrium with integration (dur=10)...
    Finding equilibrium with integration (dur=10)...
    Finding equilibrium with integration (dur=10)...
    Finding equilibrium with integration (dur=10)...
    Finding equilibrium with integration (dur=10)...
    Finding equilibrium with integration (dur=10)...
    Finding equilibrium with integration (dur=10)...
    Finding equilibrium with integration (dur=10)...
    Finding equilibrium with integration (dur=10)...
[0570]   15.465 | 0.750 0.000 0.250 0.000 0.000 | 1.000 | 0.480 0.000
    TIMING: total=2.8s | estimate_prob=2.4s (85%) | cost_grad=0.0s (0%) | other=0.4s
    Finding equilibrium with integration (dur=10)...
    Finding equilibrium with integration (dur=10)...
    Finding equilibrium with integration (dur=10)...
    Finding equilibrium with integration (dur=10)...
    Finding equilibrium with integration (dur=10)...
    Finding equilibrium with integration (dur=10)...
    Finding equilibrium with integration (dur=10)...
    Finding equilibrium with integration (dur=10)...
    Finding equilibrium with integration (dur=10)...
    Finding equilibrium with integration (dur=10)...
[0580]   11.273 | 0.250 0.500 0.000 0.000 0.000 | 0.750 | 0.442 0.000
    TIMING: total=2.8s | estimate_prob=2.4s (86%) | cost_grad=0.0s (0%) | other=0.4s
    Finding equilibrium with integration (dur=10)...
    Finding equilibrium with integration (dur=10)...
    Finding equilibrium with integration (dur=10)...
    Finding equilibrium with integration (dur=10)...
    Finding equilibrium with integration (dur=10)...
    Finding equilibrium with integration (dur=10)...
    Finding equilibrium with integration (dur=10)...
    Finding equilibrium with integration (dur=10)...
    Finding equilibrium with integration (dur=10)...
    Finding equilibrium with integration (dur=10)...
[0590]   15.465 | 0.750 0.000 0.250 0.000 0.000 | 1.000 | 0.480 0.000
    TIMING: total=2.8s | estimate_prob=2.4s (86%) | cost_grad=0.0s (0%) | other=0.4s
    Finding equilibrium with integration (dur=10)...
    Finding equilibrium with integration (dur=10)...
    Finding equilibrium with integration (dur=10)...
    Finding equilibrium with integration (dur=10)...
    Finding equilibrium with integration (dur=10)...
    Finding equilibrium with integration (dur=10)...
    Finding equilibrium with integration (dur=10)...
    Finding equilibrium with integration (dur=10)...
    Finding equilibrium with integration (dur=10)...
    Finding equilibrium with integration (dur=10)...
[0600]   15.465 | 0.750 0.000 0.250 0.000 0.000 | 1.000 | 0.480 0.000
    TIMING: total=2.8s | estimate_prob=2.4s (86%) | cost_grad=0.0s (0%) | other=0.4s
    Finding equilibrium with integration (dur=10)...
    Finding equilibrium with integration (dur=10)...
    Finding equilibrium with integration (dur=10)...
    Finding equilibrium with integration (dur=10)...
    Finding equilibrium with integration (dur=10)...
    Finding equilibrium with integration (dur=10)...
    Finding equilibrium with integration (dur=10)...
    Finding equilibrium with integration (dur=10)...
    Finding equilibrium with integration (dur=10)...
    Finding equilibrium with integration (dur=10)...
[0610]   17.507 | 0.500 0.000 0.000 0.250 0.000 | 0.750 | 0.381 0.000
    TIMING: total=2.8s | estimate_prob=2.4s (86%) | cost_grad=0.0s (0%) | other=0.4s
    Finding equilibrium with integration (dur=10)...
    Finding equilibrium with integration (dur=10)...
    Finding equilibrium with integration (dur=10)...
    Finding equilibrium with integration (dur=10)...
    Finding equilibrium with integration (dur=10)...
    Finding equilibrium with integration (dur=10)...
    Finding equilibrium with integration (dur=10)...
    Finding equilibrium with integration (dur=10)...
    Finding equilibrium with integration (dur=10)...
    Finding equilibrium with integration (dur=10)...
[0620]   17.195 | 0.000 0.250 0.000 0.250 0.250 | 0.750 | 0.579 0.000
    TIMING: total=2.8s | estimate_prob=2.4s (86%) | cost_grad=0.0s (0%) | other=0.4s
    Finding equilibrium with integration (dur=10)...
    Finding equilibrium with integration (dur=10)...
    Finding equilibrium with integration (dur=10)...
    Finding equilibrium with integration (dur=10)...
    Finding equilibrium with integration (dur=10)...
    Finding equilibrium with integration (dur=10)...
    Finding equilibrium with integration (dur=10)...
    Finding equilibrium with integration (dur=10)...
    Finding equilibrium with integration (dur=10)...
    Finding equilibrium with integration (dur=10)...
[0630]   16.894 | 0.000 0.250 0.500 0.000 0.000 | 0.750 | 0.344 0.000
    TIMING: total=2.8s | estimate_prob=2.4s (86%) | cost_grad=0.0s (0%) | other=0.4s
    Finding equilibrium with integration (dur=10)...
    Finding equilibrium with integration (dur=10)...
    Finding equilibrium with integration (dur=10)...
    Finding equilibrium with integration (dur=10)...
    Finding equilibrium with integration (dur=10)...
    Finding equilibrium with integration (dur=10)...
    Finding equilibrium with integration (dur=10)...
    Finding equilibrium with integration (dur=10)...
    Finding equilibrium with integration (dur=10)...
    Finding equilibrium with integration (dur=10)...
[0640]   21.228 | 1.000 0.000 0.000 0.000 0.000 | 1.000 | 0.656 0.000
    TIMING: total=2.8s | estimate_prob=2.4s (86%) | cost_grad=0.0s (0%) | other=0.4s
    Finding equilibrium with integration (dur=10)...
    Finding equilibrium with integration (dur=10)...
    Finding equilibrium with integration (dur=10)...
    Finding equilibrium with integration (dur=10)...
    Finding equilibrium with integration (dur=10)...
    Finding equilibrium with integration (dur=10)...
    Finding equilibrium with integration (dur=10)...
    Finding equilibrium with integration (dur=10)...
    Finding equilibrium with integration (dur=10)...
    Finding equilibrium with integration (dur=10)...
[0650]   16.678 | 0.000 0.750 0.250 0.000 0.000 | 1.000 | 0.442 0.000
    TIMING: total=2.9s | estimate_prob=2.4s (85%) | cost_grad=0.0s (0%) | other=0.4s
    Finding equilibrium with integration (dur=10)...
    Finding equilibrium with integration (dur=10)...
    Finding equilibrium with integration (dur=10)...
    Finding equilibrium with integration (dur=10)...
    Finding equilibrium with integration (dur=10)...
    Finding equilibrium with integration (dur=10)...
    Finding equilibrium with integration (dur=10)...
    Finding equilibrium with integration (dur=10)...
    Finding equilibrium with integration (dur=10)...
    Finding equilibrium with integration (dur=10)...
[0660]   15.465 | 0.750 0.000 0.250 0.000 0.000 | 1.000 | 0.480 0.000
    TIMING: total=2.8s | estimate_prob=2.4s (85%) | cost_grad=0.0s (0%) | other=0.4s
    Finding equilibrium with integration (dur=10)...
    Finding equilibrium with integration (dur=10)...
    Finding equilibrium with integration (dur=10)...
    Finding equilibrium with integration (dur=10)...
    Finding equilibrium with integration (dur=10)...
    Finding equilibrium with integration (dur=10)...
    Finding equilibrium with integration (dur=10)...
    Finding equilibrium with integration (dur=10)...
    Finding equilibrium with integration (dur=10)...
    Finding equilibrium with integration (dur=10)...
[0670]   18.788 | 0.000 0.250 0.000 0.750 0.000 | 1.000 | 0.631 0.000
    TIMING: total=2.8s | estimate_prob=2.4s (86%) | cost_grad=0.0s (0%) | other=0.4s
    Finding equilibrium with integration (dur=10)...
    Finding equilibrium with integration (dur=10)...
    Finding equilibrium with integration (dur=10)...
    Finding equilibrium with integration (dur=10)...
    Finding equilibrium with integration (dur=10)...
    Finding equilibrium with integration (dur=10)...
    Finding equilibrium with integration (dur=10)...
    Finding equilibrium with integration (dur=10)...
    Finding equilibrium with integration (dur=10)...
    Finding equilibrium with integration (dur=10)...
[0680]   15.482 | 0.500 0.000 0.500 0.000 0.000 | 1.000 | 0.480 0.000
    TIMING: total=2.8s | estimate_prob=2.4s (86%) | cost_grad=0.0s (0%) | other=0.4s
    Finding equilibrium with integration (dur=10)...
    Finding equilibrium with integration (dur=10)...
    Finding equilibrium with integration (dur=10)...
    Finding equilibrium with integration (dur=10)...
    Finding equilibrium with integration (dur=10)...
    Finding equilibrium with integration (dur=10)...
    Finding equilibrium with integration (dur=10)...
    Finding equilibrium with integration (dur=10)...
    Finding equilibrium with integration (dur=10)...
    Finding equilibrium with integration (dur=10)...
[0690]   21.228 | 1.000 0.000 0.000 0.000 0.000 | 1.000 | 0.656 0.000
    TIMING: total=2.9s | estimate_prob=2.5s (86%) | cost_grad=0.0s (0%) | other=0.4s
    Finding equilibrium with integration (dur=10)...
    Finding equilibrium with integration (dur=10)...
    Finding equilibrium with integration (dur=10)...
    Finding equilibrium with integration (dur=10)...
    Finding equilibrium with integration (dur=10)...
    Finding equilibrium with integration (dur=10)...
    Finding equilibrium with integration (dur=10)...
    Finding equilibrium with integration (dur=10)...
    Finding equilibrium with integration (dur=10)...
    Finding equilibrium with integration (dur=10)...
[0700]   15.482 | 0.500 0.000 0.500 0.000 0.000 | 1.000 | 0.480 0.000
    TIMING: total=2.9s | estimate_prob=2.5s (86%) | cost_grad=0.0s (0%) | other=0.4s
    Finding equilibrium with integration (dur=10)...
    Finding equilibrium with integration (dur=10)...
    Finding equilibrium with integration (dur=10)...
    Finding equilibrium with integration (dur=10)...
    Finding equilibrium with integration (dur=10)...
    Finding equilibrium with integration (dur=10)...
    Finding equilibrium with integration (dur=10)...
    Finding equilibrium with integration (dur=10)...
    Finding equilibrium with integration (dur=10)...
    Finding equilibrium with integration (dur=10)...
[0710]   12.975 | 0.000 0.250 0.250 0.500 0.000 | 1.000 | 0.454 0.000
    TIMING: total=2.9s | estimate_prob=2.4s (86%) | cost_grad=0.0s (0%) | other=0.4s
    Finding equilibrium with integration (dur=10)...
    Finding equilibrium with integration (dur=10)...
    Finding equilibrium with integration (dur=10)...
    Finding equilibrium with integration (dur=10)...
    Finding equilibrium with integration (dur=10)...
    Finding equilibrium with integration (dur=10)...
    Finding equilibrium with integration (dur=10)...
    Finding equilibrium with integration (dur=10)...
    Finding equilibrium with integration (dur=10)...
    Finding equilibrium with integration (dur=10)...
[0720]   28.971 | 0.000 0.000 0.000 1.000 0.000 | 1.000 | 0.881 0.000
    TIMING: total=2.9s | estimate_prob=2.4s (86%) | cost_grad=0.0s (0%) | other=0.4s
    Finding equilibrium with integration (dur=10)...
    Finding equilibrium with integration (dur=10)...
    Finding equilibrium with integration (dur=10)...
    Finding equilibrium with integration (dur=10)...
    Finding equilibrium with integration (dur=10)...
    Finding equilibrium with integration (dur=10)...
    Finding equilibrium with integration (dur=10)...
    Finding equilibrium with integration (dur=10)...
    Finding equilibrium with integration (dur=10)...
    Finding equilibrium with integration (dur=10)...
[0730]    5.387 | 0.500 0.250 0.250 0.000 0.000 | 1.000 | 0.230 0.000
    TIMING: total=2.8s | estimate_prob=2.4s (86%) | cost_grad=0.0s (0%) | other=0.4s
    Finding equilibrium with integration (dur=10)...
    Finding equilibrium with integration (dur=10)...
    Finding equilibrium with integration (dur=10)...
    Finding equilibrium with integration (dur=10)...
    Finding equilibrium with integration (dur=10)...
    Finding equilibrium with integration (dur=10)...
    Finding equilibrium with integration (dur=10)...
    Finding equilibrium with integration (dur=10)...
    Finding equilibrium with integration (dur=10)...
    Finding equilibrium with integration (dur=10)...
[0740]    5.411 | 0.250 0.500 0.250 0.000 0.000 | 1.000 | 0.192 0.000
    TIMING: total=2.8s | estimate_prob=2.4s (86%) | cost_grad=0.0s (0%) | other=0.4s
    Finding equilibrium with integration (dur=10)...
    Finding equilibrium with integration (dur=10)...
    Finding equilibrium with integration (dur=10)...
    Finding equilibrium with integration (dur=10)...
    Finding equilibrium with integration (dur=10)...
    Finding equilibrium with integration (dur=10)...
    Finding equilibrium with integration (dur=10)...
    Finding equilibrium with integration (dur=10)...
    Finding equilibrium with integration (dur=10)...
    Finding equilibrium with integration (dur=10)...
[0750]   21.228 | 1.000 0.000 0.000 0.000 0.000 | 1.000 | 0.656 0.000
    TIMING: total=2.8s | estimate_prob=2.4s (86%) | cost_grad=0.0s (0%) | other=0.4s
    Finding equilibrium with integration (dur=10)...
    Finding equilibrium with integration (dur=10)...
    Finding equilibrium with integration (dur=10)...
    Finding equilibrium with integration (dur=10)...
    Finding equilibrium with integration (dur=10)...
    Finding equilibrium with integration (dur=10)...
    Finding equilibrium with integration (dur=10)...
    Finding equilibrium with integration (dur=10)...
    Finding equilibrium with integration (dur=10)...
    Finding equilibrium with integration (dur=10)...
[0760]   12.844 | 0.000 0.500 0.250 0.250 0.000 | 1.000 | 0.344 0.000
    TIMING: total=2.8s | estimate_prob=2.4s (86%) | cost_grad=0.0s (0%) | other=0.4s
    Finding equilibrium with integration (dur=10)...
    Finding equilibrium with integration (dur=10)...
    Finding equilibrium with integration (dur=10)...
    Finding equilibrium with integration (dur=10)...
    Finding equilibrium with integration (dur=10)...
    Finding equilibrium with integration (dur=10)...
    Finding equilibrium with integration (dur=10)...
    Finding equilibrium with integration (dur=10)...
    Finding equilibrium with integration (dur=10)...
    Finding equilibrium with integration (dur=10)...
[0770]    5.387 | 0.500 0.250 0.250 0.000 0.000 | 1.000 | 0.230 0.000
    TIMING: total=2.8s | estimate_prob=2.4s (86%) | cost_grad=0.0s (0%) | other=0.4s
    Finding equilibrium with integration (dur=10)...
    Finding equilibrium with integration (dur=10)...
    Finding equilibrium with integration (dur=10)...
    Finding equilibrium with integration (dur=10)...
    Finding equilibrium with integration (dur=10)...
    Finding equilibrium with integration (dur=10)...
    Finding equilibrium with integration (dur=10)...
    Finding equilibrium with integration (dur=10)...
    Finding equilibrium with integration (dur=10)...
    Finding equilibrium with integration (dur=10)...
[0780]    1.667 | 0.250 0.250 0.250 0.250 0.000 | 1.000 | 0.204 0.000
    TIMING: total=2.8s | estimate_prob=2.4s (86%) | cost_grad=0.0s (0%) | other=0.4s
    Finding equilibrium with integration (dur=10)...
    Finding equilibrium with integration (dur=10)...
    Finding equilibrium with integration (dur=10)...
    Finding equilibrium with integration (dur=10)...
    Finding equilibrium with integration (dur=10)...
    Finding equilibrium with integration (dur=10)...
    Finding equilibrium with integration (dur=10)...
    Finding equilibrium with integration (dur=10)...
    Finding equilibrium with integration (dur=10)...
    Finding equilibrium with integration (dur=10)...
[0790]   15.648 | 0.250 0.000 0.750 0.000 0.000 | 1.000 | 0.573 0.000
    TIMING: total=2.8s | estimate_prob=2.4s (86%) | cost_grad=0.0s (0%) | other=0.4s
    Finding equilibrium with integration (dur=10)...
    Finding equilibrium with integration (dur=10)...
    Finding equilibrium with integration (dur=10)...
    Finding equilibrium with integration (dur=10)...
    Finding equilibrium with integration (dur=10)...
    Finding equilibrium with integration (dur=10)...
    Finding equilibrium with integration (dur=10)...
    Finding equilibrium with integration (dur=10)...
    Finding equilibrium with integration (dur=10)...
    Finding equilibrium with integration (dur=10)...
[0800]   17.507 | 0.500 0.000 0.000 0.250 0.000 | 0.750 | 0.329 0.000
    TIMING: total=2.8s | estimate_prob=2.4s (86%) | cost_grad=0.0s (0%) | other=0.4s
    Finding equilibrium with integration (dur=10)...
    Finding equilibrium with integration (dur=10)...
    Finding equilibrium with integration (dur=10)...
    Finding equilibrium with integration (dur=10)...
    Finding equilibrium with integration (dur=10)...
    Finding equilibrium with integration (dur=10)...
    Finding equilibrium with integration (dur=10)...
    Finding equilibrium with integration (dur=10)...
    Finding equilibrium with integration (dur=10)...
    Finding equilibrium with integration (dur=10)...
[0810]   23.144 | 0.000 0.000 0.250 0.750 0.000 | 1.000 | 0.704 0.000
    TIMING: total=2.8s | estimate_prob=2.4s (86%) | cost_grad=0.0s (0%) | other=0.4s
    Finding equilibrium with integration (dur=10)...
    Finding equilibrium with integration (dur=10)...
    Finding equilibrium with integration (dur=10)...
    Finding equilibrium with integration (dur=10)...
    Finding equilibrium with integration (dur=10)...
    Finding equilibrium with integration (dur=10)...
    Finding equilibrium with integration (dur=10)...
    Finding equilibrium with integration (dur=10)...
    Finding equilibrium with integration (dur=10)...
    Finding equilibrium with integration (dur=10)...
[0820]   29.006 | 0.000 0.000 0.000 0.750 0.000 | 0.750 | 0.631 0.000
    TIMING: total=2.8s | estimate_prob=2.4s (86%) | cost_grad=0.0s (0%) | other=0.4s
    Finding equilibrium with integration (dur=10)...
    Finding equilibrium with integration (dur=10)...
    Finding equilibrium with integration (dur=10)...
    Finding equilibrium with integration (dur=10)...
    Finding equilibrium with integration (dur=10)...
    Finding equilibrium with integration (dur=10)...
    Finding equilibrium with integration (dur=10)...
    Finding equilibrium with integration (dur=10)...
    Finding equilibrium with integration (dur=10)...
    Finding equilibrium with integration (dur=10)...
[0830]   11.148 | 0.250 0.750 0.000 0.000 0.000 | 1.000 | 0.442 0.000
    TIMING: total=2.8s | estimate_prob=2.4s (85%) | cost_grad=0.0s (0%) | other=0.4s
    Finding equilibrium with integration (dur=10)...
    Finding equilibrium with integration (dur=10)...
    Finding equilibrium with integration (dur=10)...
    Finding equilibrium with integration (dur=10)...
    Finding equilibrium with integration (dur=10)...
    Finding equilibrium with integration (dur=10)...
    Finding equilibrium with integration (dur=10)...
    Finding equilibrium with integration (dur=10)...
    Finding equilibrium with integration (dur=10)...
    Finding equilibrium with integration (dur=10)...
[0840]   20.904 | 0.000 0.500 0.000 0.000 0.500 | 1.000 | 0.640 0.000
    TIMING: total=2.9s | estimate_prob=2.4s (86%) | cost_grad=0.0s (0%) | other=0.4s
    Finding equilibrium with integration (dur=10)...
    Finding equilibrium with integration (dur=10)...
    Finding equilibrium with integration (dur=10)...
    Finding equilibrium with integration (dur=10)...
    Finding equilibrium with integration (dur=10)...
    Finding equilibrium with integration (dur=10)...
    Finding equilibrium with integration (dur=10)...
    Finding equilibrium with integration (dur=10)...
    Finding equilibrium with integration (dur=10)...
    Finding equilibrium with integration (dur=10)...
[0850]   15.604 | 0.500 0.000 0.250 0.000 0.000 | 0.750 | 0.308 0.000
    TIMING: total=2.8s | estimate_prob=2.4s (86%) | cost_grad=0.0s (0%) | other=0.4s
    Finding equilibrium with integration (dur=10)...
    Finding equilibrium with integration (dur=10)...
    Finding equilibrium with integration (dur=10)...
    Finding equilibrium with integration (dur=10)...
    Finding equilibrium with integration (dur=10)...
    Finding equilibrium with integration (dur=10)...
    Finding equilibrium with integration (dur=10)...
    Finding equilibrium with integration (dur=10)...
    Finding equilibrium with integration (dur=10)...
    Finding equilibrium with integration (dur=10)...
[0860]   11.148 | 0.250 0.750 0.000 0.000 0.000 | 1.000 | 0.442 0.000
    TIMING: total=2.9s | estimate_prob=2.4s (86%) | cost_grad=0.0s (0%) | other=0.4s
    Finding equilibrium with integration (dur=10)...
    Finding equilibrium with integration (dur=10)...
    Finding equilibrium with integration (dur=10)...
    Finding equilibrium with integration (dur=10)...
    Finding equilibrium with integration (dur=10)...
    Finding equilibrium with integration (dur=10)...
    Finding equilibrium with integration (dur=10)...
    Finding equilibrium with integration (dur=10)...
    Finding equilibrium with integration (dur=10)...
    Finding equilibrium with integration (dur=10)...
[0870]   11.334 | 0.000 0.250 0.250 0.250 0.250 | 1.000 | 0.344 0.000
    TIMING: total=2.9s | estimate_prob=2.4s (86%) | cost_grad=0.0s (0%) | other=0.4s
    Finding equilibrium with integration (dur=10)...
    Finding equilibrium with integration (dur=10)...
    Finding equilibrium with integration (dur=10)...
    Finding equilibrium with integration (dur=10)...
    Finding equilibrium with integration (dur=10)...
    Finding equilibrium with integration (dur=10)...
    Finding equilibrium with integration (dur=10)...
    Finding equilibrium with integration (dur=10)...
    Finding equilibrium with integration (dur=10)...
    Finding equilibrium with integration (dur=10)...
[0880]   18.623 | 0.000 0.500 0.000 0.500 0.000 | 1.000 | 0.520 0.000
    TIMING: total=2.8s | estimate_prob=2.4s (86%) | cost_grad=0.0s (0%) | other=0.4s
    Finding equilibrium with integration (dur=10)...
    Finding equilibrium with integration (dur=10)...
    Finding equilibrium with integration (dur=10)...
    Finding equilibrium with integration (dur=10)...
    Finding equilibrium with integration (dur=10)...
    Finding equilibrium with integration (dur=10)...
    Finding equilibrium with integration (dur=10)...
    Finding equilibrium with integration (dur=10)...
    Finding equilibrium with integration (dur=10)...
    Finding equilibrium with integration (dur=10)...
[0890]   18.581 | 0.000 0.750 0.000 0.250 0.000 | 1.000 | 0.520 0.000
    TIMING: total=2.8s | estimate_prob=2.4s (86%) | cost_grad=0.0s (0%) | other=0.4s
    Finding equilibrium with integration (dur=10)...
    Finding equilibrium with integration (dur=10)...
    Finding equilibrium with integration (dur=10)...
    Finding equilibrium with integration (dur=10)...
    Finding equilibrium with integration (dur=10)...
    Finding equilibrium with integration (dur=10)...
    Finding equilibrium with integration (dur=10)...
    Finding equilibrium with integration (dur=10)...
    Finding equilibrium with integration (dur=10)...
    Finding equilibrium with integration (dur=10)...
[0900]    5.387 | 0.500 0.250 0.250 0.000 0.000 | 1.000 | 0.230 0.000
    TIMING: total=2.8s | estimate_prob=2.4s (86%) | cost_grad=0.0s (0%) | other=0.4s
    Finding equilibrium with integration (dur=10)...
    Finding equilibrium with integration (dur=10)...
    Finding equilibrium with integration (dur=10)...
    Finding equilibrium with integration (dur=10)...
    Finding equilibrium with integration (dur=10)...
    Finding equilibrium with integration (dur=10)...
    Finding equilibrium with integration (dur=10)...
    Finding equilibrium with integration (dur=10)...
    Finding equilibrium with integration (dur=10)...
    Finding equilibrium with integration (dur=10)...
[0910]   11.035 | 0.500 0.500 0.000 0.000 0.000 | 1.000 | 0.296 0.000
    TIMING: total=2.9s | estimate_prob=2.4s (85%) | cost_grad=0.0s (0%) | other=0.4s
    Finding equilibrium with integration (dur=10)...
    Finding equilibrium with integration (dur=10)...
    Finding equilibrium with integration (dur=10)...
    Finding equilibrium with integration (dur=10)...
    Finding equilibrium with integration (dur=10)...
    Finding equilibrium with integration (dur=10)...
    Finding equilibrium with integration (dur=10)...
    Finding equilibrium with integration (dur=10)...
    Finding equilibrium with integration (dur=10)...
    Finding equilibrium with integration (dur=10)...
[0920]   15.604 | 0.500 0.000 0.250 0.000 0.000 | 0.750 | 0.308 0.000
    TIMING: total=2.9s | estimate_prob=2.5s (86%) | cost_grad=0.0s (0%) | other=0.4s
    Finding equilibrium with integration (dur=10)...
    Finding equilibrium with integration (dur=10)...
    Finding equilibrium with integration (dur=10)...
    Finding equilibrium with integration (dur=10)...
    Finding equilibrium with integration (dur=10)...
    Finding equilibrium with integration (dur=10)...
    Finding equilibrium with integration (dur=10)...
    Finding equilibrium with integration (dur=10)...
    Finding equilibrium with integration (dur=10)...
    Finding equilibrium with integration (dur=10)...
[0930]   21.228 | 1.000 0.000 0.000 0.000 0.000 | 1.000 | 0.656 0.000
    TIMING: total=2.8s | estimate_prob=2.4s (86%) | cost_grad=0.0s (0%) | other=0.4s
    Finding equilibrium with integration (dur=10)...
    Finding equilibrium with integration (dur=10)...
    Finding equilibrium with integration (dur=10)...
    Finding equilibrium with integration (dur=10)...
    Finding equilibrium with integration (dur=10)...
    Finding equilibrium with integration (dur=10)...
    Finding equilibrium with integration (dur=10)...
    Finding equilibrium with integration (dur=10)...
    Finding equilibrium with integration (dur=10)...
    Finding equilibrium with integration (dur=10)...
[0940]    3.901 | 0.250 0.250 0.250 0.000 0.250 | 1.000 | 0.198 0.000
    TIMING: total=2.8s | estimate_prob=2.4s (85%) | cost_grad=0.0s (0%) | other=0.4s
    Finding equilibrium with integration (dur=10)...
    Finding equilibrium with integration (dur=10)...
    Finding equilibrium with integration (dur=10)...
    Finding equilibrium with integration (dur=10)...
    Finding equilibrium with integration (dur=10)...
    Finding equilibrium with integration (dur=10)...
    Finding equilibrium with integration (dur=10)...
    Finding equilibrium with integration (dur=10)...
    Finding equilibrium with integration (dur=10)...
    Finding equilibrium with integration (dur=10)...
[0950]    5.387 | 0.500 0.250 0.250 0.000 0.000 | 1.000 | 0.230 0.000
    TIMING: total=2.9s | estimate_prob=2.4s (86%) | cost_grad=0.0s (0%) | other=0.4s
    Finding equilibrium with integration (dur=10)...
    Finding equilibrium with integration (dur=10)...
    Finding equilibrium with integration (dur=10)...
    Finding equilibrium with integration (dur=10)...
    Finding equilibrium with integration (dur=10)...
    Finding equilibrium with integration (dur=10)...
    Finding equilibrium with integration (dur=10)...
    Finding equilibrium with integration (dur=10)...
    Finding equilibrium with integration (dur=10)...
    Finding equilibrium with integration (dur=10)...
[0960]   15.170 | 0.000 0.250 0.500 0.000 0.250 | 1.000 | 0.344 0.000
    TIMING: total=3.0s | estimate_prob=2.5s (86%) | cost_grad=0.0s (0%) | other=0.4s
    Finding equilibrium with integration (dur=10)...
    Finding equilibrium with integration (dur=10)...
    Finding equilibrium with integration (dur=10)...
    Finding equilibrium with integration (dur=10)...
    Finding equilibrium with integration (dur=10)...
    Finding equilibrium with integration (dur=10)...
    Finding equilibrium with integration (dur=10)...
    Finding equilibrium with integration (dur=10)...
    Finding equilibrium with integration (dur=10)...
    Finding equilibrium with integration (dur=10)...
[0970]   11.035 | 0.500 0.500 0.000 0.000 0.000 | 1.000 | 0.296 0.000
    TIMING: total=3.0s | estimate_prob=2.5s (86%) | cost_grad=0.0s (0%) | other=0.4s
    Finding equilibrium with integration (dur=10)...
    Finding equilibrium with integration (dur=10)...
    Finding equilibrium with integration (dur=10)...
    Finding equilibrium with integration (dur=10)...
    Finding equilibrium with integration (dur=10)...
    Finding equilibrium with integration (dur=10)...
    Finding equilibrium with integration (dur=10)...
    Finding equilibrium with integration (dur=10)...
    Finding equilibrium with integration (dur=10)...
    Finding equilibrium with integration (dur=10)...
[0980]   15.465 | 0.750 0.000 0.250 0.000 0.000 | 1.000 | 0.480 0.000
    TIMING: total=3.0s | estimate_prob=2.6s (86%) | cost_grad=0.0s (0%) | other=0.4s
    Finding equilibrium with integration (dur=10)...
    Finding equilibrium with integration (dur=10)...
    Finding equilibrium with integration (dur=10)...
    Finding equilibrium with integration (dur=10)...
    Finding equilibrium with integration (dur=10)...
    Finding equilibrium with integration (dur=10)...
    Finding equilibrium with integration (dur=10)...
    Finding equilibrium with integration (dur=10)...
    Finding equilibrium with integration (dur=10)...
    Finding equilibrium with integration (dur=10)...
[0990]   11.109 | 0.750 0.250 0.000 0.000 0.000 | 1.000 | 0.406 0.000
    TIMING: total=3.0s | estimate_prob=2.5s (85%) | cost_grad=0.0s (0%) | other=0.4s
    Finding equilibrium with integration (dur=10)...
    Finding equilibrium with integration (dur=10)...
    Finding equilibrium with integration (dur=10)...
    Finding equilibrium with integration (dur=10)...
    Finding equilibrium with integration (dur=10)...
    Finding equilibrium with integration (dur=10)...
    Finding equilibrium with integration (dur=10)...
    Finding equilibrium with integration (dur=10)...
    Finding equilibrium with integration (dur=10)...
    Finding equilibrium with integration (dur=10)...
[1000]   22.450 | 0.000 1.000 0.000 0.000 0.000 | 1.000 | 0.692 0.000
    TIMING: total=2.8s | estimate_prob=2.4s (86%) | cost_grad=0.0s (0%) | other=0.4s

======================================================================
Training complete!

========================================
=== WC Statistics AFTER Training ===
  WC type: sparse, nnz=2023
  WC sum: -818.000000
  WC diagonal sum: -2338.000000
  WC max: 5.860000, min: -10.000000
========================================
Final KL divergence: 16.068 (SD = 5.681)
Final production accuracy: 0.980 (SD = 0.068)

Final learned probabilities Q(S):
Sentence 0: Q = 0.335
Sentence 1: Q = 0.302
Sentence 2: Q = 0.180
Sentence 3: Q = 0.117
Sentence 4: Q = 0.045

======================================================================
Generating training plots (Figure 11)...
Note: plot_train_result() will display 3 separate plots
======================================================================

======================================================================
Testing parsing accuracy (Figure 12)...
======================================================================
Sentence 0 ACC = 1.000 (N Vi)
Sentence 1 ACC = 0.000 (N Vi P N)
Sentence 2 ACC = 0.500 (N BE Vpp)
Sentence 3 ACC = 1.000 (N BE Vpp P N)
Sentence 4 ACC = 0.500 (N Vpp P N Vi)
Commitment t= 1: Overall accuracy = 0.600
  S0 (N Vi): 1.000
  S1 (N Vi P N): 0.000
  S2 (N BE Vpp): 0.500
  S3 (N BE Vpp P N): 1.000
  S4 (N Vpp P N Vi): 0.500
Sentence 0 ACC = 0.900 (N Vi)
Sentence 1 ACC = 0.000 (N Vi P N)
Sentence 2 ACC = 0.600 (N BE Vpp)
Sentence 3 ACC = 1.000 (N BE Vpp P N)
Sentence 4 ACC = 0.900 (N Vpp P N Vi)
Commitment t= 2: Overall accuracy = 0.680
  S0 (N Vi): 0.900
  S1 (N Vi P N): 0.000
  S2 (N BE Vpp): 0.600
  S3 (N BE Vpp P N): 1.000
  S4 (N Vpp P N Vi): 0.900
Sentence 0 ACC = 1.000 (N Vi)
Sentence 1 ACC = 0.000 (N Vi P N)
Sentence 2 ACC = 0.900 (N BE Vpp)
Sentence 3 ACC = 1.000 (N BE Vpp P N)
Sentence 4 ACC = 0.800 (N Vpp P N Vi)
Commitment t= 3: Overall accuracy = 0.740
  S0 (N Vi): 1.000
  S1 (N Vi P N): 0.000
  S2 (N BE Vpp): 0.900
  S3 (N BE Vpp P N): 1.000
  S4 (N Vpp P N Vi): 0.800
Sentence 0 ACC = 1.000 (N Vi)
Sentence 1 ACC = 0.000 (N Vi P N)
Sentence 2 ACC = 1.000 (N BE Vpp)
Sentence 3 ACC = 1.000 (N BE Vpp P N)
Sentence 4 ACC = 0.800 (N Vpp P N Vi)
Commitment t= 4: Overall accuracy = 0.760
  S0 (N Vi): 1.000
  S1 (N Vi P N): 0.000
  S2 (N BE Vpp): 1.000
  S3 (N BE Vpp P N): 1.000
  S4 (N Vpp P N Vi): 0.800
Sentence 0 ACC = 1.000 (N Vi)
Sentence 1 ACC = 0.000 (N Vi P N)
Sentence 2 ACC = 1.000 (N BE Vpp)
Sentence 3 ACC = 0.600 (N BE Vpp P N)
Sentence 4 ACC = 0.300 (N Vpp P N Vi)
Commitment t= 5: Overall accuracy = 0.580
  S0 (N Vi): 1.000
  S1 (N Vi P N): 0.000
  S2 (N BE Vpp): 1.000
  S3 (N BE Vpp P N): 0.600
  S4 (N Vpp P N Vi): 0.300
Sentence 0 ACC = 1.000 (N Vi)
Sentence 1 ACC = 0.100 (N Vi P N)
Sentence 2 ACC = 1.000 (N BE Vpp)
Sentence 3 ACC = 0.700 (N BE Vpp P N)
Sentence 4 ACC = 0.000 (N Vpp P N Vi)
Commitment t= 6: Overall accuracy = 0.560
  S0 (N Vi): 1.000
  S1 (N Vi P N): 0.100
  S2 (N BE Vpp): 1.000
  S3 (N BE Vpp P N): 0.700
  S4 (N Vpp P N Vi): 0.000
Sentence 0 ACC = 1.000 (N Vi)
Sentence 1 ACC = 0.000 (N Vi P N)
Sentence 2 ACC = 1.000 (N BE Vpp)
Sentence 3 ACC = 0.300 (N BE Vpp P N)
Sentence 4 ACC = 0.000 (N Vpp P N Vi)
Commitment t= 7: Overall accuracy = 0.460
  S0 (N Vi): 1.000
  S1 (N Vi P N): 0.000
  S2 (N BE Vpp): 1.000
  S3 (N BE Vpp P N): 0.300
  S4 (N Vpp P N Vi): 0.000
Sentence 0 ACC = 1.000 (N Vi)
Sentence 1 ACC = 0.000 (N Vi P N)
Sentence 2 ACC = 1.000 (N BE Vpp)
Sentence 3 ACC = 0.300 (N BE Vpp P N)
Sentence 4 ACC = 0.000 (N Vpp P N Vi)
Commitment t= 8: Overall accuracy = 0.460
  S0 (N Vi): 1.000
  S1 (N Vi P N): 0.000
  S2 (N BE Vpp): 1.000
  S3 (N BE Vpp P N): 0.300
  S4 (N Vpp P N Vi): 0.000
Sentence 0 ACC = 1.000 (N Vi)
Sentence 1 ACC = 0.000 (N Vi P N)
Sentence 2 ACC = 1.000 (N BE Vpp)
Sentence 3 ACC = 0.400 (N BE Vpp P N)
Sentence 4 ACC = 0.000 (N Vpp P N Vi)
Commitment t= 9: Overall accuracy = 0.480
  S0 (N Vi): 1.000
  S1 (N Vi P N): 0.000
  S2 (N BE Vpp): 1.000
  S3 (N BE Vpp P N): 0.400
  S4 (N Vpp P N Vi): 0.000
Sentence 0 ACC = 1.000 (N Vi)
Sentence 1 ACC = 0.000 (N Vi P N)
Sentence 2 ACC = 0.600 (N BE Vpp)
Sentence 3 ACC = 0.200 (N BE Vpp P N)
Sentence 4 ACC = 0.000 (N Vpp P N Vi)
Commitment t=10: Overall accuracy = 0.360
  S0 (N Vi): 1.000
  S1 (N Vi P N): 0.000
  S2 (N BE Vpp): 0.600
  S3 (N BE Vpp P N): 0.200
  S4 (N Vpp P N Vi): 0.000
Sentence 0 ACC = 1.000 (N Vi)
Sentence 1 ACC = 0.000 (N Vi P N)
Sentence 2 ACC = 0.400 (N BE Vpp)
Sentence 3 ACC = 0.100 (N BE Vpp P N)
Sentence 4 ACC = 0.000 (N Vpp P N Vi)
Commitment t=11: Overall accuracy = 0.300
  S0 (N Vi): 1.000
  S1 (N Vi P N): 0.000
  S2 (N BE Vpp): 0.400
  S3 (N BE Vpp P N): 0.100
  S4 (N Vpp P N Vi): 0.000
Sentence 0 ACC = 1.000 (N Vi)
Sentence 1 ACC = 0.000 (N Vi P N)
Sentence 2 ACC = 0.300 (N BE Vpp)
Sentence 3 ACC = 0.400 (N BE Vpp P N)
Sentence 4 ACC = 0.000 (N Vpp P N Vi)
Commitment t=12: Overall accuracy = 0.340
  S0 (N Vi): 1.000
  S1 (N Vi P N): 0.000
  S2 (N BE Vpp): 0.300
  S3 (N BE Vpp P N): 0.400
  S4 (N Vpp P N Vi): 0.000

======================================================================
Generating treelet activation trajectories for each sentence type...
======================================================================

=== CORPUS SENTENCE ORDER ===
S0: N Vi
S1: N Vi P N
S2: N BE Vpp
S3: N BE Vpp P N
S4: N Vpp P N Vi
======================================================================

Generating plots for Sentence 0: N Vi
rules are [{'m': 'NP[1]:0', 'd1': '*N:0', 'd2': 'RC[1]:1', 'p': np.float64(1.0)}, {'m': 'PP[1]:1', 'd1': 'P:0', 'd2': 'N:1', 'p': np.float64(1.0)}, {'m': 'RC[1]:1', 'd1': '*Vpp:0', 'd2': 'PP[1]:1', 'p': np.float64(1.0)}, {'m': 'S[1]:0', 'd1': 'N:0', 'd2': 'Vi:1', 'p': np.float64(0.35)}, {'m': 'S[2]:0', 'd1': '*N:0', 'd2': 'VP[1]:1', 'p': np.float64(0.3)}, {'m': 'S[2]:0', 'd1': '*N:0', 'd2': 'VP[2]:1', 'p': np.float64(0.18)}, {'m': 'S[2]:0', 'd1': '*N:0', 'd2': 'VP[3]:1', 'p': np.float64(0.12)}, {'m': 'S[3]:0', 'd1': 'NP[1]:0', 'd2': '*Vi:1', 'p': np.float64(0.05)}, {'m': 'VP[1]:1', 'd1': '*Vi:0', 'd2': 'PP[1]:1', 'p': np.float64(0.5)}, {'m': 'VP[2]:1', 'd1': 'BE:0', 'd2': 'Vpp:1', 'p': np.float64(0.3)}, {'m': 'VP[3]:1', 'd1': '*BE:0', 'd2': 'VPpp[1]:1', 'p': np.float64(0.2)}, {'m': 'VPpp[1]:1', 'd1': '*Vpp:0', 'd2': 'PP[1]:1', 'p': np.float64(1.0)}, {'m': '*@:1', 'd1': None, 'd2': '@:1', 'p': None}, {'m': '*@:1', 'd1': None, 'd2': '*@:1', 'p': None}, {'m': '*BE:0', 'd1': 'BE:0', 'd2': None, 'p': None}, {'m': '*BE:0', 'd1': '*BE:0', 'd2': None, 'p': None}, {'m': '*N:0', 'd1': 'N:0', 'd2': None, 'p': None}, {'m': '*N:0', 'd1': '*N:0', 'd2': None, 'p': None}, {'m': '*Vi:0', 'd1': 'Vi:0', 'd2': None, 'p': None}, {'m': '*Vi:0', 'd1': '*Vi:0', 'd2': None, 'p': None}, {'m': '*Vi:1', 'd1': None, 'd2': 'Vi:1', 'p': None}, {'m': '*Vi:1', 'd1': None, 'd2': '*Vi:1', 'p': None}, {'m': '*Vpp:0', 'd1': 'Vpp:0', 'd2': None, 'p': None}, {'m': '*Vpp:0', 'd1': '*Vpp:0', 'd2': None, 'p': None}, {'m': '#:0', 'd1': 'S[1]:0', 'd2': '*@:1', 'p': None}, {'m': '#:0', 'd1': 'S[2]:0', 'd2': '*@:1', 'p': None}, {'m': '#:0', 'd1': 'S[3]:0', 'd2': '*@:1', 'p': None}]
labs are ['NP[1](*N,RC[1])', 'PP[1](P,N)', 'RC[1](*Vpp,PP[1])', 'S[1](N,Vi)', 'S[2](*N,VP[1])', 'S[2](*N,VP[2])', 'S[2](*N,VP[3])', 'S[3](NP[1],*Vi)', 'VP[1](*Vi,PP[1])', 'VP[2](BE,Vpp)', 'VP[3](*BE,VPpp[1])', 'VPpp[1](*Vpp,PP[1])', '*@(,@)', '*@(,*@)', '*BE(BE,)', '*BE(*BE,)', '*N(N,)', '*N(*N,)', '*Vi(Vi,)', '*Vi(*Vi,)', '*Vi(,Vi)', '*Vi(,*Vi)', '*Vpp(Vpp,)', '*Vpp(*Vpp,)', '#(S[1],*@)', '#(S[2],*@)', '#(S[3],*@)']
focus_idx is [ 3 16 20 17]
labs_focus is ['S[1](N,Vi)', '*N(N,)', '*Vi(,Vi)', '*N(*N,)']
rules are [{'m': 'NP[1]:0', 'd1': '*N:0', 'd2': 'RC[1]:1', 'p': np.float64(1.0)}, {'m': 'PP[1]:1', 'd1': 'P:0', 'd2': 'N:1', 'p': np.float64(1.0)}, {'m': 'RC[1]:1', 'd1': '*Vpp:0', 'd2': 'PP[1]:1', 'p': np.float64(1.0)}, {'m': 'S[1]:0', 'd1': 'N:0', 'd2': 'Vi:1', 'p': np.float64(0.35)}, {'m': 'S[2]:0', 'd1': '*N:0', 'd2': 'VP[1]:1', 'p': np.float64(0.3)}, {'m': 'S[2]:0', 'd1': '*N:0', 'd2': 'VP[2]:1', 'p': np.float64(0.18)}, {'m': 'S[2]:0', 'd1': '*N:0', 'd2': 'VP[3]:1', 'p': np.float64(0.12)}, {'m': 'S[3]:0', 'd1': 'NP[1]:0', 'd2': '*Vi:1', 'p': np.float64(0.05)}, {'m': 'VP[1]:1', 'd1': '*Vi:0', 'd2': 'PP[1]:1', 'p': np.float64(0.5)}, {'m': 'VP[2]:1', 'd1': 'BE:0', 'd2': 'Vpp:1', 'p': np.float64(0.3)}, {'m': 'VP[3]:1', 'd1': '*BE:0', 'd2': 'VPpp[1]:1', 'p': np.float64(0.2)}, {'m': 'VPpp[1]:1', 'd1': '*Vpp:0', 'd2': 'PP[1]:1', 'p': np.float64(1.0)}, {'m': '*@:1', 'd1': None, 'd2': '@:1', 'p': None}, {'m': '*@:1', 'd1': None, 'd2': '*@:1', 'p': None}, {'m': '*BE:0', 'd1': 'BE:0', 'd2': None, 'p': None}, {'m': '*BE:0', 'd1': '*BE:0', 'd2': None, 'p': None}, {'m': '*N:0', 'd1': 'N:0', 'd2': None, 'p': None}, {'m': '*N:0', 'd1': '*N:0', 'd2': None, 'p': None}, {'m': '*Vi:0', 'd1': 'Vi:0', 'd2': None, 'p': None}, {'m': '*Vi:0', 'd1': '*Vi:0', 'd2': None, 'p': None}, {'m': '*Vi:1', 'd1': None, 'd2': 'Vi:1', 'p': None}, {'m': '*Vi:1', 'd1': None, 'd2': '*Vi:1', 'p': None}, {'m': '*Vpp:0', 'd1': 'Vpp:0', 'd2': None, 'p': None}, {'m': '*Vpp:0', 'd1': '*Vpp:0', 'd2': None, 'p': None}, {'m': '#:0', 'd1': 'S[1]:0', 'd2': '*@:1', 'p': None}, {'m': '#:0', 'd1': 'S[2]:0', 'd2': '*@:1', 'p': None}, {'m': '#:0', 'd1': 'S[3]:0', 'd2': '*@:1', 'p': None}]
labs are ['NP[1](*N,RC[1])', 'PP[1](P,N)', 'RC[1](*Vpp,PP[1])', 'S[1](N,Vi)', 'S[2](*N,VP[1])', 'S[2](*N,VP[2])', 'S[2](*N,VP[3])', 'S[3](NP[1],*Vi)', 'VP[1](*Vi,PP[1])', 'VP[2](BE,Vpp)', 'VP[3](*BE,VPpp[1])', 'VPpp[1](*Vpp,PP[1])', '*@(,@)', '*@(,*@)', '*BE(BE,)', '*BE(*BE,)', '*N(N,)', '*N(*N,)', '*Vi(Vi,)', '*Vi(*Vi,)', '*Vi(,Vi)', '*Vi(,*Vi)', '*Vpp(Vpp,)', '*Vpp(*Vpp,)', '#(S[1],*@)', '#(S[2],*@)', '#(S[3],*@)']
focus_idx is [13 12 25 26]
labs_focus is ['*@(,*@)', '*@(,@)', '#(S[2],*@)', '#(S[3],*@)']

Generating plots for Sentence 1: N Vi P N
rules are [{'m': 'NP[1]:0', 'd1': '*N:0', 'd2': 'RC[1]:1', 'p': np.float64(1.0)}, {'m': 'PP[1]:1', 'd1': 'P:0', 'd2': 'N:1', 'p': np.float64(1.0)}, {'m': 'RC[1]:1', 'd1': '*Vpp:0', 'd2': 'PP[1]:1', 'p': np.float64(1.0)}, {'m': 'S[1]:0', 'd1': 'N:0', 'd2': 'Vi:1', 'p': np.float64(0.35)}, {'m': 'S[2]:0', 'd1': '*N:0', 'd2': 'VP[1]:1', 'p': np.float64(0.3)}, {'m': 'S[2]:0', 'd1': '*N:0', 'd2': 'VP[2]:1', 'p': np.float64(0.18)}, {'m': 'S[2]:0', 'd1': '*N:0', 'd2': 'VP[3]:1', 'p': np.float64(0.12)}, {'m': 'S[3]:0', 'd1': 'NP[1]:0', 'd2': '*Vi:1', 'p': np.float64(0.05)}, {'m': 'VP[1]:1', 'd1': '*Vi:0', 'd2': 'PP[1]:1', 'p': np.float64(0.5)}, {'m': 'VP[2]:1', 'd1': 'BE:0', 'd2': 'Vpp:1', 'p': np.float64(0.3)}, {'m': 'VP[3]:1', 'd1': '*BE:0', 'd2': 'VPpp[1]:1', 'p': np.float64(0.2)}, {'m': 'VPpp[1]:1', 'd1': '*Vpp:0', 'd2': 'PP[1]:1', 'p': np.float64(1.0)}, {'m': '*@:1', 'd1': None, 'd2': '@:1', 'p': None}, {'m': '*@:1', 'd1': None, 'd2': '*@:1', 'p': None}, {'m': '*BE:0', 'd1': 'BE:0', 'd2': None, 'p': None}, {'m': '*BE:0', 'd1': '*BE:0', 'd2': None, 'p': None}, {'m': '*N:0', 'd1': 'N:0', 'd2': None, 'p': None}, {'m': '*N:0', 'd1': '*N:0', 'd2': None, 'p': None}, {'m': '*Vi:0', 'd1': 'Vi:0', 'd2': None, 'p': None}, {'m': '*Vi:0', 'd1': '*Vi:0', 'd2': None, 'p': None}, {'m': '*Vi:1', 'd1': None, 'd2': 'Vi:1', 'p': None}, {'m': '*Vi:1', 'd1': None, 'd2': '*Vi:1', 'p': None}, {'m': '*Vpp:0', 'd1': 'Vpp:0', 'd2': None, 'p': None}, {'m': '*Vpp:0', 'd1': '*Vpp:0', 'd2': None, 'p': None}, {'m': '#:0', 'd1': 'S[1]:0', 'd2': '*@:1', 'p': None}, {'m': '#:0', 'd1': 'S[2]:0', 'd2': '*@:1', 'p': None}, {'m': '#:0', 'd1': 'S[3]:0', 'd2': '*@:1', 'p': None}]
labs are ['NP[1](*N,RC[1])', 'PP[1](P,N)', 'RC[1](*Vpp,PP[1])', 'S[1](N,Vi)', 'S[2](*N,VP[1])', 'S[2](*N,VP[2])', 'S[2](*N,VP[3])', 'S[3](NP[1],*Vi)', 'VP[1](*Vi,PP[1])', 'VP[2](BE,Vpp)', 'VP[3](*BE,VPpp[1])', 'VPpp[1](*Vpp,PP[1])', '*@(,@)', '*@(,*@)', '*BE(BE,)', '*BE(*BE,)', '*N(N,)', '*N(*N,)', '*Vi(Vi,)', '*Vi(*Vi,)', '*Vi(,Vi)', '*Vi(,*Vi)', '*Vpp(Vpp,)', '*Vpp(*Vpp,)', '#(S[1],*@)', '#(S[2],*@)', '#(S[3],*@)']
focus_idx is [ 3 16 20 17]
labs_focus is ['S[1](N,Vi)', '*N(N,)', '*Vi(,Vi)', '*N(*N,)']
rules are [{'m': 'NP[1]:0', 'd1': '*N:0', 'd2': 'RC[1]:1', 'p': np.float64(1.0)}, {'m': 'PP[1]:1', 'd1': 'P:0', 'd2': 'N:1', 'p': np.float64(1.0)}, {'m': 'RC[1]:1', 'd1': '*Vpp:0', 'd2': 'PP[1]:1', 'p': np.float64(1.0)}, {'m': 'S[1]:0', 'd1': 'N:0', 'd2': 'Vi:1', 'p': np.float64(0.35)}, {'m': 'S[2]:0', 'd1': '*N:0', 'd2': 'VP[1]:1', 'p': np.float64(0.3)}, {'m': 'S[2]:0', 'd1': '*N:0', 'd2': 'VP[2]:1', 'p': np.float64(0.18)}, {'m': 'S[2]:0', 'd1': '*N:0', 'd2': 'VP[3]:1', 'p': np.float64(0.12)}, {'m': 'S[3]:0', 'd1': 'NP[1]:0', 'd2': '*Vi:1', 'p': np.float64(0.05)}, {'m': 'VP[1]:1', 'd1': '*Vi:0', 'd2': 'PP[1]:1', 'p': np.float64(0.5)}, {'m': 'VP[2]:1', 'd1': 'BE:0', 'd2': 'Vpp:1', 'p': np.float64(0.3)}, {'m': 'VP[3]:1', 'd1': '*BE:0', 'd2': 'VPpp[1]:1', 'p': np.float64(0.2)}, {'m': 'VPpp[1]:1', 'd1': '*Vpp:0', 'd2': 'PP[1]:1', 'p': np.float64(1.0)}, {'m': '*@:1', 'd1': None, 'd2': '@:1', 'p': None}, {'m': '*@:1', 'd1': None, 'd2': '*@:1', 'p': None}, {'m': '*BE:0', 'd1': 'BE:0', 'd2': None, 'p': None}, {'m': '*BE:0', 'd1': '*BE:0', 'd2': None, 'p': None}, {'m': '*N:0', 'd1': 'N:0', 'd2': None, 'p': None}, {'m': '*N:0', 'd1': '*N:0', 'd2': None, 'p': None}, {'m': '*Vi:0', 'd1': 'Vi:0', 'd2': None, 'p': None}, {'m': '*Vi:0', 'd1': '*Vi:0', 'd2': None, 'p': None}, {'m': '*Vi:1', 'd1': None, 'd2': 'Vi:1', 'p': None}, {'m': '*Vi:1', 'd1': None, 'd2': '*Vi:1', 'p': None}, {'m': '*Vpp:0', 'd1': 'Vpp:0', 'd2': None, 'p': None}, {'m': '*Vpp:0', 'd1': '*Vpp:0', 'd2': None, 'p': None}, {'m': '#:0', 'd1': 'S[1]:0', 'd2': '*@:1', 'p': None}, {'m': '#:0', 'd1': 'S[2]:0', 'd2': '*@:1', 'p': None}, {'m': '#:0', 'd1': 'S[3]:0', 'd2': '*@:1', 'p': None}]
labs are ['NP[1](*N,RC[1])', 'PP[1](P,N)', 'RC[1](*Vpp,PP[1])', 'S[1](N,Vi)', 'S[2](*N,VP[1])', 'S[2](*N,VP[2])', 'S[2](*N,VP[3])', 'S[3](NP[1],*Vi)', 'VP[1](*Vi,PP[1])', 'VP[2](BE,Vpp)', 'VP[3](*BE,VPpp[1])', 'VPpp[1](*Vpp,PP[1])', '*@(,@)', '*@(,*@)', '*BE(BE,)', '*BE(*BE,)', '*N(N,)', '*N(*N,)', '*Vi(Vi,)', '*Vi(*Vi,)', '*Vi(,Vi)', '*Vi(,*Vi)', '*Vpp(Vpp,)', '*Vpp(*Vpp,)', '#(S[1],*@)', '#(S[2],*@)', '#(S[3],*@)']
focus_idx is [13 12 25 24]
labs_focus is ['*@(,*@)', '*@(,@)', '#(S[2],*@)', '#(S[1],*@)']

Generating plots for Sentence 2: N BE Vpp
rules are [{'m': 'NP[1]:0', 'd1': '*N:0', 'd2': 'RC[1]:1', 'p': np.float64(1.0)}, {'m': 'PP[1]:1', 'd1': 'P:0', 'd2': 'N:1', 'p': np.float64(1.0)}, {'m': 'RC[1]:1', 'd1': '*Vpp:0', 'd2': 'PP[1]:1', 'p': np.float64(1.0)}, {'m': 'S[1]:0', 'd1': 'N:0', 'd2': 'Vi:1', 'p': np.float64(0.35)}, {'m': 'S[2]:0', 'd1': '*N:0', 'd2': 'VP[1]:1', 'p': np.float64(0.3)}, {'m': 'S[2]:0', 'd1': '*N:0', 'd2': 'VP[2]:1', 'p': np.float64(0.18)}, {'m': 'S[2]:0', 'd1': '*N:0', 'd2': 'VP[3]:1', 'p': np.float64(0.12)}, {'m': 'S[3]:0', 'd1': 'NP[1]:0', 'd2': '*Vi:1', 'p': np.float64(0.05)}, {'m': 'VP[1]:1', 'd1': '*Vi:0', 'd2': 'PP[1]:1', 'p': np.float64(0.5)}, {'m': 'VP[2]:1', 'd1': 'BE:0', 'd2': 'Vpp:1', 'p': np.float64(0.3)}, {'m': 'VP[3]:1', 'd1': '*BE:0', 'd2': 'VPpp[1]:1', 'p': np.float64(0.2)}, {'m': 'VPpp[1]:1', 'd1': '*Vpp:0', 'd2': 'PP[1]:1', 'p': np.float64(1.0)}, {'m': '*@:1', 'd1': None, 'd2': '@:1', 'p': None}, {'m': '*@:1', 'd1': None, 'd2': '*@:1', 'p': None}, {'m': '*BE:0', 'd1': 'BE:0', 'd2': None, 'p': None}, {'m': '*BE:0', 'd1': '*BE:0', 'd2': None, 'p': None}, {'m': '*N:0', 'd1': 'N:0', 'd2': None, 'p': None}, {'m': '*N:0', 'd1': '*N:0', 'd2': None, 'p': None}, {'m': '*Vi:0', 'd1': 'Vi:0', 'd2': None, 'p': None}, {'m': '*Vi:0', 'd1': '*Vi:0', 'd2': None, 'p': None}, {'m': '*Vi:1', 'd1': None, 'd2': 'Vi:1', 'p': None}, {'m': '*Vi:1', 'd1': None, 'd2': '*Vi:1', 'p': None}, {'m': '*Vpp:0', 'd1': 'Vpp:0', 'd2': None, 'p': None}, {'m': '*Vpp:0', 'd1': '*Vpp:0', 'd2': None, 'p': None}, {'m': '#:0', 'd1': 'S[1]:0', 'd2': '*@:1', 'p': None}, {'m': '#:0', 'd1': 'S[2]:0', 'd2': '*@:1', 'p': None}, {'m': '#:0', 'd1': 'S[3]:0', 'd2': '*@:1', 'p': None}]
labs are ['NP[1](*N,RC[1])', 'PP[1](P,N)', 'RC[1](*Vpp,PP[1])', 'S[1](N,Vi)', 'S[2](*N,VP[1])', 'S[2](*N,VP[2])', 'S[2](*N,VP[3])', 'S[3](NP[1],*Vi)', 'VP[1](*Vi,PP[1])', 'VP[2](BE,Vpp)', 'VP[3](*BE,VPpp[1])', 'VPpp[1](*Vpp,PP[1])', '*@(,@)', '*@(,*@)', '*BE(BE,)', '*BE(*BE,)', '*N(N,)', '*N(*N,)', '*Vi(Vi,)', '*Vi(*Vi,)', '*Vi(,Vi)', '*Vi(,*Vi)', '*Vpp(Vpp,)', '*Vpp(*Vpp,)', '#(S[1],*@)', '#(S[2],*@)', '#(S[3],*@)']
focus_idx is [16 17  3  6]
labs_focus is ['*N(N,)', '*N(*N,)', 'S[1](N,Vi)', 'S[2](*N,VP[3])']
rules are [{'m': 'NP[1]:0', 'd1': '*N:0', 'd2': 'RC[1]:1', 'p': np.float64(1.0)}, {'m': 'PP[1]:1', 'd1': 'P:0', 'd2': 'N:1', 'p': np.float64(1.0)}, {'m': 'RC[1]:1', 'd1': '*Vpp:0', 'd2': 'PP[1]:1', 'p': np.float64(1.0)}, {'m': 'S[1]:0', 'd1': 'N:0', 'd2': 'Vi:1', 'p': np.float64(0.35)}, {'m': 'S[2]:0', 'd1': '*N:0', 'd2': 'VP[1]:1', 'p': np.float64(0.3)}, {'m': 'S[2]:0', 'd1': '*N:0', 'd2': 'VP[2]:1', 'p': np.float64(0.18)}, {'m': 'S[2]:0', 'd1': '*N:0', 'd2': 'VP[3]:1', 'p': np.float64(0.12)}, {'m': 'S[3]:0', 'd1': 'NP[1]:0', 'd2': '*Vi:1', 'p': np.float64(0.05)}, {'m': 'VP[1]:1', 'd1': '*Vi:0', 'd2': 'PP[1]:1', 'p': np.float64(0.5)}, {'m': 'VP[2]:1', 'd1': 'BE:0', 'd2': 'Vpp:1', 'p': np.float64(0.3)}, {'m': 'VP[3]:1', 'd1': '*BE:0', 'd2': 'VPpp[1]:1', 'p': np.float64(0.2)}, {'m': 'VPpp[1]:1', 'd1': '*Vpp:0', 'd2': 'PP[1]:1', 'p': np.float64(1.0)}, {'m': '*@:1', 'd1': None, 'd2': '@:1', 'p': None}, {'m': '*@:1', 'd1': None, 'd2': '*@:1', 'p': None}, {'m': '*BE:0', 'd1': 'BE:0', 'd2': None, 'p': None}, {'m': '*BE:0', 'd1': '*BE:0', 'd2': None, 'p': None}, {'m': '*N:0', 'd1': 'N:0', 'd2': None, 'p': None}, {'m': '*N:0', 'd1': '*N:0', 'd2': None, 'p': None}, {'m': '*Vi:0', 'd1': 'Vi:0', 'd2': None, 'p': None}, {'m': '*Vi:0', 'd1': '*Vi:0', 'd2': None, 'p': None}, {'m': '*Vi:1', 'd1': None, 'd2': 'Vi:1', 'p': None}, {'m': '*Vi:1', 'd1': None, 'd2': '*Vi:1', 'p': None}, {'m': '*Vpp:0', 'd1': 'Vpp:0', 'd2': None, 'p': None}, {'m': '*Vpp:0', 'd1': '*Vpp:0', 'd2': None, 'p': None}, {'m': '#:0', 'd1': 'S[1]:0', 'd2': '*@:1', 'p': None}, {'m': '#:0', 'd1': 'S[2]:0', 'd2': '*@:1', 'p': None}, {'m': '#:0', 'd1': 'S[3]:0', 'd2': '*@:1', 'p': None}]
labs are ['NP[1](*N,RC[1])', 'PP[1](P,N)', 'RC[1](*Vpp,PP[1])', 'S[1](N,Vi)', 'S[2](*N,VP[1])', 'S[2](*N,VP[2])', 'S[2](*N,VP[3])', 'S[3](NP[1],*Vi)', 'VP[1](*Vi,PP[1])', 'VP[2](BE,Vpp)', 'VP[3](*BE,VPpp[1])', 'VPpp[1](*Vpp,PP[1])', '*@(,@)', '*@(,*@)', '*BE(BE,)', '*BE(*BE,)', '*N(N,)', '*N(*N,)', '*Vi(Vi,)', '*Vi(*Vi,)', '*Vi(,Vi)', '*Vi(,*Vi)', '*Vpp(Vpp,)', '*Vpp(*Vpp,)', '#(S[1],*@)', '#(S[2],*@)', '#(S[3],*@)']
focus_idx is [13 12 25 24]
labs_focus is ['*@(,*@)', '*@(,@)', '#(S[2],*@)', '#(S[1],*@)']

Generating plots for Sentence 3: N BE Vpp P N
rules are [{'m': 'NP[1]:0', 'd1': '*N:0', 'd2': 'RC[1]:1', 'p': np.float64(1.0)}, {'m': 'PP[1]:1', 'd1': 'P:0', 'd2': 'N:1', 'p': np.float64(1.0)}, {'m': 'RC[1]:1', 'd1': '*Vpp:0', 'd2': 'PP[1]:1', 'p': np.float64(1.0)}, {'m': 'S[1]:0', 'd1': 'N:0', 'd2': 'Vi:1', 'p': np.float64(0.35)}, {'m': 'S[2]:0', 'd1': '*N:0', 'd2': 'VP[1]:1', 'p': np.float64(0.3)}, {'m': 'S[2]:0', 'd1': '*N:0', 'd2': 'VP[2]:1', 'p': np.float64(0.18)}, {'m': 'S[2]:0', 'd1': '*N:0', 'd2': 'VP[3]:1', 'p': np.float64(0.12)}, {'m': 'S[3]:0', 'd1': 'NP[1]:0', 'd2': '*Vi:1', 'p': np.float64(0.05)}, {'m': 'VP[1]:1', 'd1': '*Vi:0', 'd2': 'PP[1]:1', 'p': np.float64(0.5)}, {'m': 'VP[2]:1', 'd1': 'BE:0', 'd2': 'Vpp:1', 'p': np.float64(0.3)}, {'m': 'VP[3]:1', 'd1': '*BE:0', 'd2': 'VPpp[1]:1', 'p': np.float64(0.2)}, {'m': 'VPpp[1]:1', 'd1': '*Vpp:0', 'd2': 'PP[1]:1', 'p': np.float64(1.0)}, {'m': '*@:1', 'd1': None, 'd2': '@:1', 'p': None}, {'m': '*@:1', 'd1': None, 'd2': '*@:1', 'p': None}, {'m': '*BE:0', 'd1': 'BE:0', 'd2': None, 'p': None}, {'m': '*BE:0', 'd1': '*BE:0', 'd2': None, 'p': None}, {'m': '*N:0', 'd1': 'N:0', 'd2': None, 'p': None}, {'m': '*N:0', 'd1': '*N:0', 'd2': None, 'p': None}, {'m': '*Vi:0', 'd1': 'Vi:0', 'd2': None, 'p': None}, {'m': '*Vi:0', 'd1': '*Vi:0', 'd2': None, 'p': None}, {'m': '*Vi:1', 'd1': None, 'd2': 'Vi:1', 'p': None}, {'m': '*Vi:1', 'd1': None, 'd2': '*Vi:1', 'p': None}, {'m': '*Vpp:0', 'd1': 'Vpp:0', 'd2': None, 'p': None}, {'m': '*Vpp:0', 'd1': '*Vpp:0', 'd2': None, 'p': None}, {'m': '#:0', 'd1': 'S[1]:0', 'd2': '*@:1', 'p': None}, {'m': '#:0', 'd1': 'S[2]:0', 'd2': '*@:1', 'p': None}, {'m': '#:0', 'd1': 'S[3]:0', 'd2': '*@:1', 'p': None}]
labs are ['NP[1](*N,RC[1])', 'PP[1](P,N)', 'RC[1](*Vpp,PP[1])', 'S[1](N,Vi)', 'S[2](*N,VP[1])', 'S[2](*N,VP[2])', 'S[2](*N,VP[3])', 'S[3](NP[1],*Vi)', 'VP[1](*Vi,PP[1])', 'VP[2](BE,Vpp)', 'VP[3](*BE,VPpp[1])', 'VPpp[1](*Vpp,PP[1])', '*@(,@)', '*@(,*@)', '*BE(BE,)', '*BE(*BE,)', '*N(N,)', '*N(*N,)', '*Vi(Vi,)', '*Vi(*Vi,)', '*Vi(,Vi)', '*Vi(,*Vi)', '*Vpp(Vpp,)', '*Vpp(*Vpp,)', '#(S[1],*@)', '#(S[2],*@)', '#(S[3],*@)']
focus_idx is [16 17  3  5]
labs_focus is ['*N(N,)', '*N(*N,)', 'S[1](N,Vi)', 'S[2](*N,VP[2])']
rules are [{'m': 'NP[1]:0', 'd1': '*N:0', 'd2': 'RC[1]:1', 'p': np.float64(1.0)}, {'m': 'PP[1]:1', 'd1': 'P:0', 'd2': 'N:1', 'p': np.float64(1.0)}, {'m': 'RC[1]:1', 'd1': '*Vpp:0', 'd2': 'PP[1]:1', 'p': np.float64(1.0)}, {'m': 'S[1]:0', 'd1': 'N:0', 'd2': 'Vi:1', 'p': np.float64(0.35)}, {'m': 'S[2]:0', 'd1': '*N:0', 'd2': 'VP[1]:1', 'p': np.float64(0.3)}, {'m': 'S[2]:0', 'd1': '*N:0', 'd2': 'VP[2]:1', 'p': np.float64(0.18)}, {'m': 'S[2]:0', 'd1': '*N:0', 'd2': 'VP[3]:1', 'p': np.float64(0.12)}, {'m': 'S[3]:0', 'd1': 'NP[1]:0', 'd2': '*Vi:1', 'p': np.float64(0.05)}, {'m': 'VP[1]:1', 'd1': '*Vi:0', 'd2': 'PP[1]:1', 'p': np.float64(0.5)}, {'m': 'VP[2]:1', 'd1': 'BE:0', 'd2': 'Vpp:1', 'p': np.float64(0.3)}, {'m': 'VP[3]:1', 'd1': '*BE:0', 'd2': 'VPpp[1]:1', 'p': np.float64(0.2)}, {'m': 'VPpp[1]:1', 'd1': '*Vpp:0', 'd2': 'PP[1]:1', 'p': np.float64(1.0)}, {'m': '*@:1', 'd1': None, 'd2': '@:1', 'p': None}, {'m': '*@:1', 'd1': None, 'd2': '*@:1', 'p': None}, {'m': '*BE:0', 'd1': 'BE:0', 'd2': None, 'p': None}, {'m': '*BE:0', 'd1': '*BE:0', 'd2': None, 'p': None}, {'m': '*N:0', 'd1': 'N:0', 'd2': None, 'p': None}, {'m': '*N:0', 'd1': '*N:0', 'd2': None, 'p': None}, {'m': '*Vi:0', 'd1': 'Vi:0', 'd2': None, 'p': None}, {'m': '*Vi:0', 'd1': '*Vi:0', 'd2': None, 'p': None}, {'m': '*Vi:1', 'd1': None, 'd2': 'Vi:1', 'p': None}, {'m': '*Vi:1', 'd1': None, 'd2': '*Vi:1', 'p': None}, {'m': '*Vpp:0', 'd1': 'Vpp:0', 'd2': None, 'p': None}, {'m': '*Vpp:0', 'd1': '*Vpp:0', 'd2': None, 'p': None}, {'m': '#:0', 'd1': 'S[1]:0', 'd2': '*@:1', 'p': None}, {'m': '#:0', 'd1': 'S[2]:0', 'd2': '*@:1', 'p': None}, {'m': '#:0', 'd1': 'S[3]:0', 'd2': '*@:1', 'p': None}]
labs are ['NP[1](*N,RC[1])', 'PP[1](P,N)', 'RC[1](*Vpp,PP[1])', 'S[1](N,Vi)', 'S[2](*N,VP[1])', 'S[2](*N,VP[2])', 'S[2](*N,VP[3])', 'S[3](NP[1],*Vi)', 'VP[1](*Vi,PP[1])', 'VP[2](BE,Vpp)', 'VP[3](*BE,VPpp[1])', 'VPpp[1](*Vpp,PP[1])', '*@(,@)', '*@(,*@)', '*BE(BE,)', '*BE(*BE,)', '*N(N,)', '*N(*N,)', '*Vi(Vi,)', '*Vi(*Vi,)', '*Vi(,Vi)', '*Vi(,*Vi)', '*Vpp(Vpp,)', '*Vpp(*Vpp,)', '#(S[1],*@)', '#(S[2],*@)', '#(S[3],*@)']
focus_idx is [13 12 25 24]
labs_focus is ['*@(,*@)', '*@(,@)', '#(S[2],*@)', '#(S[1],*@)']

Generating plots for Sentence 4: N Vpp P N Vi
rules are [{'m': 'NP[1]:0', 'd1': '*N:0', 'd2': 'RC[1]:1', 'p': np.float64(1.0)}, {'m': 'PP[1]:1', 'd1': 'P:0', 'd2': 'N:1', 'p': np.float64(1.0)}, {'m': 'RC[1]:1', 'd1': '*Vpp:0', 'd2': 'PP[1]:1', 'p': np.float64(1.0)}, {'m': 'S[1]:0', 'd1': 'N:0', 'd2': 'Vi:1', 'p': np.float64(0.35)}, {'m': 'S[2]:0', 'd1': '*N:0', 'd2': 'VP[1]:1', 'p': np.float64(0.3)}, {'m': 'S[2]:0', 'd1': '*N:0', 'd2': 'VP[2]:1', 'p': np.float64(0.18)}, {'m': 'S[2]:0', 'd1': '*N:0', 'd2': 'VP[3]:1', 'p': np.float64(0.12)}, {'m': 'S[3]:0', 'd1': 'NP[1]:0', 'd2': '*Vi:1', 'p': np.float64(0.05)}, {'m': 'VP[1]:1', 'd1': '*Vi:0', 'd2': 'PP[1]:1', 'p': np.float64(0.5)}, {'m': 'VP[2]:1', 'd1': 'BE:0', 'd2': 'Vpp:1', 'p': np.float64(0.3)}, {'m': 'VP[3]:1', 'd1': '*BE:0', 'd2': 'VPpp[1]:1', 'p': np.float64(0.2)}, {'m': 'VPpp[1]:1', 'd1': '*Vpp:0', 'd2': 'PP[1]:1', 'p': np.float64(1.0)}, {'m': '*@:1', 'd1': None, 'd2': '@:1', 'p': None}, {'m': '*@:1', 'd1': None, 'd2': '*@:1', 'p': None}, {'m': '*BE:0', 'd1': 'BE:0', 'd2': None, 'p': None}, {'m': '*BE:0', 'd1': '*BE:0', 'd2': None, 'p': None}, {'m': '*N:0', 'd1': 'N:0', 'd2': None, 'p': None}, {'m': '*N:0', 'd1': '*N:0', 'd2': None, 'p': None}, {'m': '*Vi:0', 'd1': 'Vi:0', 'd2': None, 'p': None}, {'m': '*Vi:0', 'd1': '*Vi:0', 'd2': None, 'p': None}, {'m': '*Vi:1', 'd1': None, 'd2': 'Vi:1', 'p': None}, {'m': '*Vi:1', 'd1': None, 'd2': '*Vi:1', 'p': None}, {'m': '*Vpp:0', 'd1': 'Vpp:0', 'd2': None, 'p': None}, {'m': '*Vpp:0', 'd1': '*Vpp:0', 'd2': None, 'p': None}, {'m': '#:0', 'd1': 'S[1]:0', 'd2': '*@:1', 'p': None}, {'m': '#:0', 'd1': 'S[2]:0', 'd2': '*@:1', 'p': None}, {'m': '#:0', 'd1': 'S[3]:0', 'd2': '*@:1', 'p': None}]
labs are ['NP[1](*N,RC[1])', 'PP[1](P,N)', 'RC[1](*Vpp,PP[1])', 'S[1](N,Vi)', 'S[2](*N,VP[1])', 'S[2](*N,VP[2])', 'S[2](*N,VP[3])', 'S[3](NP[1],*Vi)', 'VP[1](*Vi,PP[1])', 'VP[2](BE,Vpp)', 'VP[3](*BE,VPpp[1])', 'VPpp[1](*Vpp,PP[1])', '*@(,@)', '*@(,*@)', '*BE(BE,)', '*BE(*BE,)', '*N(N,)', '*N(*N,)', '*Vi(Vi,)', '*Vi(*Vi,)', '*Vi(,Vi)', '*Vi(,*Vi)', '*Vpp(Vpp,)', '*Vpp(*Vpp,)', '#(S[1],*@)', '#(S[2],*@)', '#(S[3],*@)']
focus_idx is [16 17  3  4]
labs_focus is ['*N(N,)', '*N(*N,)', 'S[1](N,Vi)', 'S[2](*N,VP[1])']
rules are [{'m': 'NP[1]:0', 'd1': '*N:0', 'd2': 'RC[1]:1', 'p': np.float64(1.0)}, {'m': 'PP[1]:1', 'd1': 'P:0', 'd2': 'N:1', 'p': np.float64(1.0)}, {'m': 'RC[1]:1', 'd1': '*Vpp:0', 'd2': 'PP[1]:1', 'p': np.float64(1.0)}, {'m': 'S[1]:0', 'd1': 'N:0', 'd2': 'Vi:1', 'p': np.float64(0.35)}, {'m': 'S[2]:0', 'd1': '*N:0', 'd2': 'VP[1]:1', 'p': np.float64(0.3)}, {'m': 'S[2]:0', 'd1': '*N:0', 'd2': 'VP[2]:1', 'p': np.float64(0.18)}, {'m': 'S[2]:0', 'd1': '*N:0', 'd2': 'VP[3]:1', 'p': np.float64(0.12)}, {'m': 'S[3]:0', 'd1': 'NP[1]:0', 'd2': '*Vi:1', 'p': np.float64(0.05)}, {'m': 'VP[1]:1', 'd1': '*Vi:0', 'd2': 'PP[1]:1', 'p': np.float64(0.5)}, {'m': 'VP[2]:1', 'd1': 'BE:0', 'd2': 'Vpp:1', 'p': np.float64(0.3)}, {'m': 'VP[3]:1', 'd1': '*BE:0', 'd2': 'VPpp[1]:1', 'p': np.float64(0.2)}, {'m': 'VPpp[1]:1', 'd1': '*Vpp:0', 'd2': 'PP[1]:1', 'p': np.float64(1.0)}, {'m': '*@:1', 'd1': None, 'd2': '@:1', 'p': None}, {'m': '*@:1', 'd1': None, 'd2': '*@:1', 'p': None}, {'m': '*BE:0', 'd1': 'BE:0', 'd2': None, 'p': None}, {'m': '*BE:0', 'd1': '*BE:0', 'd2': None, 'p': None}, {'m': '*N:0', 'd1': 'N:0', 'd2': None, 'p': None}, {'m': '*N:0', 'd1': '*N:0', 'd2': None, 'p': None}, {'m': '*Vi:0', 'd1': 'Vi:0', 'd2': None, 'p': None}, {'m': '*Vi:0', 'd1': '*Vi:0', 'd2': None, 'p': None}, {'m': '*Vi:1', 'd1': None, 'd2': 'Vi:1', 'p': None}, {'m': '*Vi:1', 'd1': None, 'd2': '*Vi:1', 'p': None}, {'m': '*Vpp:0', 'd1': 'Vpp:0', 'd2': None, 'p': None}, {'m': '*Vpp:0', 'd1': '*Vpp:0', 'd2': None, 'p': None}, {'m': '#:0', 'd1': 'S[1]:0', 'd2': '*@:1', 'p': None}, {'m': '#:0', 'd1': 'S[2]:0', 'd2': '*@:1', 'p': None}, {'m': '#:0', 'd1': 'S[3]:0', 'd2': '*@:1', 'p': None}]
labs are ['NP[1](*N,RC[1])', 'PP[1](P,N)', 'RC[1](*Vpp,PP[1])', 'S[1](N,Vi)', 'S[2](*N,VP[1])', 'S[2](*N,VP[2])', 'S[2](*N,VP[3])', 'S[3](NP[1],*Vi)', 'VP[1](*Vi,PP[1])', 'VP[2](BE,Vpp)', 'VP[3](*BE,VPpp[1])', 'VPpp[1](*Vpp,PP[1])', '*@(,@)', '*@(,*@)', '*BE(BE,)', '*BE(*BE,)', '*N(N,)', '*N(*N,)', '*Vi(Vi,)', '*Vi(*Vi,)', '*Vi(,Vi)', '*Vi(,*Vi)', '*Vpp(Vpp,)', '*Vpp(*Vpp,)', '#(S[1],*@)', '#(S[2],*@)', '#(S[3],*@)']
focus_idx is [15 14 10 13]
labs_focus is ['*BE(*BE,)', '*BE(BE,)', 'VP[3](*BE,VPpp[1])', '*@(,*@)']

======================================================================
Replication complete!
Figures saved as:
  - Plots from plot_train_result() (displayed interactively)
  - figure12_g1_parsing.png

Treelet activation trajectories for each sentence:
  - sap_test_on_g1_sparse_model_S0_N_Vi.png
  - sap_test_on_g1_sparse_model_S1_N_Vi_P_N.png <-- S1 = 'N Vi P N'
  - sap_test_on_g1_sparse_model_S2_N_BE_Vpp.png
  - sap_test_on_g1_sparse_model_S3_N_BE_Vpp_P_N.png
  - sap_test_on_g1_sparse_model_S4_N_Vpp_P_N_Vi.png
======================================================================

----------------------------------------------------------------------
Final GPU Status:
----------------------------------------------------------------------
Tue Dec  2 04:08:08 2025       
+-----------------------------------------------------------------------------------------+
| NVIDIA-SMI 570.124.06             Driver Version: 570.124.06     CUDA Version: 12.8     |
|-----------------------------------------+------------------------+----------------------+
| GPU  Name                 Persistence-M | Bus-Id          Disp.A | Volatile Uncorr. ECC |
| Fan  Temp   Perf          Pwr:Usage/Cap |           Memory-Usage | GPU-Util  Compute M. |
|                                         |                        |               MIG M. |
|=========================================+========================+======================|
|   0  NVIDIA RTX A5000               On  |   00000000:4F:00.0 Off |                  Off |
| 30%   25C    P8             17W /  230W |       2MiB /  24564MiB |      0%      Default |
|                                         |                        |                  N/A |
+-----------------------------------------+------------------------+----------------------+
                                                                                         
+-----------------------------------------------------------------------------------------+
| Processes:                                                                              |
|  GPU   GI   CI              PID   Type   Process name                        GPU Memory |
|        ID   ID                                                               Usage      |
|=========================================================================================|
|  No running processes found                                                             |
+-----------------------------------------------------------------------------------------+

======================================================================
Job Completed
End Time: Tue Dec  2 04:08:09 AM EST 2025
======================================================================
