======================================================================
GSC GPU Training Job Started
======================================================================
Job ID: 551831
Node: brandal
Start Time: Tue Dec  2 02:34:03 AM EST 2025

----------------------------------------------------------------------
GPU Information:
----------------------------------------------------------------------
Tue Dec  2 02:34:03 2025       
+-----------------------------------------------------------------------------------------+
| NVIDIA-SMI 570.124.06             Driver Version: 570.124.06     CUDA Version: 12.8     |
|-----------------------------------------+------------------------+----------------------+
| GPU  Name                 Persistence-M | Bus-Id          Disp.A | Volatile Uncorr. ECC |
| Fan  Temp   Perf          Pwr:Usage/Cap |           Memory-Usage | GPU-Util  Compute M. |
|                                         |                        |               MIG M. |
|=========================================+========================+======================|
|   0  NVIDIA RTX A5000               On  |   00000000:4F:00.0 Off |                  Off |
| 30%   29C    P8             17W /  230W |       2MiB /  24564MiB |      0%      Default |
|                                         |                        |                  N/A |
+-----------------------------------------+------------------------+----------------------+
                                                                                         
+-----------------------------------------------------------------------------------------+
| Processes:                                                                              |
|  GPU   GI   CI              PID   Type   Process name                        GPU Memory |
|        ID   ID                                                               Usage      |
|=========================================================================================|
|  No running processes found                                                             |
+-----------------------------------------------------------------------------------------+

----------------------------------------------------------------------
CUDA Version:
----------------------------------------------------------------------
nvcc not found

======================================================================
Running Full Training (1000 epochs)
======================================================================
JAX detected - GPU acceleration enabled
JAX detected - GPU acceleration enabled
    Lookup tables built in 0.00s
    Fast lookups built in 0.000s (19 fillers, 12 rules)
    Building rule index for fast sentence generation...
    Rule index built in 0.000s
    BrickRole fast lookups built in 0.000s (15 roles)
Adding binary rules...
  Binary rules: 26 rules added
Adding copy rules...
  Copy rules: 38 total rules
Adding unary rules (this may take a while with large grammars)...
  Unary rules: 65 total rules
Adding expansion rules...
  Total rules: 74
Optimizing HarmonicGrammar with fast lookups...
Optimization complete!
Filler names: ['#:0', '*@:1', '*BE:0', '*N:0', '*Vi:0', '*Vi:1', '*Vpp:0', '@:1', 'BE:0', 'N:0', 'N:1', 'NP[1]:0', 'P:0', 'PP[1]:1', 'RC[1]:1', 'S[1]:0', 'S[2]:0', 'S[3]:0', 'VP[1]:1', 'VP[2]:1', 'VP[3]:1', 'VPpp[1]:1', 'Vi:0', 'Vi:1', 'Vpp:0', 'Vpp:1', '_']
Number of fillers: 27
Computing change-of-basis matrices...
  N shape: (405, 405) (0.00 GB)
  Kronecker product took 0.00 s
  Computing pseudo-inverse using fast Kronecker decomposition...
  Fast pseudo-inverse took 0.00 s (vs. minutes for direct method)
  C shape: (405, 405)
DEBUG _add_change_of_basis_matrices
  ✓ Change-of-basis complete (C: (405, 405), no S materialization)
  ✓ Memory saved by not creating S: 0.0 TB
0.01310586929321289 s for generating encodings
✓ GscNet fast lookups built in 0.001s (15 roles, 27 fillers, 405 bindings)
Initializing parameters on CPU with NumPy...
DEBUG: _build_model starts
  Building weight model from 74 HG rules...
    Processing binary and copy rules...
      Found 38 binary/copy rules
    Processing competition rules...
    Processing unary rules...
    Adding grammatical constraints...
    Setting weights...
    Setting biases...
  ✓ Weight model built in 0.01s (0.00 min)
DEBUG: _adjust_default_param_vals starts
DEBUG: bias2weight starts
0.019906044006347656 s for initializing parameter values
    Finding equilibrium with integration (dur=10)...
0.6342012882232666 s for finding a global equilibrium point

======================================================================
MODE VERIFICATION:
======================================================================
  use_sparse: False
  WC type: numpy.ndarray
  WC shape: (405, 405)
  dim_f used: 27
  dim_r used: 15
  num_fillers: 27
  num_roles: 15
  num_bindings: 405
======================================================================

Generating corpus with 5000 samples...
first sentence took 0.0s to generate
  Generated 500/5000 samples (1648.4 samples/s, 0.0 min remaining)
  Generated 1000/5000 samples (1825.5 samples/s, 0.0 min remaining)
  Generated 1500/5000 samples (1890.0 samples/s, 0.0 min remaining)
  Generated 2000/5000 samples (1885.1 samples/s, 0.0 min remaining)
  Generated 2500/5000 samples (1896.6 samples/s, 0.0 min remaining)
  Generated 3000/5000 samples (1899.0 samples/s, 0.0 min remaining)
  Generated 3500/5000 samples (1912.4 samples/s, 0.0 min remaining)
  Generated 4000/5000 samples (1914.8 samples/s, 0.0 min remaining)
  Generated 4500/5000 samples (1901.8 samples/s, 0.0 min remaining)
✓ Corpus generation complete in 2.6s (0.0 min)
  5 unique sentences from 5000 samples

======================================================================
Target sentence probabilities (first 10):
Sentence 0: p = 0.3436 (N Vi)
Sentence 1: p = 0.3082 (N Vi P N)
Sentence 2: p = 0.1768 (N BE Vpp)
Sentence 3: p = 0.1194 (N BE Vpp P N)
Sentence 4: p = 0.0520 (N Vpp P N Vi)
DEBUG: initialize
DEBUG: setting weights
DEBUG: setting biases
DEBUG: update bowl strength
DEBUG: setting self.train_opts
    Building mask0 using vectorized construction (dense)...
      mask0 construction: 0.00s
      mask0 non-zero entries: 36,450
DEBUG: harmoney values of illegitimate bindings set to <=4 
DEBUG: <= 8
DEBUG: update train_opts

Checking mask0:
  mask0 non-zero entries: 36,450 / 164,025

========================================
=== WC Statistics BEFORE Training ===
  WC type: dense
  WC sum: -818.000000
  WC diagonal sum: -2338.000000
  WC max: 2.000000, min: -10.000000
========================================

======================================================================
Training Grammar 1...
======================================================================
    Finding equilibrium with integration (dur=10)...
    Finding equilibrium with integration (dur=10)...
    Finding equilibrium with integration (dur=10)...
    Finding equilibrium with integration (dur=10)...
    Finding equilibrium with integration (dur=10)...
    Finding equilibrium with integration (dur=10)...
    Finding equilibrium with integration (dur=10)...
    Finding equilibrium with integration (dur=10)...
    Finding equilibrium with integration (dur=10)...
    Finding equilibrium with integration (dur=10)...
[0010]   33.095 | 0.000 0.000 0.000 0.000 0.000 | 0.000 | 0.829 0.000
    TIMING: total=1.8s | estimate_prob=1.1s (62%) | cost_grad=0.0s (1%) | other=0.7s
    Finding equilibrium with integration (dur=10)...
    Finding equilibrium with integration (dur=10)...
    Finding equilibrium with integration (dur=10)...
    Finding equilibrium with integration (dur=10)...
    Finding equilibrium with integration (dur=10)...
    Finding equilibrium with integration (dur=10)...
    Finding equilibrium with integration (dur=10)...
    Finding equilibrium with integration (dur=10)...
    Finding equilibrium with integration (dur=10)...
    Finding equilibrium with integration (dur=10)...
[0020]   33.095 | 0.000 0.000 0.000 0.000 0.000 | 0.000 | 0.829 0.000
    TIMING: total=1.8s | estimate_prob=1.2s (63%) | cost_grad=0.0s (1%) | other=0.7s
    Finding equilibrium with integration (dur=10)...
    Finding equilibrium with integration (dur=10)...
    Finding equilibrium with integration (dur=10)...
    Finding equilibrium with integration (dur=10)...
    Finding equilibrium with integration (dur=10)...
    Finding equilibrium with integration (dur=10)...
    Finding equilibrium with integration (dur=10)...
    Finding equilibrium with integration (dur=10)...
    Finding equilibrium with integration (dur=10)...
    Finding equilibrium with integration (dur=10)...
[0030]   33.095 | 0.000 0.000 0.000 0.000 0.000 | 0.000 | 1.000 0.000
    TIMING: total=1.9s | estimate_prob=1.2s (60%) | cost_grad=0.0s (1%) | other=0.7s
    Finding equilibrium with integration (dur=10)...
    Finding equilibrium with integration (dur=10)...
    Finding equilibrium with integration (dur=10)...
    Finding equilibrium with integration (dur=10)...
    Finding equilibrium with integration (dur=10)...
    Finding equilibrium with integration (dur=10)...
    Finding equilibrium with integration (dur=10)...
    Finding equilibrium with integration (dur=10)...
    Finding equilibrium with integration (dur=10)...
    Finding equilibrium with integration (dur=10)...
[0040]   33.095 | 0.000 0.000 0.000 0.000 0.000 | 0.000 | 0.829 0.000
    TIMING: total=1.8s | estimate_prob=1.1s (63%) | cost_grad=0.0s (1%) | other=0.6s
    Finding equilibrium with integration (dur=10)...
    Finding equilibrium with integration (dur=10)...
    Finding equilibrium with integration (dur=10)...
    Finding equilibrium with integration (dur=10)...
    Finding equilibrium with integration (dur=10)...
    Finding equilibrium with integration (dur=10)...
    Finding equilibrium with integration (dur=10)...
    Finding equilibrium with integration (dur=10)...
    Finding equilibrium with integration (dur=10)...
    Finding equilibrium with integration (dur=10)...
[0050]   33.095 | 0.000 0.000 0.000 0.000 0.000 | 0.000 | 0.823 0.000
    TIMING: total=1.8s | estimate_prob=1.0s (59%) | cost_grad=0.0s (1%) | other=0.7s
    Finding equilibrium with integration (dur=10)...
    Finding equilibrium with integration (dur=10)...
    Finding equilibrium with integration (dur=10)...
    Finding equilibrium with integration (dur=10)...
    Finding equilibrium with integration (dur=10)...
    Finding equilibrium with integration (dur=10)...
    Finding equilibrium with integration (dur=10)...
    Finding equilibrium with integration (dur=10)...
    Finding equilibrium with integration (dur=10)...
    Finding equilibrium with integration (dur=10)...
[0060]   21.704 | 0.250 0.000 0.000 0.000 0.000 | 0.250 | 0.500 0.000
    TIMING: total=1.8s | estimate_prob=1.1s (64%) | cost_grad=0.0s (1%) | other=0.6s
    Finding equilibrium with integration (dur=10)...
    Finding equilibrium with integration (dur=10)...
    Finding equilibrium with integration (dur=10)...
    Finding equilibrium with integration (dur=10)...
    Finding equilibrium with integration (dur=10)...
    Finding equilibrium with integration (dur=10)...
    Finding equilibrium with integration (dur=10)...
    Finding equilibrium with integration (dur=10)...
    Finding equilibrium with integration (dur=10)...
    Finding equilibrium with integration (dur=10)...
[0070]   17.016 | 0.000 0.250 0.250 0.000 0.000 | 0.500 | 0.573 0.000
    TIMING: total=1.8s | estimate_prob=1.1s (64%) | cost_grad=0.0s (1%) | other=0.6s
    Finding equilibrium with integration (dur=10)...
    Finding equilibrium with integration (dur=10)...
    Finding equilibrium with integration (dur=10)...
    Finding equilibrium with integration (dur=10)...
    Finding equilibrium with integration (dur=10)...
    Finding equilibrium with integration (dur=10)...
    Finding equilibrium with integration (dur=10)...
    Finding equilibrium with integration (dur=10)...
    Finding equilibrium with integration (dur=10)...
    Finding equilibrium with integration (dur=10)...
[0080]   15.482 | 0.500 0.000 0.500 0.000 0.000 | 1.000 | 0.480 0.000
    TIMING: total=1.7s | estimate_prob=1.1s (62%) | cost_grad=0.0s (0%) | other=0.7s
    Finding equilibrium with integration (dur=10)...
    Finding equilibrium with integration (dur=10)...
    Finding equilibrium with integration (dur=10)...
    Finding equilibrium with integration (dur=10)...
    Finding equilibrium with integration (dur=10)...
    Finding equilibrium with integration (dur=10)...
    Finding equilibrium with integration (dur=10)...
    Finding equilibrium with integration (dur=10)...
    Finding equilibrium with integration (dur=10)...
    Finding equilibrium with integration (dur=10)...
[0090]   15.843 | 0.250 0.000 0.250 0.000 0.000 | 0.500 | 0.360 0.000
    TIMING: total=1.7s | estimate_prob=1.0s (59%) | cost_grad=0.0s (1%) | other=0.7s
    Finding equilibrium with integration (dur=10)...
    Finding equilibrium with integration (dur=10)...
    Finding equilibrium with integration (dur=10)...
    Finding equilibrium with integration (dur=10)...
    Finding equilibrium with integration (dur=10)...
    Finding equilibrium with integration (dur=10)...
    Finding equilibrium with integration (dur=10)...
    Finding equilibrium with integration (dur=10)...
    Finding equilibrium with integration (dur=10)...
    Finding equilibrium with integration (dur=10)...
[0100]   16.678 | 0.000 0.750 0.250 0.000 0.000 | 1.000 | 0.442 0.000
    TIMING: total=1.7s | estimate_prob=1.1s (63%) | cost_grad=0.0s (0%) | other=0.6s
    Finding equilibrium with integration (dur=10)...
    Finding equilibrium with integration (dur=10)...
    Finding equilibrium with integration (dur=10)...
    Finding equilibrium with integration (dur=10)...
    Finding equilibrium with integration (dur=10)...
    Finding equilibrium with integration (dur=10)...
    Finding equilibrium with integration (dur=10)...
    Finding equilibrium with integration (dur=10)...
    Finding equilibrium with integration (dur=10)...
    Finding equilibrium with integration (dur=10)...
[0110]   11.148 | 0.250 0.750 0.000 0.000 0.000 | 1.000 | 0.442 0.000
    TIMING: total=1.7s | estimate_prob=1.1s (64%) | cost_grad=0.0s (1%) | other=0.6s
    Finding equilibrium with integration (dur=10)...
    Finding equilibrium with integration (dur=10)...
    Finding equilibrium with integration (dur=10)...
    Finding equilibrium with integration (dur=10)...
    Finding equilibrium with integration (dur=10)...
    Finding equilibrium with integration (dur=10)...
    Finding equilibrium with integration (dur=10)...
    Finding equilibrium with integration (dur=10)...
    Finding equilibrium with integration (dur=10)...
    Finding equilibrium with integration (dur=10)...
[0120]   16.803 | 0.000 0.500 0.250 0.000 0.000 | 0.750 | 0.344 0.000
    TIMING: total=1.8s | estimate_prob=1.1s (61%) | cost_grad=0.0s (1%) | other=0.7s
    Finding equilibrium with integration (dur=10)...
    Finding equilibrium with integration (dur=10)...
    Finding equilibrium with integration (dur=10)...
    Finding equilibrium with integration (dur=10)...
    Finding equilibrium with integration (dur=10)...
    Finding equilibrium with integration (dur=10)...
    Finding equilibrium with integration (dur=10)...
    Finding equilibrium with integration (dur=10)...
    Finding equilibrium with integration (dur=10)...
    Finding equilibrium with integration (dur=10)...
[0130]   11.248 | 0.500 0.250 0.000 0.000 0.000 | 0.750 | 0.296 0.000
    TIMING: total=1.7s | estimate_prob=1.0s (61%) | cost_grad=0.0s (1%) | other=0.7s
    Finding equilibrium with integration (dur=10)...
    Finding equilibrium with integration (dur=10)...
    Finding equilibrium with integration (dur=10)...
    Finding equilibrium with integration (dur=10)...
    Finding equilibrium with integration (dur=10)...
    Finding equilibrium with integration (dur=10)...
    Finding equilibrium with integration (dur=10)...
    Finding equilibrium with integration (dur=10)...
    Finding equilibrium with integration (dur=10)...
    Finding equilibrium with integration (dur=10)...
[0140]    5.411 | 0.250 0.500 0.250 0.000 0.000 | 1.000 | 0.192 0.000
    TIMING: total=1.8s | estimate_prob=1.2s (65%) | cost_grad=0.0s (0%) | other=0.6s
    Finding equilibrium with integration (dur=10)...
    Finding equilibrium with integration (dur=10)...
    Finding equilibrium with integration (dur=10)...
    Finding equilibrium with integration (dur=10)...
    Finding equilibrium with integration (dur=10)...
    Finding equilibrium with integration (dur=10)...
    Finding equilibrium with integration (dur=10)...
    Finding equilibrium with integration (dur=10)...
    Finding equilibrium with integration (dur=10)...
    Finding equilibrium with integration (dur=10)...
[0150]   21.466 | 0.500 0.000 0.000 0.000 0.000 | 0.500 | 0.296 0.000
    TIMING: total=1.8s | estimate_prob=1.1s (61%) | cost_grad=0.0s (1%) | other=0.7s
    Finding equilibrium with integration (dur=10)...
    Finding equilibrium with integration (dur=10)...
    Finding equilibrium with integration (dur=10)...
    Finding equilibrium with integration (dur=10)...
    Finding equilibrium with integration (dur=10)...
    Finding equilibrium with integration (dur=10)...
    Finding equilibrium with integration (dur=10)...
    Finding equilibrium with integration (dur=10)...
    Finding equilibrium with integration (dur=10)...
    Finding equilibrium with integration (dur=10)...
[0160]   22.539 | 0.000 0.750 0.000 0.000 0.000 | 0.750 | 0.692 0.000
    TIMING: total=1.9s | estimate_prob=1.2s (64%) | cost_grad=0.0s (0%) | other=0.7s
    Finding equilibrium with integration (dur=10)...
    Finding equilibrium with integration (dur=10)...
    Finding equilibrium with integration (dur=10)...
    Finding equilibrium with integration (dur=10)...
    Finding equilibrium with integration (dur=10)...
    Finding equilibrium with integration (dur=10)...
    Finding equilibrium with integration (dur=10)...
    Finding equilibrium with integration (dur=10)...
    Finding equilibrium with integration (dur=10)...
    Finding equilibrium with integration (dur=10)...
[0170]   16.678 | 0.000 0.750 0.250 0.000 0.000 | 1.000 | 0.442 0.000
    TIMING: total=1.8s | estimate_prob=1.1s (59%) | cost_grad=0.0s (0%) | other=0.7s
    Finding equilibrium with integration (dur=10)...
    Finding equilibrium with integration (dur=10)...
    Finding equilibrium with integration (dur=10)...
    Finding equilibrium with integration (dur=10)...
    Finding equilibrium with integration (dur=10)...
    Finding equilibrium with integration (dur=10)...
    Finding equilibrium with integration (dur=10)...
    Finding equilibrium with integration (dur=10)...
    Finding equilibrium with integration (dur=10)...
    Finding equilibrium with integration (dur=10)...
[0180]    5.411 | 0.250 0.500 0.250 0.000 0.000 | 1.000 | 0.192 0.000
    TIMING: total=1.8s | estimate_prob=1.1s (62%) | cost_grad=0.0s (0%) | other=0.7s
    Finding equilibrium with integration (dur=10)...
    Finding equilibrium with integration (dur=10)...
    Finding equilibrium with integration (dur=10)...
    Finding equilibrium with integration (dur=10)...
    Finding equilibrium with integration (dur=10)...
    Finding equilibrium with integration (dur=10)...
    Finding equilibrium with integration (dur=10)...
    Finding equilibrium with integration (dur=10)...
    Finding equilibrium with integration (dur=10)...
    Finding equilibrium with integration (dur=10)...
[0190]   11.273 | 0.250 0.500 0.000 0.000 0.000 | 0.750 | 0.442 0.000
    TIMING: total=1.8s | estimate_prob=1.1s (63%) | cost_grad=0.0s (0%) | other=0.7s
    Finding equilibrium with integration (dur=10)...
    Finding equilibrium with integration (dur=10)...
    Finding equilibrium with integration (dur=10)...
    Finding equilibrium with integration (dur=10)...
    Finding equilibrium with integration (dur=10)...
    Finding equilibrium with integration (dur=10)...
    Finding equilibrium with integration (dur=10)...
    Finding equilibrium with integration (dur=10)...
    Finding equilibrium with integration (dur=10)...
    Finding equilibrium with integration (dur=10)...
[0200]   16.678 | 0.000 0.750 0.250 0.000 0.000 | 1.000 | 0.442 0.000
    TIMING: total=1.8s | estimate_prob=1.1s (62%) | cost_grad=0.0s (0%) | other=0.7s
    Finding equilibrium with integration (dur=10)...
    Finding equilibrium with integration (dur=10)...
    Finding equilibrium with integration (dur=10)...
    Finding equilibrium with integration (dur=10)...
    Finding equilibrium with integration (dur=10)...
    Finding equilibrium with integration (dur=10)...
    Finding equilibrium with integration (dur=10)...
    Finding equilibrium with integration (dur=10)...
    Finding equilibrium with integration (dur=10)...
    Finding equilibrium with integration (dur=10)...
[0210]   21.466 | 0.500 0.000 0.000 0.000 0.000 | 0.500 | 0.381 0.000
    TIMING: total=1.8s | estimate_prob=1.1s (62%) | cost_grad=0.0s (1%) | other=0.7s
    Finding equilibrium with integration (dur=10)...
    Finding equilibrium with integration (dur=10)...
    Finding equilibrium with integration (dur=10)...
    Finding equilibrium with integration (dur=10)...
    Finding equilibrium with integration (dur=10)...
    Finding equilibrium with integration (dur=10)...
    Finding equilibrium with integration (dur=10)...
    Finding equilibrium with integration (dur=10)...
    Finding equilibrium with integration (dur=10)...
    Finding equilibrium with integration (dur=10)...
[0220]   11.148 | 0.250 0.750 0.000 0.000 0.000 | 1.000 | 0.442 0.000
    TIMING: total=1.7s | estimate_prob=1.1s (63%) | cost_grad=0.0s (0%) | other=0.6s
    Finding equilibrium with integration (dur=10)...
    Finding equilibrium with integration (dur=10)...
    Finding equilibrium with integration (dur=10)...
    Finding equilibrium with integration (dur=10)...
    Finding equilibrium with integration (dur=10)...
    Finding equilibrium with integration (dur=10)...
    Finding equilibrium with integration (dur=10)...
    Finding equilibrium with integration (dur=10)...
    Finding equilibrium with integration (dur=10)...
    Finding equilibrium with integration (dur=10)...
[0230]   11.109 | 0.750 0.250 0.000 0.000 0.000 | 1.000 | 0.406 0.000
    TIMING: total=1.8s | estimate_prob=1.1s (63%) | cost_grad=0.0s (1%) | other=0.6s
    Finding equilibrium with integration (dur=10)...
    Finding equilibrium with integration (dur=10)...
    Finding equilibrium with integration (dur=10)...
    Finding equilibrium with integration (dur=10)...
    Finding equilibrium with integration (dur=10)...
    Finding equilibrium with integration (dur=10)...
    Finding equilibrium with integration (dur=10)...
    Finding equilibrium with integration (dur=10)...
    Finding equilibrium with integration (dur=10)...
    Finding equilibrium with integration (dur=10)...
[0240]   21.228 | 1.000 0.000 0.000 0.000 0.000 | 1.000 | 0.656 0.000
    TIMING: total=1.9s | estimate_prob=1.2s (65%) | cost_grad=0.0s (0%) | other=0.7s
    Finding equilibrium with integration (dur=10)...
    Finding equilibrium with integration (dur=10)...
    Finding equilibrium with integration (dur=10)...
    Finding equilibrium with integration (dur=10)...
    Finding equilibrium with integration (dur=10)...
    Finding equilibrium with integration (dur=10)...
    Finding equilibrium with integration (dur=10)...
    Finding equilibrium with integration (dur=10)...
    Finding equilibrium with integration (dur=10)...
    Finding equilibrium with integration (dur=10)...
[0250]   21.228 | 1.000 0.000 0.000 0.000 0.000 | 1.000 | 0.656 0.000
    TIMING: total=1.7s | estimate_prob=1.1s (62%) | cost_grad=0.0s (1%) | other=0.7s
    Finding equilibrium with integration (dur=10)...
    Finding equilibrium with integration (dur=10)...
    Finding equilibrium with integration (dur=10)...
    Finding equilibrium with integration (dur=10)...
    Finding equilibrium with integration (dur=10)...
    Finding equilibrium with integration (dur=10)...
    Finding equilibrium with integration (dur=10)...
    Finding equilibrium with integration (dur=10)...
    Finding equilibrium with integration (dur=10)...
    Finding equilibrium with integration (dur=10)...
[0260]   15.465 | 0.750 0.000 0.250 0.000 0.000 | 1.000 | 0.480 0.000
    TIMING: total=1.8s | estimate_prob=1.1s (63%) | cost_grad=0.0s (0%) | other=0.7s
    Finding equilibrium with integration (dur=10)...
    Finding equilibrium with integration (dur=10)...
    Finding equilibrium with integration (dur=10)...
    Finding equilibrium with integration (dur=10)...
    Finding equilibrium with integration (dur=10)...
    Finding equilibrium with integration (dur=10)...
    Finding equilibrium with integration (dur=10)...
    Finding equilibrium with integration (dur=10)...
    Finding equilibrium with integration (dur=10)...
    Finding equilibrium with integration (dur=10)...
[0270]   22.450 | 0.000 1.000 0.000 0.000 0.000 | 1.000 | 0.692 0.000
    TIMING: total=1.8s | estimate_prob=1.1s (62%) | cost_grad=0.0s (0%) | other=0.7s
    Finding equilibrium with integration (dur=10)...
    Finding equilibrium with integration (dur=10)...
    Finding equilibrium with integration (dur=10)...
    Finding equilibrium with integration (dur=10)...
    Finding equilibrium with integration (dur=10)...
    Finding equilibrium with integration (dur=10)...
    Finding equilibrium with integration (dur=10)...
    Finding equilibrium with integration (dur=10)...
    Finding equilibrium with integration (dur=10)...
    Finding equilibrium with integration (dur=10)...
[0280]   11.109 | 0.750 0.250 0.000 0.000 0.000 | 1.000 | 0.406 0.000
    TIMING: total=1.8s | estimate_prob=1.1s (62%) | cost_grad=0.0s (0%) | other=0.7s
    Finding equilibrium with integration (dur=10)...
    Finding equilibrium with integration (dur=10)...
    Finding equilibrium with integration (dur=10)...
    Finding equilibrium with integration (dur=10)...
    Finding equilibrium with integration (dur=10)...
    Finding equilibrium with integration (dur=10)...
    Finding equilibrium with integration (dur=10)...
    Finding equilibrium with integration (dur=10)...
    Finding equilibrium with integration (dur=10)...
    Finding equilibrium with integration (dur=10)...
[0290]   13.880 | 0.500 0.000 0.250 0.000 0.250 | 1.000 | 0.308 0.000
    TIMING: total=1.5s | estimate_prob=0.9s (62%) | cost_grad=0.0s (0%) | other=0.6s
    Finding equilibrium with integration (dur=10)...
    Finding equilibrium with integration (dur=10)...
    Finding equilibrium with integration (dur=10)...
    Finding equilibrium with integration (dur=10)...
    Finding equilibrium with integration (dur=10)...
    Finding equilibrium with integration (dur=10)...
    Finding equilibrium with integration (dur=10)...
    Finding equilibrium with integration (dur=10)...
    Finding equilibrium with integration (dur=10)...
    Finding equilibrium with integration (dur=10)...
[0300]   21.228 | 1.000 0.000 0.000 0.000 0.000 | 1.000 | 0.656 0.000
    TIMING: total=1.7s | estimate_prob=1.1s (63%) | cost_grad=0.0s (0%) | other=0.6s
    Finding equilibrium with integration (dur=10)...
    Finding equilibrium with integration (dur=10)...
    Finding equilibrium with integration (dur=10)...
    Finding equilibrium with integration (dur=10)...
    Finding equilibrium with integration (dur=10)...
    Finding equilibrium with integration (dur=10)...
    Finding equilibrium with integration (dur=10)...
    Finding equilibrium with integration (dur=10)...
    Finding equilibrium with integration (dur=10)...
    Finding equilibrium with integration (dur=10)...
[0310]   22.450 | 0.000 1.000 0.000 0.000 0.000 | 1.000 | 0.692 0.000
    TIMING: total=1.8s | estimate_prob=1.1s (60%) | cost_grad=0.0s (1%) | other=0.7s
    Finding equilibrium with integration (dur=10)...
    Finding equilibrium with integration (dur=10)...
    Finding equilibrium with integration (dur=10)...
    Finding equilibrium with integration (dur=10)...
    Finding equilibrium with integration (dur=10)...
    Finding equilibrium with integration (dur=10)...
    Finding equilibrium with integration (dur=10)...
    Finding equilibrium with integration (dur=10)...
    Finding equilibrium with integration (dur=10)...
    Finding equilibrium with integration (dur=10)...
[0320]   17.425 | 0.500 0.000 0.000 0.500 0.000 | 1.000 | 0.381 0.000
    TIMING: total=1.9s | estimate_prob=1.2s (63%) | cost_grad=0.0s (0%) | other=0.7s
    Finding equilibrium with integration (dur=10)...
    Finding equilibrium with integration (dur=10)...
    Finding equilibrium with integration (dur=10)...
    Finding equilibrium with integration (dur=10)...
    Finding equilibrium with integration (dur=10)...
    Finding equilibrium with integration (dur=10)...
    Finding equilibrium with integration (dur=10)...
    Finding equilibrium with integration (dur=10)...
    Finding equilibrium with integration (dur=10)...
    Finding equilibrium with integration (dur=10)...
[0330]   11.035 | 0.500 0.500 0.000 0.000 0.000 | 1.000 | 0.296 0.000
    TIMING: total=1.8s | estimate_prob=1.1s (62%) | cost_grad=0.0s (0%) | other=0.7s
    Finding equilibrium with integration (dur=10)...
    Finding equilibrium with integration (dur=10)...
    Finding equilibrium with integration (dur=10)...
    Finding equilibrium with integration (dur=10)...
    Finding equilibrium with integration (dur=10)...
    Finding equilibrium with integration (dur=10)...
    Finding equilibrium with integration (dur=10)...
    Finding equilibrium with integration (dur=10)...
    Finding equilibrium with integration (dur=10)...
    Finding equilibrium with integration (dur=10)...
[0340]   11.801 | 0.250 0.000 0.250 0.500 0.000 | 1.000 | 0.454 0.000
    TIMING: total=1.7s | estimate_prob=1.1s (62%) | cost_grad=0.0s (0%) | other=0.7s
    Finding equilibrium with integration (dur=10)...
    Finding equilibrium with integration (dur=10)...
    Finding equilibrium with integration (dur=10)...
    Finding equilibrium with integration (dur=10)...
    Finding equilibrium with integration (dur=10)...
    Finding equilibrium with integration (dur=10)...
    Finding equilibrium with integration (dur=10)...
    Finding equilibrium with integration (dur=10)...
    Finding equilibrium with integration (dur=10)...
    Finding equilibrium with integration (dur=10)...
[0350]   11.109 | 0.750 0.250 0.000 0.000 0.000 | 1.000 | 0.406 0.000
    TIMING: total=1.8s | estimate_prob=1.1s (63%) | cost_grad=0.0s (0%) | other=0.7s
    Finding equilibrium with integration (dur=10)...
    Finding equilibrium with integration (dur=10)...
    Finding equilibrium with integration (dur=10)...
    Finding equilibrium with integration (dur=10)...
    Finding equilibrium with integration (dur=10)...
    Finding equilibrium with integration (dur=10)...
    Finding equilibrium with integration (dur=10)...
    Finding equilibrium with integration (dur=10)...
    Finding equilibrium with integration (dur=10)...
    Finding equilibrium with integration (dur=10)...
[0360]    5.411 | 0.250 0.500 0.250 0.000 0.000 | 1.000 | 0.192 0.000
    TIMING: total=1.8s | estimate_prob=1.2s (64%) | cost_grad=0.0s (0%) | other=0.7s
    Finding equilibrium with integration (dur=10)...
    Finding equilibrium with integration (dur=10)...
    Finding equilibrium with integration (dur=10)...
    Finding equilibrium with integration (dur=10)...
    Finding equilibrium with integration (dur=10)...
    Finding equilibrium with integration (dur=10)...
    Finding equilibrium with integration (dur=10)...
    Finding equilibrium with integration (dur=10)...
    Finding equilibrium with integration (dur=10)...
    Finding equilibrium with integration (dur=10)...
[0370]   18.581 | 0.000 0.750 0.000 0.250 0.000 | 1.000 | 0.520 0.000
    TIMING: total=1.7s | estimate_prob=1.1s (64%) | cost_grad=0.0s (0%) | other=0.6s
    Finding equilibrium with integration (dur=10)...
    Finding equilibrium with integration (dur=10)...
    Finding equilibrium with integration (dur=10)...
    Finding equilibrium with integration (dur=10)...
    Finding equilibrium with integration (dur=10)...
    Finding equilibrium with integration (dur=10)...
    Finding equilibrium with integration (dur=10)...
    Finding equilibrium with integration (dur=10)...
    Finding equilibrium with integration (dur=10)...
    Finding equilibrium with integration (dur=10)...
[0380]   13.880 | 0.500 0.000 0.250 0.000 0.250 | 1.000 | 0.308 0.000
    TIMING: total=1.7s | estimate_prob=1.0s (60%) | cost_grad=0.0s (0%) | other=0.7s
    Finding equilibrium with integration (dur=10)...
    Finding equilibrium with integration (dur=10)...
    Finding equilibrium with integration (dur=10)...
    Finding equilibrium with integration (dur=10)...
    Finding equilibrium with integration (dur=10)...
    Finding equilibrium with integration (dur=10)...
    Finding equilibrium with integration (dur=10)...
    Finding equilibrium with integration (dur=10)...
    Finding equilibrium with integration (dur=10)...
    Finding equilibrium with integration (dur=10)...
[0390]   15.648 | 0.250 0.000 0.750 0.000 0.000 | 1.000 | 0.573 0.000
    TIMING: total=1.8s | estimate_prob=1.1s (64%) | cost_grad=0.0s (0%) | other=0.6s
    Finding equilibrium with integration (dur=10)...
    Finding equilibrium with integration (dur=10)...
    Finding equilibrium with integration (dur=10)...
    Finding equilibrium with integration (dur=10)...
    Finding equilibrium with integration (dur=10)...
    Finding equilibrium with integration (dur=10)...
    Finding equilibrium with integration (dur=10)...
    Finding equilibrium with integration (dur=10)...
    Finding equilibrium with integration (dur=10)...
    Finding equilibrium with integration (dur=10)...
[0400]   21.429 | 0.000 0.000 0.500 0.250 0.250 | 1.000 | 0.454 0.000
    TIMING: total=1.7s | estimate_prob=1.1s (64%) | cost_grad=0.0s (0%) | other=0.6s
    Finding equilibrium with integration (dur=10)...
    Finding equilibrium with integration (dur=10)...
    Finding equilibrium with integration (dur=10)...
    Finding equilibrium with integration (dur=10)...
    Finding equilibrium with integration (dur=10)...
    Finding equilibrium with integration (dur=10)...
    Finding equilibrium with integration (dur=10)...
    Finding equilibrium with integration (dur=10)...
    Finding equilibrium with integration (dur=10)...
    Finding equilibrium with integration (dur=10)...
[0410]   11.109 | 0.750 0.250 0.000 0.000 0.000 | 1.000 | 0.406 0.000
    TIMING: total=1.8s | estimate_prob=1.1s (61%) | cost_grad=0.0s (0%) | other=0.7s
    Finding equilibrium with integration (dur=10)...
    Finding equilibrium with integration (dur=10)...
    Finding equilibrium with integration (dur=10)...
    Finding equilibrium with integration (dur=10)...
    Finding equilibrium with integration (dur=10)...
    Finding equilibrium with integration (dur=10)...
    Finding equilibrium with integration (dur=10)...
    Finding equilibrium with integration (dur=10)...
    Finding equilibrium with integration (dur=10)...
    Finding equilibrium with integration (dur=10)...
[0420]   15.482 | 0.500 0.000 0.500 0.000 0.000 | 1.000 | 0.480 0.000
    TIMING: total=1.7s | estimate_prob=1.0s (61%) | cost_grad=0.0s (1%) | other=0.6s
    Finding equilibrium with integration (dur=10)...
    Finding equilibrium with integration (dur=10)...
    Finding equilibrium with integration (dur=10)...
    Finding equilibrium with integration (dur=10)...
    Finding equilibrium with integration (dur=10)...
    Finding equilibrium with integration (dur=10)...
    Finding equilibrium with integration (dur=10)...
    Finding equilibrium with integration (dur=10)...
    Finding equilibrium with integration (dur=10)...
    Finding equilibrium with integration (dur=10)...
[0430]    5.502 | 0.250 0.250 0.500 0.000 0.000 | 1.000 | 0.323 0.000
    TIMING: total=1.8s | estimate_prob=1.1s (59%) | cost_grad=0.0s (1%) | other=0.7s
    Finding equilibrium with integration (dur=10)...
    Finding equilibrium with integration (dur=10)...
    Finding equilibrium with integration (dur=10)...
    Finding equilibrium with integration (dur=10)...
    Finding equilibrium with integration (dur=10)...
    Finding equilibrium with integration (dur=10)...
    Finding equilibrium with integration (dur=10)...
    Finding equilibrium with integration (dur=10)...
    Finding equilibrium with integration (dur=10)...
    Finding equilibrium with integration (dur=10)...
[0440]   19.706 | 0.500 0.000 0.000 0.000 0.500 | 1.000 | 0.448 0.000
    TIMING: total=1.8s | estimate_prob=1.0s (58%) | cost_grad=0.0s (1%) | other=0.7s
    Finding equilibrium with integration (dur=10)...
    Finding equilibrium with integration (dur=10)...
    Finding equilibrium with integration (dur=10)...
    Finding equilibrium with integration (dur=10)...
    Finding equilibrium with integration (dur=10)...
    Finding equilibrium with integration (dur=10)...
    Finding equilibrium with integration (dur=10)...
    Finding equilibrium with integration (dur=10)...
    Finding equilibrium with integration (dur=10)...
    Finding equilibrium with integration (dur=10)...
[0450]   15.720 | 0.250 0.000 0.500 0.000 0.000 | 0.750 | 0.323 0.000
    TIMING: total=1.8s | estimate_prob=1.2s (64%) | cost_grad=0.0s (0%) | other=0.6s
    Finding equilibrium with integration (dur=10)...
    Finding equilibrium with integration (dur=10)...
    Finding equilibrium with integration (dur=10)...
    Finding equilibrium with integration (dur=10)...
    Finding equilibrium with integration (dur=10)...
    Finding equilibrium with integration (dur=10)...
    Finding equilibrium with integration (dur=10)...
    Finding equilibrium with integration (dur=10)...
    Finding equilibrium with integration (dur=10)...
    Finding equilibrium with integration (dur=10)...
[0460]   23.193 | 0.000 0.000 0.250 0.500 0.000 | 0.750 | 0.454 0.000
    TIMING: total=1.7s | estimate_prob=1.1s (63%) | cost_grad=0.0s (0%) | other=0.6s
    Finding equilibrium with integration (dur=10)...
    Finding equilibrium with integration (dur=10)...
    Finding equilibrium with integration (dur=10)...
    Finding equilibrium with integration (dur=10)...
    Finding equilibrium with integration (dur=10)...
    Finding equilibrium with integration (dur=10)...
    Finding equilibrium with integration (dur=10)...
    Finding equilibrium with integration (dur=10)...
    Finding equilibrium with integration (dur=10)...
    Finding equilibrium with integration (dur=10)...
[0470]   11.148 | 0.250 0.750 0.000 0.000 0.000 | 1.000 | 0.442 0.000
    TIMING: total=1.8s | estimate_prob=1.1s (61%) | cost_grad=0.0s (0%) | other=0.7s
    Finding equilibrium with integration (dur=10)...
    Finding equilibrium with integration (dur=10)...
    Finding equilibrium with integration (dur=10)...
    Finding equilibrium with integration (dur=10)...
    Finding equilibrium with integration (dur=10)...
    Finding equilibrium with integration (dur=10)...
    Finding equilibrium with integration (dur=10)...
    Finding equilibrium with integration (dur=10)...
    Finding equilibrium with integration (dur=10)...
    Finding equilibrium with integration (dur=10)...
[0480]    1.667 | 0.250 0.250 0.250 0.250 0.000 | 1.000 | 0.204 0.000
    TIMING: total=1.8s | estimate_prob=1.1s (64%) | cost_grad=0.0s (0%) | other=0.6s
    Finding equilibrium with integration (dur=10)...
    Finding equilibrium with integration (dur=10)...
    Finding equilibrium with integration (dur=10)...
    Finding equilibrium with integration (dur=10)...
    Finding equilibrium with integration (dur=10)...
    Finding equilibrium with integration (dur=10)...
    Finding equilibrium with integration (dur=10)...
    Finding equilibrium with integration (dur=10)...
    Finding equilibrium with integration (dur=10)...
    Finding equilibrium with integration (dur=10)...
[0490]   15.482 | 0.500 0.000 0.500 0.000 0.000 | 1.000 | 0.480 0.000
    TIMING: total=1.7s | estimate_prob=1.1s (63%) | cost_grad=0.0s (0%) | other=0.6s
    Finding equilibrium with integration (dur=10)...
    Finding equilibrium with integration (dur=10)...
    Finding equilibrium with integration (dur=10)...
    Finding equilibrium with integration (dur=10)...
    Finding equilibrium with integration (dur=10)...
    Finding equilibrium with integration (dur=10)...
    Finding equilibrium with integration (dur=10)...
    Finding equilibrium with integration (dur=10)...
    Finding equilibrium with integration (dur=10)...
    Finding equilibrium with integration (dur=10)...
[0500]   21.228 | 1.000 0.000 0.000 0.000 0.000 | 1.000 | 0.656 0.000
    TIMING: total=1.9s | estimate_prob=1.2s (64%) | cost_grad=0.0s (0%) | other=0.7s
    Finding equilibrium with integration (dur=10)...
    Finding equilibrium with integration (dur=10)...
    Finding equilibrium with integration (dur=10)...
    Finding equilibrium with integration (dur=10)...
    Finding equilibrium with integration (dur=10)...
    Finding equilibrium with integration (dur=10)...
    Finding equilibrium with integration (dur=10)...
    Finding equilibrium with integration (dur=10)...
    Finding equilibrium with integration (dur=10)...
    Finding equilibrium with integration (dur=10)...
[0510]   11.109 | 0.750 0.250 0.000 0.000 0.000 | 1.000 | 0.406 0.000
    TIMING: total=1.7s | estimate_prob=1.1s (63%) | cost_grad=0.0s (0%) | other=0.6s
    Finding equilibrium with integration (dur=10)...
    Finding equilibrium with integration (dur=10)...
    Finding equilibrium with integration (dur=10)...
    Finding equilibrium with integration (dur=10)...
    Finding equilibrium with integration (dur=10)...
    Finding equilibrium with integration (dur=10)...
    Finding equilibrium with integration (dur=10)...
    Finding equilibrium with integration (dur=10)...
    Finding equilibrium with integration (dur=10)...
    Finding equilibrium with integration (dur=10)...
[0520]   11.148 | 0.250 0.750 0.000 0.000 0.000 | 1.000 | 0.442 0.000
    TIMING: total=1.7s | estimate_prob=1.1s (63%) | cost_grad=0.0s (0%) | other=0.6s
    Finding equilibrium with integration (dur=10)...
    Finding equilibrium with integration (dur=10)...
    Finding equilibrium with integration (dur=10)...
    Finding equilibrium with integration (dur=10)...
    Finding equilibrium with integration (dur=10)...
    Finding equilibrium with integration (dur=10)...
    Finding equilibrium with integration (dur=10)...
    Finding equilibrium with integration (dur=10)...
    Finding equilibrium with integration (dur=10)...
    Finding equilibrium with integration (dur=10)...
[0530]    7.528 | 0.250 0.250 0.000 0.250 0.000 | 0.750 | 0.329 0.000
    TIMING: total=1.8s | estimate_prob=1.1s (63%) | cost_grad=0.0s (1%) | other=0.6s
    Finding equilibrium with integration (dur=10)...
    Finding equilibrium with integration (dur=10)...
    Finding equilibrium with integration (dur=10)...
    Finding equilibrium with integration (dur=10)...
    Finding equilibrium with integration (dur=10)...
    Finding equilibrium with integration (dur=10)...
    Finding equilibrium with integration (dur=10)...
    Finding equilibrium with integration (dur=10)...
    Finding equilibrium with integration (dur=10)...
    Finding equilibrium with integration (dur=10)...
[0540]   20.815 | 0.000 0.750 0.000 0.000 0.250 | 1.000 | 0.640 0.000
    TIMING: total=1.8s | estimate_prob=1.1s (62%) | cost_grad=0.0s (0%) | other=0.7s
    Finding equilibrium with integration (dur=10)...
    Finding equilibrium with integration (dur=10)...
    Finding equilibrium with integration (dur=10)...
    Finding equilibrium with integration (dur=10)...
    Finding equilibrium with integration (dur=10)...
    Finding equilibrium with integration (dur=10)...
    Finding equilibrium with integration (dur=10)...
    Finding equilibrium with integration (dur=10)...
    Finding equilibrium with integration (dur=10)...
    Finding equilibrium with integration (dur=10)...
[0550]   18.581 | 0.000 0.750 0.000 0.250 0.000 | 1.000 | 0.520 0.000
    TIMING: total=1.8s | estimate_prob=1.1s (60%) | cost_grad=0.0s (1%) | other=0.7s
    Finding equilibrium with integration (dur=10)...
    Finding equilibrium with integration (dur=10)...
    Finding equilibrium with integration (dur=10)...
    Finding equilibrium with integration (dur=10)...
    Finding equilibrium with integration (dur=10)...
    Finding equilibrium with integration (dur=10)...
    Finding equilibrium with integration (dur=10)...
    Finding equilibrium with integration (dur=10)...
    Finding equilibrium with integration (dur=10)...
    Finding equilibrium with integration (dur=10)...
[0560]   17.368 | 0.750 0.000 0.000 0.250 0.000 | 1.000 | 0.406 0.000
    TIMING: total=1.8s | estimate_prob=1.1s (62%) | cost_grad=0.0s (0%) | other=0.7s
    Finding equilibrium with integration (dur=10)...
    Finding equilibrium with integration (dur=10)...
    Finding equilibrium with integration (dur=10)...
    Finding equilibrium with integration (dur=10)...
    Finding equilibrium with integration (dur=10)...
    Finding equilibrium with integration (dur=10)...
    Finding equilibrium with integration (dur=10)...
    Finding equilibrium with integration (dur=10)...
    Finding equilibrium with integration (dur=10)...
    Finding equilibrium with integration (dur=10)...
[0570]   21.228 | 1.000 0.000 0.000 0.000 0.000 | 1.000 | 0.656 0.000
    TIMING: total=1.8s | estimate_prob=1.1s (63%) | cost_grad=0.0s (1%) | other=0.7s
    Finding equilibrium with integration (dur=10)...
    Finding equilibrium with integration (dur=10)...
    Finding equilibrium with integration (dur=10)...
    Finding equilibrium with integration (dur=10)...
    Finding equilibrium with integration (dur=10)...
    Finding equilibrium with integration (dur=10)...
    Finding equilibrium with integration (dur=10)...
    Finding equilibrium with integration (dur=10)...
    Finding equilibrium with integration (dur=10)...
    Finding equilibrium with integration (dur=10)...
[0580]   22.539 | 0.000 0.750 0.000 0.000 0.000 | 0.750 | 0.692 0.000
    TIMING: total=1.8s | estimate_prob=1.2s (65%) | cost_grad=0.0s (0%) | other=0.6s
    Finding equilibrium with integration (dur=10)...
    Finding equilibrium with integration (dur=10)...
    Finding equilibrium with integration (dur=10)...
    Finding equilibrium with integration (dur=10)...
    Finding equilibrium with integration (dur=10)...
    Finding equilibrium with integration (dur=10)...
    Finding equilibrium with integration (dur=10)...
    Finding equilibrium with integration (dur=10)...
    Finding equilibrium with integration (dur=10)...
    Finding equilibrium with integration (dur=10)...
[0590]   11.148 | 0.250 0.750 0.000 0.000 0.000 | 1.000 | 0.442 0.000
    TIMING: total=1.8s | estimate_prob=1.1s (65%) | cost_grad=0.0s (0%) | other=0.6s
    Finding equilibrium with integration (dur=10)...
    Finding equilibrium with integration (dur=10)...
    Finding equilibrium with integration (dur=10)...
    Finding equilibrium with integration (dur=10)...
    Finding equilibrium with integration (dur=10)...
    Finding equilibrium with integration (dur=10)...
    Finding equilibrium with integration (dur=10)...
    Finding equilibrium with integration (dur=10)...
    Finding equilibrium with integration (dur=10)...
    Finding equilibrium with integration (dur=10)...
[0600]   18.623 | 0.000 0.500 0.000 0.500 0.000 | 1.000 | 0.520 0.000
    TIMING: total=1.8s | estimate_prob=1.1s (63%) | cost_grad=0.0s (0%) | other=0.7s
    Finding equilibrium with integration (dur=10)...
    Finding equilibrium with integration (dur=10)...
    Finding equilibrium with integration (dur=10)...
    Finding equilibrium with integration (dur=10)...
    Finding equilibrium with integration (dur=10)...
    Finding equilibrium with integration (dur=10)...
    Finding equilibrium with integration (dur=10)...
    Finding equilibrium with integration (dur=10)...
    Finding equilibrium with integration (dur=10)...
    Finding equilibrium with integration (dur=10)...
[0610]   21.228 | 1.000 0.000 0.000 0.000 0.000 | 1.000 | 0.656 0.000
    TIMING: total=1.7s | estimate_prob=1.1s (63%) | cost_grad=0.0s (0%) | other=0.6s
    Finding equilibrium with integration (dur=10)...
    Finding equilibrium with integration (dur=10)...
    Finding equilibrium with integration (dur=10)...
    Finding equilibrium with integration (dur=10)...
    Finding equilibrium with integration (dur=10)...
    Finding equilibrium with integration (dur=10)...
    Finding equilibrium with integration (dur=10)...
    Finding equilibrium with integration (dur=10)...
    Finding equilibrium with integration (dur=10)...
    Finding equilibrium with integration (dur=10)...
[0620]   21.228 | 1.000 0.000 0.000 0.000 0.000 | 1.000 | 0.656 0.000
    TIMING: total=1.7s | estimate_prob=1.1s (63%) | cost_grad=0.0s (0%) | other=0.6s
    Finding equilibrium with integration (dur=10)...
    Finding equilibrium with integration (dur=10)...
    Finding equilibrium with integration (dur=10)...
    Finding equilibrium with integration (dur=10)...
    Finding equilibrium with integration (dur=10)...
    Finding equilibrium with integration (dur=10)...
    Finding equilibrium with integration (dur=10)...
    Finding equilibrium with integration (dur=10)...
    Finding equilibrium with integration (dur=10)...
    Finding equilibrium with integration (dur=10)...
[0630]   15.465 | 0.750 0.000 0.250 0.000 0.000 | 1.000 | 0.480 0.000
    TIMING: total=1.8s | estimate_prob=1.1s (62%) | cost_grad=0.0s (0%) | other=0.7s
    Finding equilibrium with integration (dur=10)...
    Finding equilibrium with integration (dur=10)...
    Finding equilibrium with integration (dur=10)...
    Finding equilibrium with integration (dur=10)...
    Finding equilibrium with integration (dur=10)...
    Finding equilibrium with integration (dur=10)...
    Finding equilibrium with integration (dur=10)...
    Finding equilibrium with integration (dur=10)...
    Finding equilibrium with integration (dur=10)...
    Finding equilibrium with integration (dur=10)...
[0640]   15.465 | 0.750 0.000 0.250 0.000 0.000 | 1.000 | 0.480 0.000
    TIMING: total=1.9s | estimate_prob=1.2s (64%) | cost_grad=0.0s (0%) | other=0.7s
    Finding equilibrium with integration (dur=10)...
    Finding equilibrium with integration (dur=10)...
    Finding equilibrium with integration (dur=10)...
    Finding equilibrium with integration (dur=10)...
    Finding equilibrium with integration (dur=10)...
    Finding equilibrium with integration (dur=10)...
    Finding equilibrium with integration (dur=10)...
    Finding equilibrium with integration (dur=10)...
    Finding equilibrium with integration (dur=10)...
    Finding equilibrium with integration (dur=10)...
[0650]   20.815 | 0.000 0.750 0.000 0.000 0.250 | 1.000 | 0.640 0.000
    TIMING: total=1.8s | estimate_prob=1.1s (63%) | cost_grad=0.0s (0%) | other=0.7s
    Finding equilibrium with integration (dur=10)...
    Finding equilibrium with integration (dur=10)...
    Finding equilibrium with integration (dur=10)...
    Finding equilibrium with integration (dur=10)...
    Finding equilibrium with integration (dur=10)...
    Finding equilibrium with integration (dur=10)...
    Finding equilibrium with integration (dur=10)...
    Finding equilibrium with integration (dur=10)...
    Finding equilibrium with integration (dur=10)...
    Finding equilibrium with integration (dur=10)...
[0660]   18.581 | 0.000 0.750 0.000 0.250 0.000 | 1.000 | 0.520 0.000
    TIMING: total=1.8s | estimate_prob=1.1s (63%) | cost_grad=0.0s (0%) | other=0.6s
    Finding equilibrium with integration (dur=10)...
    Finding equilibrium with integration (dur=10)...
    Finding equilibrium with integration (dur=10)...
    Finding equilibrium with integration (dur=10)...
    Finding equilibrium with integration (dur=10)...
    Finding equilibrium with integration (dur=10)...
    Finding equilibrium with integration (dur=10)...
    Finding equilibrium with integration (dur=10)...
    Finding equilibrium with integration (dur=10)...
    Finding equilibrium with integration (dur=10)...
[0670]   11.035 | 0.500 0.500 0.000 0.000 0.000 | 1.000 | 0.296 0.000
    TIMING: total=1.8s | estimate_prob=1.1s (64%) | cost_grad=0.0s (0%) | other=0.6s
    Finding equilibrium with integration (dur=10)...
    Finding equilibrium with integration (dur=10)...
    Finding equilibrium with integration (dur=10)...
    Finding equilibrium with integration (dur=10)...
    Finding equilibrium with integration (dur=10)...
    Finding equilibrium with integration (dur=10)...
    Finding equilibrium with integration (dur=10)...
    Finding equilibrium with integration (dur=10)...
    Finding equilibrium with integration (dur=10)...
    Finding equilibrium with integration (dur=10)...
[0680]   11.762 | 0.250 0.000 0.500 0.250 0.000 | 1.000 | 0.454 0.000
    TIMING: total=1.7s | estimate_prob=1.0s (63%) | cost_grad=0.0s (0%) | other=0.6s
    Finding equilibrium with integration (dur=10)...
    Finding equilibrium with integration (dur=10)...
    Finding equilibrium with integration (dur=10)...
    Finding equilibrium with integration (dur=10)...
    Finding equilibrium with integration (dur=10)...
    Finding equilibrium with integration (dur=10)...
    Finding equilibrium with integration (dur=10)...
    Finding equilibrium with integration (dur=10)...
    Finding equilibrium with integration (dur=10)...
    Finding equilibrium with integration (dur=10)...
[0690]    7.314 | 0.250 0.500 0.000 0.250 0.000 | 1.000 | 0.270 0.000
    TIMING: total=1.7s | estimate_prob=1.0s (60%) | cost_grad=0.0s (1%) | other=0.7s
    Finding equilibrium with integration (dur=10)...
    Finding equilibrium with integration (dur=10)...
    Finding equilibrium with integration (dur=10)...
    Finding equilibrium with integration (dur=10)...
    Finding equilibrium with integration (dur=10)...
    Finding equilibrium with integration (dur=10)...
    Finding equilibrium with integration (dur=10)...
    Finding equilibrium with integration (dur=10)...
    Finding equilibrium with integration (dur=10)...
    Finding equilibrium with integration (dur=10)...
[0700]   15.465 | 0.750 0.000 0.250 0.000 0.000 | 1.000 | 0.480 0.000
    TIMING: total=1.8s | estimate_prob=1.2s (65%) | cost_grad=0.0s (0%) | other=0.6s
    Finding equilibrium with integration (dur=10)...
    Finding equilibrium with integration (dur=10)...
    Finding equilibrium with integration (dur=10)...
    Finding equilibrium with integration (dur=10)...
    Finding equilibrium with integration (dur=10)...
    Finding equilibrium with integration (dur=10)...
    Finding equilibrium with integration (dur=10)...
    Finding equilibrium with integration (dur=10)...
    Finding equilibrium with integration (dur=10)...
    Finding equilibrium with integration (dur=10)...
[0710]   17.425 | 0.500 0.000 0.000 0.500 0.000 | 1.000 | 0.381 0.000
    TIMING: total=1.7s | estimate_prob=1.0s (59%) | cost_grad=0.0s (0%) | other=0.7s
    Finding equilibrium with integration (dur=10)...
    Finding equilibrium with integration (dur=10)...
    Finding equilibrium with integration (dur=10)...
    Finding equilibrium with integration (dur=10)...
    Finding equilibrium with integration (dur=10)...
    Finding equilibrium with integration (dur=10)...
    Finding equilibrium with integration (dur=10)...
    Finding equilibrium with integration (dur=10)...
    Finding equilibrium with integration (dur=10)...
    Finding equilibrium with integration (dur=10)...
[0720]    5.502 | 0.250 0.250 0.500 0.000 0.000 | 1.000 | 0.323 0.000
    TIMING: total=1.7s | estimate_prob=1.1s (63%) | cost_grad=0.0s (0%) | other=0.6s
    Finding equilibrium with integration (dur=10)...
    Finding equilibrium with integration (dur=10)...
    Finding equilibrium with integration (dur=10)...
    Finding equilibrium with integration (dur=10)...
    Finding equilibrium with integration (dur=10)...
    Finding equilibrium with integration (dur=10)...
    Finding equilibrium with integration (dur=10)...
    Finding equilibrium with integration (dur=10)...
    Finding equilibrium with integration (dur=10)...
    Finding equilibrium with integration (dur=10)...
[0730]    7.290 | 0.500 0.250 0.000 0.250 0.000 | 1.000 | 0.177 0.000
    TIMING: total=1.7s | estimate_prob=1.1s (64%) | cost_grad=0.0s (0%) | other=0.6s
    Finding equilibrium with integration (dur=10)...
    Finding equilibrium with integration (dur=10)...
    Finding equilibrium with integration (dur=10)...
    Finding equilibrium with integration (dur=10)...
    Finding equilibrium with integration (dur=10)...
    Finding equilibrium with integration (dur=10)...
    Finding equilibrium with integration (dur=10)...
    Finding equilibrium with integration (dur=10)...
    Finding equilibrium with integration (dur=10)...
    Finding equilibrium with integration (dur=10)...
[0740]    5.411 | 0.250 0.500 0.250 0.000 0.000 | 1.000 | 0.192 0.000
    TIMING: total=1.7s | estimate_prob=1.0s (61%) | cost_grad=0.0s (1%) | other=0.7s
    Finding equilibrium with integration (dur=10)...
    Finding equilibrium with integration (dur=10)...
    Finding equilibrium with integration (dur=10)...
    Finding equilibrium with integration (dur=10)...
    Finding equilibrium with integration (dur=10)...
    Finding equilibrium with integration (dur=10)...
    Finding equilibrium with integration (dur=10)...
    Finding equilibrium with integration (dur=10)...
    Finding equilibrium with integration (dur=10)...
    Finding equilibrium with integration (dur=10)...
[0750]    1.667 | 0.250 0.250 0.250 0.250 0.000 | 1.000 | 0.204 0.000
    TIMING: total=1.8s | estimate_prob=1.1s (61%) | cost_grad=0.0s (0%) | other=0.7s
    Finding equilibrium with integration (dur=10)...
    Finding equilibrium with integration (dur=10)...
    Finding equilibrium with integration (dur=10)...
    Finding equilibrium with integration (dur=10)...
    Finding equilibrium with integration (dur=10)...
    Finding equilibrium with integration (dur=10)...
    Finding equilibrium with integration (dur=10)...
    Finding equilibrium with integration (dur=10)...
    Finding equilibrium with integration (dur=10)...
    Finding equilibrium with integration (dur=10)...
[0760]   11.035 | 0.500 0.500 0.000 0.000 0.000 | 1.000 | 0.296 0.000
    TIMING: total=1.8s | estimate_prob=1.1s (63%) | cost_grad=0.0s (0%) | other=0.7s
    Finding equilibrium with integration (dur=10)...
    Finding equilibrium with integration (dur=10)...
    Finding equilibrium with integration (dur=10)...
    Finding equilibrium with integration (dur=10)...
    Finding equilibrium with integration (dur=10)...
    Finding equilibrium with integration (dur=10)...
    Finding equilibrium with integration (dur=10)...
    Finding equilibrium with integration (dur=10)...
    Finding equilibrium with integration (dur=10)...
    Finding equilibrium with integration (dur=10)...
[0770]   11.762 | 0.250 0.000 0.500 0.250 0.000 | 1.000 | 0.454 0.000
    TIMING: total=1.8s | estimate_prob=1.1s (63%) | cost_grad=0.0s (0%) | other=0.7s
    Finding equilibrium with integration (dur=10)...
    Finding equilibrium with integration (dur=10)...
    Finding equilibrium with integration (dur=10)...
    Finding equilibrium with integration (dur=10)...
    Finding equilibrium with integration (dur=10)...
    Finding equilibrium with integration (dur=10)...
    Finding equilibrium with integration (dur=10)...
    Finding equilibrium with integration (dur=10)...
    Finding equilibrium with integration (dur=10)...
    Finding equilibrium with integration (dur=10)...
[0780]   16.680 | 0.000 0.500 0.500 0.000 0.000 | 1.000 | 0.344 0.000
    TIMING: total=1.8s | estimate_prob=1.1s (65%) | cost_grad=0.0s (0%) | other=0.6s
    Finding equilibrium with integration (dur=10)...
    Finding equilibrium with integration (dur=10)...
    Finding equilibrium with integration (dur=10)...
    Finding equilibrium with integration (dur=10)...
    Finding equilibrium with integration (dur=10)...
    Finding equilibrium with integration (dur=10)...
    Finding equilibrium with integration (dur=10)...
    Finding equilibrium with integration (dur=10)...
    Finding equilibrium with integration (dur=10)...
    Finding equilibrium with integration (dur=10)...
[0790]    5.387 | 0.500 0.250 0.250 0.000 0.000 | 1.000 | 0.230 0.000
    TIMING: total=1.8s | estimate_prob=1.1s (63%) | cost_grad=0.0s (0%) | other=0.7s
    Finding equilibrium with integration (dur=10)...
    Finding equilibrium with integration (dur=10)...
    Finding equilibrium with integration (dur=10)...
    Finding equilibrium with integration (dur=10)...
    Finding equilibrium with integration (dur=10)...
    Finding equilibrium with integration (dur=10)...
    Finding equilibrium with integration (dur=10)...
    Finding equilibrium with integration (dur=10)...
    Finding equilibrium with integration (dur=10)...
    Finding equilibrium with integration (dur=10)...
[0800]   12.975 | 0.000 0.250 0.250 0.500 0.000 | 1.000 | 0.454 0.000
    TIMING: total=1.7s | estimate_prob=1.1s (62%) | cost_grad=0.0s (0%) | other=0.7s
    Finding equilibrium with integration (dur=10)...
    Finding equilibrium with integration (dur=10)...
    Finding equilibrium with integration (dur=10)...
    Finding equilibrium with integration (dur=10)...
    Finding equilibrium with integration (dur=10)...
    Finding equilibrium with integration (dur=10)...
    Finding equilibrium with integration (dur=10)...
    Finding equilibrium with integration (dur=10)...
    Finding equilibrium with integration (dur=10)...
    Finding equilibrium with integration (dur=10)...
[0810]   18.581 | 0.000 0.750 0.000 0.250 0.000 | 1.000 | 0.520 0.000
    TIMING: total=1.8s | estimate_prob=1.1s (63%) | cost_grad=0.0s (0%) | other=0.6s
    Finding equilibrium with integration (dur=10)...
    Finding equilibrium with integration (dur=10)...
    Finding equilibrium with integration (dur=10)...
    Finding equilibrium with integration (dur=10)...
    Finding equilibrium with integration (dur=10)...
    Finding equilibrium with integration (dur=10)...
    Finding equilibrium with integration (dur=10)...
    Finding equilibrium with integration (dur=10)...
    Finding equilibrium with integration (dur=10)...
    Finding equilibrium with integration (dur=10)...
[0820]   12.935 | 0.000 0.250 0.500 0.250 0.000 | 1.000 | 0.454 0.000
    TIMING: total=1.8s | estimate_prob=1.2s (64%) | cost_grad=0.0s (0%) | other=0.6s
    Finding equilibrium with integration (dur=10)...
    Finding equilibrium with integration (dur=10)...
    Finding equilibrium with integration (dur=10)...
    Finding equilibrium with integration (dur=10)...
    Finding equilibrium with integration (dur=10)...
    Finding equilibrium with integration (dur=10)...
    Finding equilibrium with integration (dur=10)...
    Finding equilibrium with integration (dur=10)...
    Finding equilibrium with integration (dur=10)...
    Finding equilibrium with integration (dur=10)...
[0830]   22.450 | 0.000 1.000 0.000 0.000 0.000 | 1.000 | 0.692 0.000
    TIMING: total=1.8s | estimate_prob=1.2s (64%) | cost_grad=0.0s (0%) | other=0.7s
    Finding equilibrium with integration (dur=10)...
    Finding equilibrium with integration (dur=10)...
    Finding equilibrium with integration (dur=10)...
    Finding equilibrium with integration (dur=10)...
    Finding equilibrium with integration (dur=10)...
    Finding equilibrium with integration (dur=10)...
    Finding equilibrium with integration (dur=10)...
    Finding equilibrium with integration (dur=10)...
    Finding equilibrium with integration (dur=10)...
    Finding equilibrium with integration (dur=10)...
[0840]   23.081 | 0.000 0.000 0.750 0.250 0.000 | 1.000 | 0.704 0.000
    TIMING: total=1.7s | estimate_prob=1.1s (61%) | cost_grad=0.0s (1%) | other=0.7s
    Finding equilibrium with integration (dur=10)...
    Finding equilibrium with integration (dur=10)...
    Finding equilibrium with integration (dur=10)...
    Finding equilibrium with integration (dur=10)...
    Finding equilibrium with integration (dur=10)...
    Finding equilibrium with integration (dur=10)...
    Finding equilibrium with integration (dur=10)...
    Finding equilibrium with integration (dur=10)...
    Finding equilibrium with integration (dur=10)...
    Finding equilibrium with integration (dur=10)...
[0850]   23.081 | 0.000 0.000 0.750 0.250 0.000 | 1.000 | 0.704 0.000
    TIMING: total=1.9s | estimate_prob=1.2s (63%) | cost_grad=0.0s (0%) | other=0.7s
    Finding equilibrium with integration (dur=10)...
    Finding equilibrium with integration (dur=10)...
    Finding equilibrium with integration (dur=10)...
    Finding equilibrium with integration (dur=10)...
    Finding equilibrium with integration (dur=10)...
    Finding equilibrium with integration (dur=10)...
    Finding equilibrium with integration (dur=10)...
    Finding equilibrium with integration (dur=10)...
    Finding equilibrium with integration (dur=10)...
    Finding equilibrium with integration (dur=10)...
[0860]   17.195 | 0.000 0.250 0.000 0.250 0.250 | 0.750 | 0.579 0.000
    TIMING: total=1.8s | estimate_prob=1.2s (65%) | cost_grad=0.0s (1%) | other=0.6s
    Finding equilibrium with integration (dur=10)...
    Finding equilibrium with integration (dur=10)...
    Finding equilibrium with integration (dur=10)...
    Finding equilibrium with integration (dur=10)...
    Finding equilibrium with integration (dur=10)...
    Finding equilibrium with integration (dur=10)...
    Finding equilibrium with integration (dur=10)...
    Finding equilibrium with integration (dur=10)...
    Finding equilibrium with integration (dur=10)...
    Finding equilibrium with integration (dur=10)...
[0870]   15.482 | 0.500 0.000 0.500 0.000 0.000 | 1.000 | 0.480 0.000
    TIMING: total=1.7s | estimate_prob=1.1s (63%) | cost_grad=0.0s (0%) | other=0.6s
    Finding equilibrium with integration (dur=10)...
    Finding equilibrium with integration (dur=10)...
    Finding equilibrium with integration (dur=10)...
    Finding equilibrium with integration (dur=10)...
    Finding equilibrium with integration (dur=10)...
    Finding equilibrium with integration (dur=10)...
    Finding equilibrium with integration (dur=10)...
    Finding equilibrium with integration (dur=10)...
    Finding equilibrium with integration (dur=10)...
    Finding equilibrium with integration (dur=10)...
[0880]   27.282 | 0.000 0.000 0.000 0.750 0.250 | 1.000 | 0.829 0.000
    TIMING: total=1.8s | estimate_prob=1.2s (65%) | cost_grad=0.0s (0%) | other=0.6s
    Finding equilibrium with integration (dur=10)...
    Finding equilibrium with integration (dur=10)...
    Finding equilibrium with integration (dur=10)...
    Finding equilibrium with integration (dur=10)...
    Finding equilibrium with integration (dur=10)...
    Finding equilibrium with integration (dur=10)...
    Finding equilibrium with integration (dur=10)...
    Finding equilibrium with integration (dur=10)...
    Finding equilibrium with integration (dur=10)...
    Finding equilibrium with integration (dur=10)...
[0890]   11.035 | 0.500 0.500 0.000 0.000 0.000 | 1.000 | 0.296 0.000
    TIMING: total=1.6s | estimate_prob=1.0s (64%) | cost_grad=0.0s (0%) | other=0.6s
    Finding equilibrium with integration (dur=10)...
    Finding equilibrium with integration (dur=10)...
    Finding equilibrium with integration (dur=10)...
    Finding equilibrium with integration (dur=10)...
    Finding equilibrium with integration (dur=10)...
    Finding equilibrium with integration (dur=10)...
    Finding equilibrium with integration (dur=10)...
    Finding equilibrium with integration (dur=10)...
    Finding equilibrium with integration (dur=10)...
    Finding equilibrium with integration (dur=10)...
[0900]   22.450 | 0.000 1.000 0.000 0.000 0.000 | 1.000 | 0.692 0.000
    TIMING: total=1.7s | estimate_prob=1.1s (64%) | cost_grad=0.0s (0%) | other=0.6s
    Finding equilibrium with integration (dur=10)...
    Finding equilibrium with integration (dur=10)...
    Finding equilibrium with integration (dur=10)...
    Finding equilibrium with integration (dur=10)...
    Finding equilibrium with integration (dur=10)...
    Finding equilibrium with integration (dur=10)...
    Finding equilibrium with integration (dur=10)...
    Finding equilibrium with integration (dur=10)...
    Finding equilibrium with integration (dur=10)...
    Finding equilibrium with integration (dur=10)...
[0910]   11.646 | 0.500 0.000 0.250 0.250 0.000 | 1.000 | 0.360 0.000
    TIMING: total=1.9s | estimate_prob=1.1s (61%) | cost_grad=0.0s (1%) | other=0.7s
    Finding equilibrium with integration (dur=10)...
    Finding equilibrium with integration (dur=10)...
    Finding equilibrium with integration (dur=10)...
    Finding equilibrium with integration (dur=10)...
    Finding equilibrium with integration (dur=10)...
    Finding equilibrium with integration (dur=10)...
    Finding equilibrium with integration (dur=10)...
    Finding equilibrium with integration (dur=10)...
    Finding equilibrium with integration (dur=10)...
    Finding equilibrium with integration (dur=10)...
[0920]   15.465 | 0.750 0.000 0.250 0.000 0.000 | 1.000 | 0.480 0.000
    TIMING: total=1.8s | estimate_prob=1.1s (63%) | cost_grad=0.0s (0%) | other=0.7s
    Finding equilibrium with integration (dur=10)...
    Finding equilibrium with integration (dur=10)...
    Finding equilibrium with integration (dur=10)...
    Finding equilibrium with integration (dur=10)...
    Finding equilibrium with integration (dur=10)...
    Finding equilibrium with integration (dur=10)...
    Finding equilibrium with integration (dur=10)...
    Finding equilibrium with integration (dur=10)...
    Finding equilibrium with integration (dur=10)...
    Finding equilibrium with integration (dur=10)...
[0930]   11.109 | 0.750 0.250 0.000 0.000 0.000 | 1.000 | 0.406 0.000
    TIMING: total=1.8s | estimate_prob=1.1s (63%) | cost_grad=0.0s (0%) | other=0.6s
    Finding equilibrium with integration (dur=10)...
    Finding equilibrium with integration (dur=10)...
    Finding equilibrium with integration (dur=10)...
    Finding equilibrium with integration (dur=10)...
    Finding equilibrium with integration (dur=10)...
    Finding equilibrium with integration (dur=10)...
    Finding equilibrium with integration (dur=10)...
    Finding equilibrium with integration (dur=10)...
    Finding equilibrium with integration (dur=10)...
    Finding equilibrium with integration (dur=10)...
[0940]   16.680 | 0.000 0.500 0.500 0.000 0.000 | 1.000 | 0.344 0.000
    TIMING: total=1.7s | estimate_prob=1.1s (63%) | cost_grad=0.0s (0%) | other=0.6s
    Finding equilibrium with integration (dur=10)...
    Finding equilibrium with integration (dur=10)...
    Finding equilibrium with integration (dur=10)...
    Finding equilibrium with integration (dur=10)...
    Finding equilibrium with integration (dur=10)...
    Finding equilibrium with integration (dur=10)...
    Finding equilibrium with integration (dur=10)...
    Finding equilibrium with integration (dur=10)...
    Finding equilibrium with integration (dur=10)...
    Finding equilibrium with integration (dur=10)...
[0950]   15.482 | 0.500 0.000 0.500 0.000 0.000 | 1.000 | 0.480 0.000
    TIMING: total=1.8s | estimate_prob=1.1s (62%) | cost_grad=0.0s (0%) | other=0.7s
    Finding equilibrium with integration (dur=10)...
    Finding equilibrium with integration (dur=10)...
    Finding equilibrium with integration (dur=10)...
    Finding equilibrium with integration (dur=10)...
    Finding equilibrium with integration (dur=10)...
    Finding equilibrium with integration (dur=10)...
    Finding equilibrium with integration (dur=10)...
    Finding equilibrium with integration (dur=10)...
    Finding equilibrium with integration (dur=10)...
    Finding equilibrium with integration (dur=10)...
[0960]   15.465 | 0.750 0.000 0.250 0.000 0.000 | 1.000 | 0.480 0.000
    TIMING: total=1.8s | estimate_prob=1.1s (61%) | cost_grad=0.0s (0%) | other=0.7s
    Finding equilibrium with integration (dur=10)...
    Finding equilibrium with integration (dur=10)...
    Finding equilibrium with integration (dur=10)...
    Finding equilibrium with integration (dur=10)...
    Finding equilibrium with integration (dur=10)...
    Finding equilibrium with integration (dur=10)...
    Finding equilibrium with integration (dur=10)...
    Finding equilibrium with integration (dur=10)...
    Finding equilibrium with integration (dur=10)...
    Finding equilibrium with integration (dur=10)...
[0970]   16.803 | 0.000 0.500 0.250 0.000 0.000 | 0.750 | 0.442 0.000
    TIMING: total=1.8s | estimate_prob=1.1s (64%) | cost_grad=0.0s (1%) | other=0.6s
    Finding equilibrium with integration (dur=10)...
    Finding equilibrium with integration (dur=10)...
    Finding equilibrium with integration (dur=10)...
    Finding equilibrium with integration (dur=10)...
    Finding equilibrium with integration (dur=10)...
    Finding equilibrium with integration (dur=10)...
    Finding equilibrium with integration (dur=10)...
    Finding equilibrium with integration (dur=10)...
    Finding equilibrium with integration (dur=10)...
    Finding equilibrium with integration (dur=10)...
[0980]   11.148 | 0.250 0.750 0.000 0.000 0.000 | 1.000 | 0.442 0.000
    TIMING: total=1.8s | estimate_prob=1.1s (63%) | cost_grad=0.0s (1%) | other=0.7s
    Finding equilibrium with integration (dur=10)...
    Finding equilibrium with integration (dur=10)...
    Finding equilibrium with integration (dur=10)...
    Finding equilibrium with integration (dur=10)...
    Finding equilibrium with integration (dur=10)...
    Finding equilibrium with integration (dur=10)...
    Finding equilibrium with integration (dur=10)...
    Finding equilibrium with integration (dur=10)...
    Finding equilibrium with integration (dur=10)...
    Finding equilibrium with integration (dur=10)...
[0990]   12.844 | 0.000 0.500 0.250 0.250 0.000 | 1.000 | 0.344 0.000
    TIMING: total=1.8s | estimate_prob=1.1s (64%) | cost_grad=0.0s (0%) | other=0.6s
    Finding equilibrium with integration (dur=10)...
    Finding equilibrium with integration (dur=10)...
    Finding equilibrium with integration (dur=10)...
    Finding equilibrium with integration (dur=10)...
    Finding equilibrium with integration (dur=10)...
    Finding equilibrium with integration (dur=10)...
    Finding equilibrium with integration (dur=10)...
    Finding equilibrium with integration (dur=10)...
    Finding equilibrium with integration (dur=10)...
    Finding equilibrium with integration (dur=10)...
[1000]   15.648 | 0.250 0.000 0.750 0.000 0.000 | 1.000 | 0.573 0.000
    TIMING: total=1.8s | estimate_prob=1.1s (64%) | cost_grad=0.0s (0%) | other=0.6s

======================================================================
Training complete!

========================================
=== WC Statistics AFTER Training ===
  WC type: dense
  WC sum: -818.000000
  WC diagonal sum: -2338.000000
  WC max: 5.910000, min: -10.000000
========================================
Final KL divergence: 16.006 (SD = 4.820)
Final production accuracy: 0.965 (SD = 0.106)

Final learned probabilities Q(S):
Sentence 0: Q = 0.343
Sentence 1: Q = 0.285
Sentence 2: Q = 0.182
Sentence 3: Q = 0.115
Sentence 4: Q = 0.040

======================================================================
Generating training plots (Figure 11)...
Note: plot_train_result() will display 3 separate plots
======================================================================

======================================================================
Testing parsing accuracy (Figure 12)...
======================================================================
Sentence 0 ACC = 1.000 (N Vi)
Sentence 1 ACC = 1.000 (N Vi P N)
Sentence 2 ACC = 0.700 (N BE Vpp)
Sentence 3 ACC = 1.000 (N BE Vpp P N)
Sentence 4 ACC = 0.400 (N Vpp P N Vi)
Commitment t= 1: Overall accuracy = 0.820
  S0 (N Vi): 1.000
  S1 (N Vi P N): 1.000
  S2 (N BE Vpp): 0.700
  S3 (N BE Vpp P N): 1.000
  S4 (N Vpp P N Vi): 0.400
Sentence 0 ACC = 0.900 (N Vi)
Sentence 1 ACC = 1.000 (N Vi P N)
Sentence 2 ACC = 0.900 (N BE Vpp)
Sentence 3 ACC = 1.000 (N BE Vpp P N)
Sentence 4 ACC = 0.400 (N Vpp P N Vi)
Commitment t= 2: Overall accuracy = 0.840
  S0 (N Vi): 0.900
  S1 (N Vi P N): 1.000
  S2 (N BE Vpp): 0.900
  S3 (N BE Vpp P N): 1.000
  S4 (N Vpp P N Vi): 0.400
Sentence 0 ACC = 1.000 (N Vi)
Sentence 1 ACC = 1.000 (N Vi P N)
Sentence 2 ACC = 1.000 (N BE Vpp)
Sentence 3 ACC = 1.000 (N BE Vpp P N)
Sentence 4 ACC = 0.200 (N Vpp P N Vi)
Commitment t= 3: Overall accuracy = 0.840
  S0 (N Vi): 1.000
  S1 (N Vi P N): 1.000
  S2 (N BE Vpp): 1.000
  S3 (N BE Vpp P N): 1.000
  S4 (N Vpp P N Vi): 0.200
Sentence 0 ACC = 1.000 (N Vi)
Sentence 1 ACC = 1.000 (N Vi P N)
Sentence 2 ACC = 1.000 (N BE Vpp)
Sentence 3 ACC = 1.000 (N BE Vpp P N)
Sentence 4 ACC = 0.400 (N Vpp P N Vi)
Commitment t= 4: Overall accuracy = 0.880
  S0 (N Vi): 1.000
  S1 (N Vi P N): 1.000
  S2 (N BE Vpp): 1.000
  S3 (N BE Vpp P N): 1.000
  S4 (N Vpp P N Vi): 0.400
Sentence 0 ACC = 1.000 (N Vi)
Sentence 1 ACC = 1.000 (N Vi P N)
Sentence 2 ACC = 1.000 (N BE Vpp)
Sentence 3 ACC = 1.000 (N BE Vpp P N)
Sentence 4 ACC = 0.000 (N Vpp P N Vi)
Commitment t= 5: Overall accuracy = 0.800
  S0 (N Vi): 1.000
  S1 (N Vi P N): 1.000
  S2 (N BE Vpp): 1.000
  S3 (N BE Vpp P N): 1.000
  S4 (N Vpp P N Vi): 0.000
Sentence 0 ACC = 1.000 (N Vi)
Sentence 1 ACC = 1.000 (N Vi P N)
Sentence 2 ACC = 1.000 (N BE Vpp)
Sentence 3 ACC = 1.000 (N BE Vpp P N)
Sentence 4 ACC = 0.000 (N Vpp P N Vi)
Commitment t= 6: Overall accuracy = 0.800
  S0 (N Vi): 1.000
  S1 (N Vi P N): 1.000
  S2 (N BE Vpp): 1.000
  S3 (N BE Vpp P N): 1.000
  S4 (N Vpp P N Vi): 0.000
Sentence 0 ACC = 1.000 (N Vi)
Sentence 1 ACC = 1.000 (N Vi P N)
Sentence 2 ACC = 1.000 (N BE Vpp)
Sentence 3 ACC = 0.600 (N BE Vpp P N)
Sentence 4 ACC = 0.000 (N Vpp P N Vi)
Commitment t= 7: Overall accuracy = 0.720
  S0 (N Vi): 1.000
  S1 (N Vi P N): 1.000
  S2 (N BE Vpp): 1.000
  S3 (N BE Vpp P N): 0.600
  S4 (N Vpp P N Vi): 0.000
Sentence 0 ACC = 1.000 (N Vi)
Sentence 1 ACC = 1.000 (N Vi P N)
Sentence 2 ACC = 1.000 (N BE Vpp)
Sentence 3 ACC = 0.600 (N BE Vpp P N)
Sentence 4 ACC = 0.000 (N Vpp P N Vi)
Commitment t= 8: Overall accuracy = 0.720
  S0 (N Vi): 1.000
  S1 (N Vi P N): 1.000
  S2 (N BE Vpp): 1.000
  S3 (N BE Vpp P N): 0.600
  S4 (N Vpp P N Vi): 0.000
Sentence 0 ACC = 1.000 (N Vi)
Sentence 1 ACC = 1.000 (N Vi P N)
Sentence 2 ACC = 1.000 (N BE Vpp)
Sentence 3 ACC = 0.700 (N BE Vpp P N)
Sentence 4 ACC = 0.000 (N Vpp P N Vi)
Commitment t= 9: Overall accuracy = 0.740
  S0 (N Vi): 1.000
  S1 (N Vi P N): 1.000
  S2 (N BE Vpp): 1.000
  S3 (N BE Vpp P N): 0.700
  S4 (N Vpp P N Vi): 0.000
Sentence 0 ACC = 1.000 (N Vi)
Sentence 1 ACC = 1.000 (N Vi P N)
Sentence 2 ACC = 1.000 (N BE Vpp)
Sentence 3 ACC = 0.500 (N BE Vpp P N)
Sentence 4 ACC = 0.000 (N Vpp P N Vi)
Commitment t=10: Overall accuracy = 0.700
  S0 (N Vi): 1.000
  S1 (N Vi P N): 1.000
  S2 (N BE Vpp): 1.000
  S3 (N BE Vpp P N): 0.500
  S4 (N Vpp P N Vi): 0.000
Sentence 0 ACC = 1.000 (N Vi)
Sentence 1 ACC = 0.700 (N Vi P N)
Sentence 2 ACC = 1.000 (N BE Vpp)
Sentence 3 ACC = 0.500 (N BE Vpp P N)
Sentence 4 ACC = 0.000 (N Vpp P N Vi)
Commitment t=11: Overall accuracy = 0.640
  S0 (N Vi): 1.000
  S1 (N Vi P N): 0.700
  S2 (N BE Vpp): 1.000
  S3 (N BE Vpp P N): 0.500
  S4 (N Vpp P N Vi): 0.000
Sentence 0 ACC = 1.000 (N Vi)
Sentence 1 ACC = 0.900 (N Vi P N)
Sentence 2 ACC = 0.900 (N BE Vpp)
Sentence 3 ACC = 0.500 (N BE Vpp P N)
Sentence 4 ACC = 0.000 (N Vpp P N Vi)
Commitment t=12: Overall accuracy = 0.660
  S0 (N Vi): 1.000
  S1 (N Vi P N): 0.900
  S2 (N BE Vpp): 0.900
  S3 (N BE Vpp P N): 0.500
  S4 (N Vpp P N Vi): 0.000

======================================================================
Generating treelet activation trajectories for each sentence type...
======================================================================

=== CORPUS SENTENCE ORDER ===
S0: N Vi
S1: N Vi P N
S2: N BE Vpp
S3: N BE Vpp P N
S4: N Vpp P N Vi
======================================================================

Generating plots for Sentence 0: N Vi
rules are [{'m': 'NP[1]:0', 'd1': '*N:0', 'd2': 'RC[1]:1', 'p': np.float64(1.0)}, {'m': 'PP[1]:1', 'd1': 'P:0', 'd2': 'N:1', 'p': np.float64(1.0)}, {'m': 'RC[1]:1', 'd1': '*Vpp:0', 'd2': 'PP[1]:1', 'p': np.float64(1.0)}, {'m': 'S[1]:0', 'd1': 'N:0', 'd2': 'Vi:1', 'p': np.float64(0.35)}, {'m': 'S[2]:0', 'd1': '*N:0', 'd2': 'VP[1]:1', 'p': np.float64(0.3)}, {'m': 'S[2]:0', 'd1': '*N:0', 'd2': 'VP[2]:1', 'p': np.float64(0.18)}, {'m': 'S[2]:0', 'd1': '*N:0', 'd2': 'VP[3]:1', 'p': np.float64(0.12)}, {'m': 'S[3]:0', 'd1': 'NP[1]:0', 'd2': '*Vi:1', 'p': np.float64(0.05)}, {'m': 'VP[1]:1', 'd1': '*Vi:0', 'd2': 'PP[1]:1', 'p': np.float64(0.5)}, {'m': 'VP[2]:1', 'd1': 'BE:0', 'd2': 'Vpp:1', 'p': np.float64(0.3)}, {'m': 'VP[3]:1', 'd1': '*BE:0', 'd2': 'VPpp[1]:1', 'p': np.float64(0.2)}, {'m': 'VPpp[1]:1', 'd1': '*Vpp:0', 'd2': 'PP[1]:1', 'p': np.float64(1.0)}, {'m': '*@:1', 'd1': None, 'd2': '@:1', 'p': None}, {'m': '*@:1', 'd1': None, 'd2': '*@:1', 'p': None}, {'m': '*BE:0', 'd1': 'BE:0', 'd2': None, 'p': None}, {'m': '*BE:0', 'd1': '*BE:0', 'd2': None, 'p': None}, {'m': '*N:0', 'd1': 'N:0', 'd2': None, 'p': None}, {'m': '*N:0', 'd1': '*N:0', 'd2': None, 'p': None}, {'m': '*Vi:0', 'd1': 'Vi:0', 'd2': None, 'p': None}, {'m': '*Vi:0', 'd1': '*Vi:0', 'd2': None, 'p': None}, {'m': '*Vi:1', 'd1': None, 'd2': 'Vi:1', 'p': None}, {'m': '*Vi:1', 'd1': None, 'd2': '*Vi:1', 'p': None}, {'m': '*Vpp:0', 'd1': 'Vpp:0', 'd2': None, 'p': None}, {'m': '*Vpp:0', 'd1': '*Vpp:0', 'd2': None, 'p': None}, {'m': '#:0', 'd1': 'S[1]:0', 'd2': '*@:1', 'p': None}, {'m': '#:0', 'd1': 'S[2]:0', 'd2': '*@:1', 'p': None}, {'m': '#:0', 'd1': 'S[3]:0', 'd2': '*@:1', 'p': None}]
labs are ['NP[1](*N,RC[1])', 'PP[1](P,N)', 'RC[1](*Vpp,PP[1])', 'S[1](N,Vi)', 'S[2](*N,VP[1])', 'S[2](*N,VP[2])', 'S[2](*N,VP[3])', 'S[3](NP[1],*Vi)', 'VP[1](*Vi,PP[1])', 'VP[2](BE,Vpp)', 'VP[3](*BE,VPpp[1])', 'VPpp[1](*Vpp,PP[1])', '*@(,@)', '*@(,*@)', '*BE(BE,)', '*BE(*BE,)', '*N(N,)', '*N(*N,)', '*Vi(Vi,)', '*Vi(*Vi,)', '*Vi(,Vi)', '*Vi(,*Vi)', '*Vpp(Vpp,)', '*Vpp(*Vpp,)', '#(S[1],*@)', '#(S[2],*@)', '#(S[3],*@)']
focus_idx is [ 3 16 20 17]
labs_focus is ['S[1](N,Vi)', '*N(N,)', '*Vi(,Vi)', '*N(*N,)']
rules are [{'m': 'NP[1]:0', 'd1': '*N:0', 'd2': 'RC[1]:1', 'p': np.float64(1.0)}, {'m': 'PP[1]:1', 'd1': 'P:0', 'd2': 'N:1', 'p': np.float64(1.0)}, {'m': 'RC[1]:1', 'd1': '*Vpp:0', 'd2': 'PP[1]:1', 'p': np.float64(1.0)}, {'m': 'S[1]:0', 'd1': 'N:0', 'd2': 'Vi:1', 'p': np.float64(0.35)}, {'m': 'S[2]:0', 'd1': '*N:0', 'd2': 'VP[1]:1', 'p': np.float64(0.3)}, {'m': 'S[2]:0', 'd1': '*N:0', 'd2': 'VP[2]:1', 'p': np.float64(0.18)}, {'m': 'S[2]:0', 'd1': '*N:0', 'd2': 'VP[3]:1', 'p': np.float64(0.12)}, {'m': 'S[3]:0', 'd1': 'NP[1]:0', 'd2': '*Vi:1', 'p': np.float64(0.05)}, {'m': 'VP[1]:1', 'd1': '*Vi:0', 'd2': 'PP[1]:1', 'p': np.float64(0.5)}, {'m': 'VP[2]:1', 'd1': 'BE:0', 'd2': 'Vpp:1', 'p': np.float64(0.3)}, {'m': 'VP[3]:1', 'd1': '*BE:0', 'd2': 'VPpp[1]:1', 'p': np.float64(0.2)}, {'m': 'VPpp[1]:1', 'd1': '*Vpp:0', 'd2': 'PP[1]:1', 'p': np.float64(1.0)}, {'m': '*@:1', 'd1': None, 'd2': '@:1', 'p': None}, {'m': '*@:1', 'd1': None, 'd2': '*@:1', 'p': None}, {'m': '*BE:0', 'd1': 'BE:0', 'd2': None, 'p': None}, {'m': '*BE:0', 'd1': '*BE:0', 'd2': None, 'p': None}, {'m': '*N:0', 'd1': 'N:0', 'd2': None, 'p': None}, {'m': '*N:0', 'd1': '*N:0', 'd2': None, 'p': None}, {'m': '*Vi:0', 'd1': 'Vi:0', 'd2': None, 'p': None}, {'m': '*Vi:0', 'd1': '*Vi:0', 'd2': None, 'p': None}, {'m': '*Vi:1', 'd1': None, 'd2': 'Vi:1', 'p': None}, {'m': '*Vi:1', 'd1': None, 'd2': '*Vi:1', 'p': None}, {'m': '*Vpp:0', 'd1': 'Vpp:0', 'd2': None, 'p': None}, {'m': '*Vpp:0', 'd1': '*Vpp:0', 'd2': None, 'p': None}, {'m': '#:0', 'd1': 'S[1]:0', 'd2': '*@:1', 'p': None}, {'m': '#:0', 'd1': 'S[2]:0', 'd2': '*@:1', 'p': None}, {'m': '#:0', 'd1': 'S[3]:0', 'd2': '*@:1', 'p': None}]
labs are ['NP[1](*N,RC[1])', 'PP[1](P,N)', 'RC[1](*Vpp,PP[1])', 'S[1](N,Vi)', 'S[2](*N,VP[1])', 'S[2](*N,VP[2])', 'S[2](*N,VP[3])', 'S[3](NP[1],*Vi)', 'VP[1](*Vi,PP[1])', 'VP[2](BE,Vpp)', 'VP[3](*BE,VPpp[1])', 'VPpp[1](*Vpp,PP[1])', '*@(,@)', '*@(,*@)', '*BE(BE,)', '*BE(*BE,)', '*N(N,)', '*N(*N,)', '*Vi(Vi,)', '*Vi(*Vi,)', '*Vi(,Vi)', '*Vi(,*Vi)', '*Vpp(Vpp,)', '*Vpp(*Vpp,)', '#(S[1],*@)', '#(S[2],*@)', '#(S[3],*@)']
focus_idx is [13 12 25 26]
labs_focus is ['*@(,*@)', '*@(,@)', '#(S[2],*@)', '#(S[3],*@)']

Generating plots for Sentence 1: N Vi P N
rules are [{'m': 'NP[1]:0', 'd1': '*N:0', 'd2': 'RC[1]:1', 'p': np.float64(1.0)}, {'m': 'PP[1]:1', 'd1': 'P:0', 'd2': 'N:1', 'p': np.float64(1.0)}, {'m': 'RC[1]:1', 'd1': '*Vpp:0', 'd2': 'PP[1]:1', 'p': np.float64(1.0)}, {'m': 'S[1]:0', 'd1': 'N:0', 'd2': 'Vi:1', 'p': np.float64(0.35)}, {'m': 'S[2]:0', 'd1': '*N:0', 'd2': 'VP[1]:1', 'p': np.float64(0.3)}, {'m': 'S[2]:0', 'd1': '*N:0', 'd2': 'VP[2]:1', 'p': np.float64(0.18)}, {'m': 'S[2]:0', 'd1': '*N:0', 'd2': 'VP[3]:1', 'p': np.float64(0.12)}, {'m': 'S[3]:0', 'd1': 'NP[1]:0', 'd2': '*Vi:1', 'p': np.float64(0.05)}, {'m': 'VP[1]:1', 'd1': '*Vi:0', 'd2': 'PP[1]:1', 'p': np.float64(0.5)}, {'m': 'VP[2]:1', 'd1': 'BE:0', 'd2': 'Vpp:1', 'p': np.float64(0.3)}, {'m': 'VP[3]:1', 'd1': '*BE:0', 'd2': 'VPpp[1]:1', 'p': np.float64(0.2)}, {'m': 'VPpp[1]:1', 'd1': '*Vpp:0', 'd2': 'PP[1]:1', 'p': np.float64(1.0)}, {'m': '*@:1', 'd1': None, 'd2': '@:1', 'p': None}, {'m': '*@:1', 'd1': None, 'd2': '*@:1', 'p': None}, {'m': '*BE:0', 'd1': 'BE:0', 'd2': None, 'p': None}, {'m': '*BE:0', 'd1': '*BE:0', 'd2': None, 'p': None}, {'m': '*N:0', 'd1': 'N:0', 'd2': None, 'p': None}, {'m': '*N:0', 'd1': '*N:0', 'd2': None, 'p': None}, {'m': '*Vi:0', 'd1': 'Vi:0', 'd2': None, 'p': None}, {'m': '*Vi:0', 'd1': '*Vi:0', 'd2': None, 'p': None}, {'m': '*Vi:1', 'd1': None, 'd2': 'Vi:1', 'p': None}, {'m': '*Vi:1', 'd1': None, 'd2': '*Vi:1', 'p': None}, {'m': '*Vpp:0', 'd1': 'Vpp:0', 'd2': None, 'p': None}, {'m': '*Vpp:0', 'd1': '*Vpp:0', 'd2': None, 'p': None}, {'m': '#:0', 'd1': 'S[1]:0', 'd2': '*@:1', 'p': None}, {'m': '#:0', 'd1': 'S[2]:0', 'd2': '*@:1', 'p': None}, {'m': '#:0', 'd1': 'S[3]:0', 'd2': '*@:1', 'p': None}]
labs are ['NP[1](*N,RC[1])', 'PP[1](P,N)', 'RC[1](*Vpp,PP[1])', 'S[1](N,Vi)', 'S[2](*N,VP[1])', 'S[2](*N,VP[2])', 'S[2](*N,VP[3])', 'S[3](NP[1],*Vi)', 'VP[1](*Vi,PP[1])', 'VP[2](BE,Vpp)', 'VP[3](*BE,VPpp[1])', 'VPpp[1](*Vpp,PP[1])', '*@(,@)', '*@(,*@)', '*BE(BE,)', '*BE(*BE,)', '*N(N,)', '*N(*N,)', '*Vi(Vi,)', '*Vi(*Vi,)', '*Vi(,Vi)', '*Vi(,*Vi)', '*Vpp(Vpp,)', '*Vpp(*Vpp,)', '#(S[1],*@)', '#(S[2],*@)', '#(S[3],*@)']
focus_idx is [16 17  3  4]
labs_focus is ['*N(N,)', '*N(*N,)', 'S[1](N,Vi)', 'S[2](*N,VP[1])']
rules are [{'m': 'NP[1]:0', 'd1': '*N:0', 'd2': 'RC[1]:1', 'p': np.float64(1.0)}, {'m': 'PP[1]:1', 'd1': 'P:0', 'd2': 'N:1', 'p': np.float64(1.0)}, {'m': 'RC[1]:1', 'd1': '*Vpp:0', 'd2': 'PP[1]:1', 'p': np.float64(1.0)}, {'m': 'S[1]:0', 'd1': 'N:0', 'd2': 'Vi:1', 'p': np.float64(0.35)}, {'m': 'S[2]:0', 'd1': '*N:0', 'd2': 'VP[1]:1', 'p': np.float64(0.3)}, {'m': 'S[2]:0', 'd1': '*N:0', 'd2': 'VP[2]:1', 'p': np.float64(0.18)}, {'m': 'S[2]:0', 'd1': '*N:0', 'd2': 'VP[3]:1', 'p': np.float64(0.12)}, {'m': 'S[3]:0', 'd1': 'NP[1]:0', 'd2': '*Vi:1', 'p': np.float64(0.05)}, {'m': 'VP[1]:1', 'd1': '*Vi:0', 'd2': 'PP[1]:1', 'p': np.float64(0.5)}, {'m': 'VP[2]:1', 'd1': 'BE:0', 'd2': 'Vpp:1', 'p': np.float64(0.3)}, {'m': 'VP[3]:1', 'd1': '*BE:0', 'd2': 'VPpp[1]:1', 'p': np.float64(0.2)}, {'m': 'VPpp[1]:1', 'd1': '*Vpp:0', 'd2': 'PP[1]:1', 'p': np.float64(1.0)}, {'m': '*@:1', 'd1': None, 'd2': '@:1', 'p': None}, {'m': '*@:1', 'd1': None, 'd2': '*@:1', 'p': None}, {'m': '*BE:0', 'd1': 'BE:0', 'd2': None, 'p': None}, {'m': '*BE:0', 'd1': '*BE:0', 'd2': None, 'p': None}, {'m': '*N:0', 'd1': 'N:0', 'd2': None, 'p': None}, {'m': '*N:0', 'd1': '*N:0', 'd2': None, 'p': None}, {'m': '*Vi:0', 'd1': 'Vi:0', 'd2': None, 'p': None}, {'m': '*Vi:0', 'd1': '*Vi:0', 'd2': None, 'p': None}, {'m': '*Vi:1', 'd1': None, 'd2': 'Vi:1', 'p': None}, {'m': '*Vi:1', 'd1': None, 'd2': '*Vi:1', 'p': None}, {'m': '*Vpp:0', 'd1': 'Vpp:0', 'd2': None, 'p': None}, {'m': '*Vpp:0', 'd1': '*Vpp:0', 'd2': None, 'p': None}, {'m': '#:0', 'd1': 'S[1]:0', 'd2': '*@:1', 'p': None}, {'m': '#:0', 'd1': 'S[2]:0', 'd2': '*@:1', 'p': None}, {'m': '#:0', 'd1': 'S[3]:0', 'd2': '*@:1', 'p': None}]
labs are ['NP[1](*N,RC[1])', 'PP[1](P,N)', 'RC[1](*Vpp,PP[1])', 'S[1](N,Vi)', 'S[2](*N,VP[1])', 'S[2](*N,VP[2])', 'S[2](*N,VP[3])', 'S[3](NP[1],*Vi)', 'VP[1](*Vi,PP[1])', 'VP[2](BE,Vpp)', 'VP[3](*BE,VPpp[1])', 'VPpp[1](*Vpp,PP[1])', '*@(,@)', '*@(,*@)', '*BE(BE,)', '*BE(*BE,)', '*N(N,)', '*N(*N,)', '*Vi(Vi,)', '*Vi(*Vi,)', '*Vi(,Vi)', '*Vi(,*Vi)', '*Vpp(Vpp,)', '*Vpp(*Vpp,)', '#(S[1],*@)', '#(S[2],*@)', '#(S[3],*@)']
focus_idx is [ 8 19 11  2]
labs_focus is ['VP[1](*Vi,PP[1])', '*Vi(*Vi,)', 'VPpp[1](*Vpp,PP[1])', 'RC[1](*Vpp,PP[1])']

Generating plots for Sentence 2: N BE Vpp
rules are [{'m': 'NP[1]:0', 'd1': '*N:0', 'd2': 'RC[1]:1', 'p': np.float64(1.0)}, {'m': 'PP[1]:1', 'd1': 'P:0', 'd2': 'N:1', 'p': np.float64(1.0)}, {'m': 'RC[1]:1', 'd1': '*Vpp:0', 'd2': 'PP[1]:1', 'p': np.float64(1.0)}, {'m': 'S[1]:0', 'd1': 'N:0', 'd2': 'Vi:1', 'p': np.float64(0.35)}, {'m': 'S[2]:0', 'd1': '*N:0', 'd2': 'VP[1]:1', 'p': np.float64(0.3)}, {'m': 'S[2]:0', 'd1': '*N:0', 'd2': 'VP[2]:1', 'p': np.float64(0.18)}, {'m': 'S[2]:0', 'd1': '*N:0', 'd2': 'VP[3]:1', 'p': np.float64(0.12)}, {'m': 'S[3]:0', 'd1': 'NP[1]:0', 'd2': '*Vi:1', 'p': np.float64(0.05)}, {'m': 'VP[1]:1', 'd1': '*Vi:0', 'd2': 'PP[1]:1', 'p': np.float64(0.5)}, {'m': 'VP[2]:1', 'd1': 'BE:0', 'd2': 'Vpp:1', 'p': np.float64(0.3)}, {'m': 'VP[3]:1', 'd1': '*BE:0', 'd2': 'VPpp[1]:1', 'p': np.float64(0.2)}, {'m': 'VPpp[1]:1', 'd1': '*Vpp:0', 'd2': 'PP[1]:1', 'p': np.float64(1.0)}, {'m': '*@:1', 'd1': None, 'd2': '@:1', 'p': None}, {'m': '*@:1', 'd1': None, 'd2': '*@:1', 'p': None}, {'m': '*BE:0', 'd1': 'BE:0', 'd2': None, 'p': None}, {'m': '*BE:0', 'd1': '*BE:0', 'd2': None, 'p': None}, {'m': '*N:0', 'd1': 'N:0', 'd2': None, 'p': None}, {'m': '*N:0', 'd1': '*N:0', 'd2': None, 'p': None}, {'m': '*Vi:0', 'd1': 'Vi:0', 'd2': None, 'p': None}, {'m': '*Vi:0', 'd1': '*Vi:0', 'd2': None, 'p': None}, {'m': '*Vi:1', 'd1': None, 'd2': 'Vi:1', 'p': None}, {'m': '*Vi:1', 'd1': None, 'd2': '*Vi:1', 'p': None}, {'m': '*Vpp:0', 'd1': 'Vpp:0', 'd2': None, 'p': None}, {'m': '*Vpp:0', 'd1': '*Vpp:0', 'd2': None, 'p': None}, {'m': '#:0', 'd1': 'S[1]:0', 'd2': '*@:1', 'p': None}, {'m': '#:0', 'd1': 'S[2]:0', 'd2': '*@:1', 'p': None}, {'m': '#:0', 'd1': 'S[3]:0', 'd2': '*@:1', 'p': None}]
labs are ['NP[1](*N,RC[1])', 'PP[1](P,N)', 'RC[1](*Vpp,PP[1])', 'S[1](N,Vi)', 'S[2](*N,VP[1])', 'S[2](*N,VP[2])', 'S[2](*N,VP[3])', 'S[3](NP[1],*Vi)', 'VP[1](*Vi,PP[1])', 'VP[2](BE,Vpp)', 'VP[3](*BE,VPpp[1])', 'VPpp[1](*Vpp,PP[1])', '*@(,@)', '*@(,*@)', '*BE(BE,)', '*BE(*BE,)', '*N(N,)', '*N(*N,)', '*Vi(Vi,)', '*Vi(*Vi,)', '*Vi(,Vi)', '*Vi(,*Vi)', '*Vpp(Vpp,)', '*Vpp(*Vpp,)', '#(S[1],*@)', '#(S[2],*@)', '#(S[3],*@)']
focus_idx is [16 17  3  6]
labs_focus is ['*N(N,)', '*N(*N,)', 'S[1](N,Vi)', 'S[2](*N,VP[3])']
rules are [{'m': 'NP[1]:0', 'd1': '*N:0', 'd2': 'RC[1]:1', 'p': np.float64(1.0)}, {'m': 'PP[1]:1', 'd1': 'P:0', 'd2': 'N:1', 'p': np.float64(1.0)}, {'m': 'RC[1]:1', 'd1': '*Vpp:0', 'd2': 'PP[1]:1', 'p': np.float64(1.0)}, {'m': 'S[1]:0', 'd1': 'N:0', 'd2': 'Vi:1', 'p': np.float64(0.35)}, {'m': 'S[2]:0', 'd1': '*N:0', 'd2': 'VP[1]:1', 'p': np.float64(0.3)}, {'m': 'S[2]:0', 'd1': '*N:0', 'd2': 'VP[2]:1', 'p': np.float64(0.18)}, {'m': 'S[2]:0', 'd1': '*N:0', 'd2': 'VP[3]:1', 'p': np.float64(0.12)}, {'m': 'S[3]:0', 'd1': 'NP[1]:0', 'd2': '*Vi:1', 'p': np.float64(0.05)}, {'m': 'VP[1]:1', 'd1': '*Vi:0', 'd2': 'PP[1]:1', 'p': np.float64(0.5)}, {'m': 'VP[2]:1', 'd1': 'BE:0', 'd2': 'Vpp:1', 'p': np.float64(0.3)}, {'m': 'VP[3]:1', 'd1': '*BE:0', 'd2': 'VPpp[1]:1', 'p': np.float64(0.2)}, {'m': 'VPpp[1]:1', 'd1': '*Vpp:0', 'd2': 'PP[1]:1', 'p': np.float64(1.0)}, {'m': '*@:1', 'd1': None, 'd2': '@:1', 'p': None}, {'m': '*@:1', 'd1': None, 'd2': '*@:1', 'p': None}, {'m': '*BE:0', 'd1': 'BE:0', 'd2': None, 'p': None}, {'m': '*BE:0', 'd1': '*BE:0', 'd2': None, 'p': None}, {'m': '*N:0', 'd1': 'N:0', 'd2': None, 'p': None}, {'m': '*N:0', 'd1': '*N:0', 'd2': None, 'p': None}, {'m': '*Vi:0', 'd1': 'Vi:0', 'd2': None, 'p': None}, {'m': '*Vi:0', 'd1': '*Vi:0', 'd2': None, 'p': None}, {'m': '*Vi:1', 'd1': None, 'd2': 'Vi:1', 'p': None}, {'m': '*Vi:1', 'd1': None, 'd2': '*Vi:1', 'p': None}, {'m': '*Vpp:0', 'd1': 'Vpp:0', 'd2': None, 'p': None}, {'m': '*Vpp:0', 'd1': '*Vpp:0', 'd2': None, 'p': None}, {'m': '#:0', 'd1': 'S[1]:0', 'd2': '*@:1', 'p': None}, {'m': '#:0', 'd1': 'S[2]:0', 'd2': '*@:1', 'p': None}, {'m': '#:0', 'd1': 'S[3]:0', 'd2': '*@:1', 'p': None}]
labs are ['NP[1](*N,RC[1])', 'PP[1](P,N)', 'RC[1](*Vpp,PP[1])', 'S[1](N,Vi)', 'S[2](*N,VP[1])', 'S[2](*N,VP[2])', 'S[2](*N,VP[3])', 'S[3](NP[1],*Vi)', 'VP[1](*Vi,PP[1])', 'VP[2](BE,Vpp)', 'VP[3](*BE,VPpp[1])', 'VPpp[1](*Vpp,PP[1])', '*@(,@)', '*@(,*@)', '*BE(BE,)', '*BE(*BE,)', '*N(N,)', '*N(*N,)', '*Vi(Vi,)', '*Vi(*Vi,)', '*Vi(,Vi)', '*Vi(,*Vi)', '*Vpp(Vpp,)', '*Vpp(*Vpp,)', '#(S[1],*@)', '#(S[2],*@)', '#(S[3],*@)']
focus_idx is [15 14 10  8]
labs_focus is ['*BE(*BE,)', '*BE(BE,)', 'VP[3](*BE,VPpp[1])', 'VP[1](*Vi,PP[1])']

Generating plots for Sentence 3: N BE Vpp P N
rules are [{'m': 'NP[1]:0', 'd1': '*N:0', 'd2': 'RC[1]:1', 'p': np.float64(1.0)}, {'m': 'PP[1]:1', 'd1': 'P:0', 'd2': 'N:1', 'p': np.float64(1.0)}, {'m': 'RC[1]:1', 'd1': '*Vpp:0', 'd2': 'PP[1]:1', 'p': np.float64(1.0)}, {'m': 'S[1]:0', 'd1': 'N:0', 'd2': 'Vi:1', 'p': np.float64(0.35)}, {'m': 'S[2]:0', 'd1': '*N:0', 'd2': 'VP[1]:1', 'p': np.float64(0.3)}, {'m': 'S[2]:0', 'd1': '*N:0', 'd2': 'VP[2]:1', 'p': np.float64(0.18)}, {'m': 'S[2]:0', 'd1': '*N:0', 'd2': 'VP[3]:1', 'p': np.float64(0.12)}, {'m': 'S[3]:0', 'd1': 'NP[1]:0', 'd2': '*Vi:1', 'p': np.float64(0.05)}, {'m': 'VP[1]:1', 'd1': '*Vi:0', 'd2': 'PP[1]:1', 'p': np.float64(0.5)}, {'m': 'VP[2]:1', 'd1': 'BE:0', 'd2': 'Vpp:1', 'p': np.float64(0.3)}, {'m': 'VP[3]:1', 'd1': '*BE:0', 'd2': 'VPpp[1]:1', 'p': np.float64(0.2)}, {'m': 'VPpp[1]:1', 'd1': '*Vpp:0', 'd2': 'PP[1]:1', 'p': np.float64(1.0)}, {'m': '*@:1', 'd1': None, 'd2': '@:1', 'p': None}, {'m': '*@:1', 'd1': None, 'd2': '*@:1', 'p': None}, {'m': '*BE:0', 'd1': 'BE:0', 'd2': None, 'p': None}, {'m': '*BE:0', 'd1': '*BE:0', 'd2': None, 'p': None}, {'m': '*N:0', 'd1': 'N:0', 'd2': None, 'p': None}, {'m': '*N:0', 'd1': '*N:0', 'd2': None, 'p': None}, {'m': '*Vi:0', 'd1': 'Vi:0', 'd2': None, 'p': None}, {'m': '*Vi:0', 'd1': '*Vi:0', 'd2': None, 'p': None}, {'m': '*Vi:1', 'd1': None, 'd2': 'Vi:1', 'p': None}, {'m': '*Vi:1', 'd1': None, 'd2': '*Vi:1', 'p': None}, {'m': '*Vpp:0', 'd1': 'Vpp:0', 'd2': None, 'p': None}, {'m': '*Vpp:0', 'd1': '*Vpp:0', 'd2': None, 'p': None}, {'m': '#:0', 'd1': 'S[1]:0', 'd2': '*@:1', 'p': None}, {'m': '#:0', 'd1': 'S[2]:0', 'd2': '*@:1', 'p': None}, {'m': '#:0', 'd1': 'S[3]:0', 'd2': '*@:1', 'p': None}]
labs are ['NP[1](*N,RC[1])', 'PP[1](P,N)', 'RC[1](*Vpp,PP[1])', 'S[1](N,Vi)', 'S[2](*N,VP[1])', 'S[2](*N,VP[2])', 'S[2](*N,VP[3])', 'S[3](NP[1],*Vi)', 'VP[1](*Vi,PP[1])', 'VP[2](BE,Vpp)', 'VP[3](*BE,VPpp[1])', 'VPpp[1](*Vpp,PP[1])', '*@(,@)', '*@(,*@)', '*BE(BE,)', '*BE(*BE,)', '*N(N,)', '*N(*N,)', '*Vi(Vi,)', '*Vi(*Vi,)', '*Vi(,Vi)', '*Vi(,*Vi)', '*Vpp(Vpp,)', '*Vpp(*Vpp,)', '#(S[1],*@)', '#(S[2],*@)', '#(S[3],*@)']
focus_idx is [16 17  3  5]
labs_focus is ['*N(N,)', '*N(*N,)', 'S[1](N,Vi)', 'S[2](*N,VP[2])']
rules are [{'m': 'NP[1]:0', 'd1': '*N:0', 'd2': 'RC[1]:1', 'p': np.float64(1.0)}, {'m': 'PP[1]:1', 'd1': 'P:0', 'd2': 'N:1', 'p': np.float64(1.0)}, {'m': 'RC[1]:1', 'd1': '*Vpp:0', 'd2': 'PP[1]:1', 'p': np.float64(1.0)}, {'m': 'S[1]:0', 'd1': 'N:0', 'd2': 'Vi:1', 'p': np.float64(0.35)}, {'m': 'S[2]:0', 'd1': '*N:0', 'd2': 'VP[1]:1', 'p': np.float64(0.3)}, {'m': 'S[2]:0', 'd1': '*N:0', 'd2': 'VP[2]:1', 'p': np.float64(0.18)}, {'m': 'S[2]:0', 'd1': '*N:0', 'd2': 'VP[3]:1', 'p': np.float64(0.12)}, {'m': 'S[3]:0', 'd1': 'NP[1]:0', 'd2': '*Vi:1', 'p': np.float64(0.05)}, {'m': 'VP[1]:1', 'd1': '*Vi:0', 'd2': 'PP[1]:1', 'p': np.float64(0.5)}, {'m': 'VP[2]:1', 'd1': 'BE:0', 'd2': 'Vpp:1', 'p': np.float64(0.3)}, {'m': 'VP[3]:1', 'd1': '*BE:0', 'd2': 'VPpp[1]:1', 'p': np.float64(0.2)}, {'m': 'VPpp[1]:1', 'd1': '*Vpp:0', 'd2': 'PP[1]:1', 'p': np.float64(1.0)}, {'m': '*@:1', 'd1': None, 'd2': '@:1', 'p': None}, {'m': '*@:1', 'd1': None, 'd2': '*@:1', 'p': None}, {'m': '*BE:0', 'd1': 'BE:0', 'd2': None, 'p': None}, {'m': '*BE:0', 'd1': '*BE:0', 'd2': None, 'p': None}, {'m': '*N:0', 'd1': 'N:0', 'd2': None, 'p': None}, {'m': '*N:0', 'd1': '*N:0', 'd2': None, 'p': None}, {'m': '*Vi:0', 'd1': 'Vi:0', 'd2': None, 'p': None}, {'m': '*Vi:0', 'd1': '*Vi:0', 'd2': None, 'p': None}, {'m': '*Vi:1', 'd1': None, 'd2': 'Vi:1', 'p': None}, {'m': '*Vi:1', 'd1': None, 'd2': '*Vi:1', 'p': None}, {'m': '*Vpp:0', 'd1': 'Vpp:0', 'd2': None, 'p': None}, {'m': '*Vpp:0', 'd1': '*Vpp:0', 'd2': None, 'p': None}, {'m': '#:0', 'd1': 'S[1]:0', 'd2': '*@:1', 'p': None}, {'m': '#:0', 'd1': 'S[2]:0', 'd2': '*@:1', 'p': None}, {'m': '#:0', 'd1': 'S[3]:0', 'd2': '*@:1', 'p': None}]
labs are ['NP[1](*N,RC[1])', 'PP[1](P,N)', 'RC[1](*Vpp,PP[1])', 'S[1](N,Vi)', 'S[2](*N,VP[1])', 'S[2](*N,VP[2])', 'S[2](*N,VP[3])', 'S[3](NP[1],*Vi)', 'VP[1](*Vi,PP[1])', 'VP[2](BE,Vpp)', 'VP[3](*BE,VPpp[1])', 'VPpp[1](*Vpp,PP[1])', '*@(,@)', '*@(,*@)', '*BE(BE,)', '*BE(*BE,)', '*N(N,)', '*N(*N,)', '*Vi(Vi,)', '*Vi(*Vi,)', '*Vi(,Vi)', '*Vi(,*Vi)', '*Vpp(Vpp,)', '*Vpp(*Vpp,)', '#(S[1],*@)', '#(S[2],*@)', '#(S[3],*@)']
focus_idx is [ 8 11  2 13]
labs_focus is ['VP[1](*Vi,PP[1])', 'VPpp[1](*Vpp,PP[1])', 'RC[1](*Vpp,PP[1])', '*@(,*@)']

Generating plots for Sentence 4: N Vpp P N Vi
rules are [{'m': 'NP[1]:0', 'd1': '*N:0', 'd2': 'RC[1]:1', 'p': np.float64(1.0)}, {'m': 'PP[1]:1', 'd1': 'P:0', 'd2': 'N:1', 'p': np.float64(1.0)}, {'m': 'RC[1]:1', 'd1': '*Vpp:0', 'd2': 'PP[1]:1', 'p': np.float64(1.0)}, {'m': 'S[1]:0', 'd1': 'N:0', 'd2': 'Vi:1', 'p': np.float64(0.35)}, {'m': 'S[2]:0', 'd1': '*N:0', 'd2': 'VP[1]:1', 'p': np.float64(0.3)}, {'m': 'S[2]:0', 'd1': '*N:0', 'd2': 'VP[2]:1', 'p': np.float64(0.18)}, {'m': 'S[2]:0', 'd1': '*N:0', 'd2': 'VP[3]:1', 'p': np.float64(0.12)}, {'m': 'S[3]:0', 'd1': 'NP[1]:0', 'd2': '*Vi:1', 'p': np.float64(0.05)}, {'m': 'VP[1]:1', 'd1': '*Vi:0', 'd2': 'PP[1]:1', 'p': np.float64(0.5)}, {'m': 'VP[2]:1', 'd1': 'BE:0', 'd2': 'Vpp:1', 'p': np.float64(0.3)}, {'m': 'VP[3]:1', 'd1': '*BE:0', 'd2': 'VPpp[1]:1', 'p': np.float64(0.2)}, {'m': 'VPpp[1]:1', 'd1': '*Vpp:0', 'd2': 'PP[1]:1', 'p': np.float64(1.0)}, {'m': '*@:1', 'd1': None, 'd2': '@:1', 'p': None}, {'m': '*@:1', 'd1': None, 'd2': '*@:1', 'p': None}, {'m': '*BE:0', 'd1': 'BE:0', 'd2': None, 'p': None}, {'m': '*BE:0', 'd1': '*BE:0', 'd2': None, 'p': None}, {'m': '*N:0', 'd1': 'N:0', 'd2': None, 'p': None}, {'m': '*N:0', 'd1': '*N:0', 'd2': None, 'p': None}, {'m': '*Vi:0', 'd1': 'Vi:0', 'd2': None, 'p': None}, {'m': '*Vi:0', 'd1': '*Vi:0', 'd2': None, 'p': None}, {'m': '*Vi:1', 'd1': None, 'd2': 'Vi:1', 'p': None}, {'m': '*Vi:1', 'd1': None, 'd2': '*Vi:1', 'p': None}, {'m': '*Vpp:0', 'd1': 'Vpp:0', 'd2': None, 'p': None}, {'m': '*Vpp:0', 'd1': '*Vpp:0', 'd2': None, 'p': None}, {'m': '#:0', 'd1': 'S[1]:0', 'd2': '*@:1', 'p': None}, {'m': '#:0', 'd1': 'S[2]:0', 'd2': '*@:1', 'p': None}, {'m': '#:0', 'd1': 'S[3]:0', 'd2': '*@:1', 'p': None}]
labs are ['NP[1](*N,RC[1])', 'PP[1](P,N)', 'RC[1](*Vpp,PP[1])', 'S[1](N,Vi)', 'S[2](*N,VP[1])', 'S[2](*N,VP[2])', 'S[2](*N,VP[3])', 'S[3](NP[1],*Vi)', 'VP[1](*Vi,PP[1])', 'VP[2](BE,Vpp)', 'VP[3](*BE,VPpp[1])', 'VPpp[1](*Vpp,PP[1])', '*@(,@)', '*@(,*@)', '*BE(BE,)', '*BE(*BE,)', '*N(N,)', '*N(*N,)', '*Vi(Vi,)', '*Vi(*Vi,)', '*Vi(,Vi)', '*Vi(,*Vi)', '*Vpp(Vpp,)', '*Vpp(*Vpp,)', '#(S[1],*@)', '#(S[2],*@)', '#(S[3],*@)']
focus_idx is [16 17  3  4]
labs_focus is ['*N(N,)', '*N(*N,)', 'S[1](N,Vi)', 'S[2](*N,VP[1])']
rules are [{'m': 'NP[1]:0', 'd1': '*N:0', 'd2': 'RC[1]:1', 'p': np.float64(1.0)}, {'m': 'PP[1]:1', 'd1': 'P:0', 'd2': 'N:1', 'p': np.float64(1.0)}, {'m': 'RC[1]:1', 'd1': '*Vpp:0', 'd2': 'PP[1]:1', 'p': np.float64(1.0)}, {'m': 'S[1]:0', 'd1': 'N:0', 'd2': 'Vi:1', 'p': np.float64(0.35)}, {'m': 'S[2]:0', 'd1': '*N:0', 'd2': 'VP[1]:1', 'p': np.float64(0.3)}, {'m': 'S[2]:0', 'd1': '*N:0', 'd2': 'VP[2]:1', 'p': np.float64(0.18)}, {'m': 'S[2]:0', 'd1': '*N:0', 'd2': 'VP[3]:1', 'p': np.float64(0.12)}, {'m': 'S[3]:0', 'd1': 'NP[1]:0', 'd2': '*Vi:1', 'p': np.float64(0.05)}, {'m': 'VP[1]:1', 'd1': '*Vi:0', 'd2': 'PP[1]:1', 'p': np.float64(0.5)}, {'m': 'VP[2]:1', 'd1': 'BE:0', 'd2': 'Vpp:1', 'p': np.float64(0.3)}, {'m': 'VP[3]:1', 'd1': '*BE:0', 'd2': 'VPpp[1]:1', 'p': np.float64(0.2)}, {'m': 'VPpp[1]:1', 'd1': '*Vpp:0', 'd2': 'PP[1]:1', 'p': np.float64(1.0)}, {'m': '*@:1', 'd1': None, 'd2': '@:1', 'p': None}, {'m': '*@:1', 'd1': None, 'd2': '*@:1', 'p': None}, {'m': '*BE:0', 'd1': 'BE:0', 'd2': None, 'p': None}, {'m': '*BE:0', 'd1': '*BE:0', 'd2': None, 'p': None}, {'m': '*N:0', 'd1': 'N:0', 'd2': None, 'p': None}, {'m': '*N:0', 'd1': '*N:0', 'd2': None, 'p': None}, {'m': '*Vi:0', 'd1': 'Vi:0', 'd2': None, 'p': None}, {'m': '*Vi:0', 'd1': '*Vi:0', 'd2': None, 'p': None}, {'m': '*Vi:1', 'd1': None, 'd2': 'Vi:1', 'p': None}, {'m': '*Vi:1', 'd1': None, 'd2': '*Vi:1', 'p': None}, {'m': '*Vpp:0', 'd1': 'Vpp:0', 'd2': None, 'p': None}, {'m': '*Vpp:0', 'd1': '*Vpp:0', 'd2': None, 'p': None}, {'m': '#:0', 'd1': 'S[1]:0', 'd2': '*@:1', 'p': None}, {'m': '#:0', 'd1': 'S[2]:0', 'd2': '*@:1', 'p': None}, {'m': '#:0', 'd1': 'S[3]:0', 'd2': '*@:1', 'p': None}]
labs are ['NP[1](*N,RC[1])', 'PP[1](P,N)', 'RC[1](*Vpp,PP[1])', 'S[1](N,Vi)', 'S[2](*N,VP[1])', 'S[2](*N,VP[2])', 'S[2](*N,VP[3])', 'S[3](NP[1],*Vi)', 'VP[1](*Vi,PP[1])', 'VP[2](BE,Vpp)', 'VP[3](*BE,VPpp[1])', 'VPpp[1](*Vpp,PP[1])', '*@(,@)', '*@(,*@)', '*BE(BE,)', '*BE(*BE,)', '*N(N,)', '*N(*N,)', '*Vi(Vi,)', '*Vi(*Vi,)', '*Vi(,Vi)', '*Vi(,*Vi)', '*Vpp(Vpp,)', '*Vpp(*Vpp,)', '#(S[1],*@)', '#(S[2],*@)', '#(S[3],*@)']
focus_idx is [15 14 10 13]
labs_focus is ['*BE(*BE,)', '*BE(BE,)', 'VP[3](*BE,VPpp[1])', '*@(,*@)']

======================================================================
Replication complete!
Figures saved as:
  - Plots from plot_train_result() (displayed interactively)
  - figure12_g1_parsing.png

Treelet activation trajectories for each sentence:
  - ds_jax_sap_test_on_g1_model_S0_N_Vi.png
  - ds_jax_sap_test_on_g1_model_S1_N_Vi_P_N.png <-- S1 = 'N Vi P N'
  - ds_jax_sap_test_on_g1_model_S2_N_BE_Vpp.png
  - ds_jax_sap_test_on_g1_model_S3_N_BE_Vpp_P_N.png
  - ds_jax_sap_test_on_g1_model_S4_N_Vpp_P_N_Vi.png
======================================================================

----------------------------------------------------------------------
Final GPU Status:
----------------------------------------------------------------------
Tue Dec  2 03:11:58 2025       
+-----------------------------------------------------------------------------------------+
| NVIDIA-SMI 570.124.06             Driver Version: 570.124.06     CUDA Version: 12.8     |
|-----------------------------------------+------------------------+----------------------+
| GPU  Name                 Persistence-M | Bus-Id          Disp.A | Volatile Uncorr. ECC |
| Fan  Temp   Perf          Pwr:Usage/Cap |           Memory-Usage | GPU-Util  Compute M. |
|                                         |                        |               MIG M. |
|=========================================+========================+======================|
|   0  NVIDIA RTX A5000               On  |   00000000:4F:00.0 Off |                  Off |
| 30%   27C    P5             75W /  230W |       2MiB /  24564MiB |      0%      Default |
|                                         |                        |                  N/A |
+-----------------------------------------+------------------------+----------------------+
                                                                                         
+-----------------------------------------------------------------------------------------+
| Processes:                                                                              |
|  GPU   GI   CI              PID   Type   Process name                        GPU Memory |
|        ID   ID                                                               Usage      |
|=========================================================================================|
|  No running processes found                                                             |
+-----------------------------------------------------------------------------------------+

======================================================================
Job Completed
End Time: Tue Dec  2 03:11:58 AM EST 2025
======================================================================
