======================================================================
GSC GPU Training Job Started
======================================================================
Job ID: 555304
Node: brandal
Start Time: Fri Dec  5 12:41:06 PM EST 2025

----------------------------------------------------------------------
GPU Information:
----------------------------------------------------------------------
Fri Dec  5 12:41:07 2025       
+-----------------------------------------------------------------------------------------+
| NVIDIA-SMI 570.124.06             Driver Version: 570.124.06     CUDA Version: 12.8     |
|-----------------------------------------+------------------------+----------------------+
| GPU  Name                 Persistence-M | Bus-Id          Disp.A | Volatile Uncorr. ECC |
| Fan  Temp   Perf          Pwr:Usage/Cap |           Memory-Usage | GPU-Util  Compute M. |
|                                         |                        |               MIG M. |
|=========================================+========================+======================|
|   0  NVIDIA RTX A5000               On  |   00000000:4F:00.0 Off |                  Off |
| 30%   24C    P8             17W /  230W |       2MiB /  24564MiB |      0%      Default |
|                                         |                        |                  N/A |
+-----------------------------------------+------------------------+----------------------+
                                                                                         
+-----------------------------------------------------------------------------------------+
| Processes:                                                                              |
|  GPU   GI   CI              PID   Type   Process name                        GPU Memory |
|        ID   ID                                                               Usage      |
|=========================================================================================|
|  No running processes found                                                             |
+-----------------------------------------------------------------------------------------+

----------------------------------------------------------------------
CUDA Version:
----------------------------------------------------------------------
nvcc not found

======================================================================
Running Full Training (1000 epochs)
======================================================================
JAX detected - GPU acceleration enabled
JAX detected - GPU acceleration enabled
Global random seed set to 41 for testing
    Lookup tables built in 0.00s
    Fast lookups built in 0.000s (19 fillers, 12 rules)
    Building rule index for fast sentence generation...
    Rule index built in 0.000s
    BrickRole fast lookups built in 0.000s (15 roles)
Adding binary rules...
  Binary rules: 26 rules added
Adding copy rules...
  Copy rules: 38 total rules
Adding unary rules (this may take a while with large grammars)...
  Unary rules: 65 total rules
Adding expansion rules...
  Total rules: 74
Optimizing HarmonicGrammar with fast lookups...
Optimization complete!
Filler names: ['#:0', '*@:1', '*BE:0', '*N:0', '*Vi:0', '*Vi:1', '*Vpp:0', '@:1', 'BE:0', 'N:0', 'N:1', 'NP[1]:0', 'P:0', 'PP[1]:1', 'RC[1]:1', 'S[1]:0', 'S[2]:0', 'S[3]:0', 'VP[1]:1', 'VP[2]:1', 'VP[3]:1', 'VPpp[1]:1', 'Vi:0', 'Vi:1', 'Vpp:0', 'Vpp:1', '_']
Number of fillers: 27
GscNet.__init__: np.random.seed(1024) called, position=624
Computing change-of-basis matrices...
  N shape: (405, 405) (0.00 GB)
  Kronecker product took 0.00 s
  Computing pseudo-inverse using fast Kronecker decomposition...
  Fast pseudo-inverse took 0.00 s (vs. minutes for direct method)
  C shape: (405, 405)
DEBUG _add_change_of_basis_matrices
  ✓ Change-of-basis complete (C: (405, 405), no S materialization)
  ✓ Memory saved by not creating S: 0.0 TB
0.012461185455322266 s for generating encodings
✓ GscNet fast lookups built in 0.001s (15 roles, 27 fillers, 405 bindings)
Initializing parameters on CPU with NumPy...
DEBUG: _build_model starts
  Building weight model from 74 HG rules...
    Processing binary and copy rules...
      Found 38 binary/copy rules
    Processing competition rules...
    Processing unary rules...
    Adding grammatical constraints...
    Setting weights...
    Setting biases...
  ✓ Weight model built in 0.01s (0.00 min)
DEBUG: _adjust_default_param_vals starts
DEBUG: bias2weight starts
0.02100229263305664 s for initializing parameter values
    Finding equilibrium with integration (dur=10)...
    Random state position after get_ep: 456
0.6096811294555664 s for finding a global equilibrium point

======================================================================
MODE VERIFICATION:
======================================================================
  use_sparse: False
  WC type: numpy.ndarray
  WC shape: (405, 405)
  dim_f used: 27
  dim_r used: 15
  num_fillers: 27
  num_roles: 15
  num_bindings: 405
======================================================================

Generating corpus with 5000 samples...
first sentence took 0.0s to generate
  Generated 500/5000 samples (1640.7 samples/s, 0.0 min remaining)
  Generated 1000/5000 samples (1814.6 samples/s, 0.0 min remaining)
  Generated 1500/5000 samples (1877.4 samples/s, 0.0 min remaining)
  Generated 2000/5000 samples (1870.5 samples/s, 0.0 min remaining)
  Generated 2500/5000 samples (1881.2 samples/s, 0.0 min remaining)
  Generated 3000/5000 samples (1883.2 samples/s, 0.0 min remaining)
  Generated 3500/5000 samples (1895.8 samples/s, 0.0 min remaining)
  Generated 4000/5000 samples (1897.8 samples/s, 0.0 min remaining)
  Generated 4500/5000 samples (1900.8 samples/s, 0.0 min remaining)
✓ Corpus generation complete in 2.6s (0.0 min)
  5 unique sentences from 5000 samples
  Random state position after corpus: 230

======================================================================
Target sentence probabilities (first 10):
Sentence 0: p = 0.3436 (N Vi)
Sentence 1: p = 0.3082 (N Vi P N)
Sentence 2: p = 0.1768 (N BE Vpp)
Sentence 3: p = 0.1194 (N BE Vpp P N)
Sentence 4: p = 0.0520 (N Vpp P N Vi)
    Building mask0 using vectorized construction (dense)...
      mask0 construction: 0.00s
      mask0 non-zero entries: 36,450

Checking mask0:
  mask0 non-zero entries: 36,450 / 164,025

========================================
=== WC Statistics BEFORE Training ===
  WC type: dense
  WC sum: -818.000000
  WC diagonal sum: -2338.000000
  WC max: 2.000000, min: -10.000000
  First 10 non-zero entries (row, col, val):
    (0, 0): -10.000000
    (1, 1): -4.000000
    (2, 2): -4.000000
    (2, 137): 2.000000
    (2, 155): 2.000000
    (3, 3): -10.000000
    (3, 138): 2.000000
    (3, 146): 2.000000
    (3, 151): 2.000000
    (4, 4): -4.000000
========================================

=== Dynamics Test ===
  WC.dot(test_actC) sum: -401.6997954602
  WC.dot(test_actC) first 5: [-3.74540119 -3.80285723 -1.03782731 -3.56107319  2.29839512]
========================================

======================================================================
Training Grammar 1...
======================================================================
RANDOM STATE AT FIRST train2() CALL: position=230
INIT WC (DENSE): sum=-818.0000000000, abssum=3858.0000000000, nnz=1150
INIT bC: sum=0.0000000000, abssum=0.0000000000
    [Epoch 1] GRADIENT DIAG (DENSE): trees=8, positions=400, val_sum=-0.000000
      DENSE dWC: nnz=232, sum=-0.000000
      Gradient targets: 140 existing WC positions (grad_sum=60.0836)
                        92 NEW positions (grad_sum=34.5200)
      Current WC nnz: 1150
    Finding equilibrium with integration (dur=10)...
    Random state position after get_ep: 259
    [Epoch 2] GRADIENT DIAG (DENSE): trees=9, positions=450, val_sum=-0.000000
      DENSE dWC: nnz=255, sum=-0.000000
      Gradient targets: 233 existing WC positions (grad_sum=85.6236)
                        22 NEW positions (grad_sum=9.5000)
      Current WC nnz: 1242
    Finding equilibrium with integration (dur=10)...
    Random state position after get_ep: 400
    [Epoch 3] GRADIENT DIAG (DENSE): trees=8, positions=400, val_sum=-0.000000
      DENSE dWC: nnz=262, sum=-0.000000
      Gradient targets: 226 existing WC positions (grad_sum=72.2444)
                        36 NEW positions (grad_sum=18.0000)
      Current WC nnz: 1264
    Finding equilibrium with integration (dur=10)...
    Random state position after get_ep: 253
    [Epoch 4] GRADIENT DIAG (DENSE): trees=9, positions=450, val_sum=-0.000000
      DENSE dWC: nnz=258, sum=-0.000000
      Gradient targets: 244 existing WC positions (grad_sum=84.6644)
                        14 NEW positions (grad_sum=3.5000)
      Current WC nnz: 1300
    Finding equilibrium with integration (dur=10)...
    Random state position after get_ep: 558
    [Epoch 5] GRADIENT DIAG (DENSE): trees=9, positions=450, val_sum=-0.000000
      DENSE dWC: nnz=290, sum=-0.000000
      Gradient targets: 251 existing WC positions (grad_sum=77.5228)
                        39 NEW positions (grad_sum=13.2500)
      Current WC nnz: 1314
    Finding equilibrium with integration (dur=10)...
    Random state position after get_ep: 571
INIT WC (DENSE): sum=-818.0000000000, abssum=3881.3920000000, nnz=1353
INIT bC: sum=0.0000000000, abssum=0.0000000000
    Finding equilibrium with integration (dur=10)...
    Random state position after get_ep: 392
    Finding equilibrium with integration (dur=10)...
    Random state position after get_ep: 577
    Finding equilibrium with integration (dur=10)...
    Random state position after get_ep: 302
    Finding equilibrium with integration (dur=10)...
    Random state position after get_ep: 179
    Finding equilibrium with integration (dur=10)...
    Random state position after get_ep: 508
[0010]   33.095 | 0.000 0.000 0.000 0.000 0.000 | 0.000 | 0.829 0.000
    TIMING: total=1.9s | estimate_prob=1.2s (62%) | cost_grad=0.0s (1%) | other=0.7s
INIT WC (DENSE): sum=-818.0000000000, abssum=3906.3840000000, nnz=1532
INIT bC: sum=0.0000000000, abssum=0.0000000000
    Finding equilibrium with integration (dur=10)...
    Random state position after get_ep: 449
    Finding equilibrium with integration (dur=10)...
    Random state position after get_ep: 414
    Finding equilibrium with integration (dur=10)...
    Random state position after get_ep: 19
    Finding equilibrium with integration (dur=10)...
    Random state position after get_ep: 564
    Finding equilibrium with integration (dur=10)...
    Random state position after get_ep: 205
INIT WC (DENSE): sum=-818.0000000000, abssum=3928.9760000000, nnz=1698
INIT bC: sum=0.0000000000, abssum=0.0000000000
    Finding equilibrium with integration (dur=10)...
    Random state position after get_ep: 346
    Finding equilibrium with integration (dur=10)...
    Random state position after get_ep: 219
    Finding equilibrium with integration (dur=10)...
    Random state position after get_ep: 64
    Finding equilibrium with integration (dur=10)...
    Random state position after get_ep: 265
    Finding equilibrium with integration (dur=10)...
    Random state position after get_ep: 286
[0020]   33.095 | 0.000 0.000 0.000 0.000 0.000 | 0.000 | 0.829 0.000
    TIMING: total=1.7s | estimate_prob=1.1s (61%) | cost_grad=0.0s (1%) | other=0.7s
INIT WC (DENSE): sum=-818.0000000000, abssum=3946.1680000000, nnz=1794
INIT bC: sum=0.0000000000, abssum=0.0000000000
    Finding equilibrium with integration (dur=10)...
    Random state position after get_ep: 423
    Finding equilibrium with integration (dur=10)...
    Random state position after get_ep: 356
    Finding equilibrium with integration (dur=10)...
    Random state position after get_ep: 445
    Finding equilibrium with integration (dur=10)...
    Random state position after get_ep: 258
    Finding equilibrium with integration (dur=10)...
    Random state position after get_ep: 399
INIT WC (DENSE): sum=-818.0000000000, abssum=3960.5600000000, nnz=1867
INIT bC: sum=0.0000000000, abssum=0.0000000000
    Finding equilibrium with integration (dur=10)...
    Random state position after get_ep: 540
    Finding equilibrium with integration (dur=10)...
    Random state position after get_ep: 377
    Finding equilibrium with integration (dur=10)...
    Random state position after get_ep: 42
    Finding equilibrium with integration (dur=10)...
    Random state position after get_ep: 231
    Finding equilibrium with integration (dur=10)...
    Random state position after get_ep: 164
[0030]   33.095 | 0.000 0.000 0.000 0.000 0.000 | 0.000 | 1.000 0.000
    TIMING: total=1.7s | estimate_prob=1.1s (62%) | cost_grad=0.0s (1%) | other=0.6s
INIT WC (DENSE): sum=-818.0000000000, abssum=3973.5520000000, nnz=1921
INIT bC: sum=0.0000000000, abssum=0.0000000000
    Finding equilibrium with integration (dur=10)...
    Random state position after get_ep: 137
    Finding equilibrium with integration (dur=10)...
    Random state position after get_ep: 350
    Finding equilibrium with integration (dur=10)...
    Random state position after get_ep: 563
    Finding equilibrium with integration (dur=10)...
    Random state position after get_ep: 476
    Finding equilibrium with integration (dur=10)...
    Random state position after get_ep: 241
INIT WC (DENSE): sum=-818.0000000000, abssum=3985.9440000000, nnz=1947
INIT bC: sum=0.0000000000, abssum=0.0000000000
    Finding equilibrium with integration (dur=10)...
    Random state position after get_ep: 470
    Finding equilibrium with integration (dur=10)...
    Random state position after get_ep: 503
    Finding equilibrium with integration (dur=10)...
    Random state position after get_ep: 52
    Finding equilibrium with integration (dur=10)...
    Random state position after get_ep: 229
    Finding equilibrium with integration (dur=10)...
    Random state position after get_ep: 366
[0040]   33.095 | 0.000 0.000 0.000 0.000 0.000 | 0.000 | 0.829 0.000
    TIMING: total=1.8s | estimate_prob=1.2s (63%) | cost_grad=0.0s (1%) | other=0.7s
INIT WC (DENSE): sum=-818.0000000000, abssum=3995.7360000000, nnz=1957
INIT bC: sum=0.0000000000, abssum=0.0000000000
    Finding equilibrium with integration (dur=10)...
    Random state position after get_ep: 67
    Finding equilibrium with integration (dur=10)...
    Random state position after get_ep: 292
    Finding equilibrium with integration (dur=10)...
    Random state position after get_ep: 325
    Finding equilibrium with integration (dur=10)...
    Random state position after get_ep: 218
    Finding equilibrium with integration (dur=10)...
    Random state position after get_ep: 499
INIT WC (DENSE): sum=-818.0000000000, abssum=4003.7280000000, nnz=1967
INIT bC: sum=0.0000000000, abssum=0.0000000000
    Finding equilibrium with integration (dur=10)...
    Random state position after get_ep: 52
    Finding equilibrium with integration (dur=10)...
    Random state position after get_ep: 81
    Finding equilibrium with integration (dur=10)...
    Random state position after get_ep: 186
    Finding equilibrium with integration (dur=10)...
    Random state position after get_ep: 483
    Finding equilibrium with integration (dur=10)...
    Random state position after get_ep: 120
[0050]   33.095 | 0.000 0.000 0.000 0.000 0.000 | 0.000 | 0.823 0.000
    TIMING: total=1.8s | estimate_prob=1.1s (63%) | cost_grad=0.0s (1%) | other=0.7s
INIT WC (DENSE): sum=-818.0000000000, abssum=4009.7200000000, nnz=1977
INIT bC: sum=0.0000000000, abssum=0.0000000000
    Finding equilibrium with integration (dur=10)...
    Random state position after get_ep: 485
    Finding equilibrium with integration (dur=10)...
    Random state position after get_ep: 42
    Finding equilibrium with integration (dur=10)...
    Random state position after get_ep: 443
    Finding equilibrium with integration (dur=10)...
    Random state position after get_ep: 428
    Finding equilibrium with integration (dur=10)...
    Random state position after get_ep: 501
INIT WC (DENSE): sum=-818.0000000000, abssum=4016.6316000000, nnz=1993
INIT bC: sum=0.0000000000, abssum=0.0000000000
    Finding equilibrium with integration (dur=10)...
    Random state position after get_ep: 146
    Finding equilibrium with integration (dur=10)...
    Random state position after get_ep: 271
    Finding equilibrium with integration (dur=10)...
    Random state position after get_ep: 472
    Finding equilibrium with integration (dur=10)...
    Random state position after get_ep: 465
    Finding equilibrium with integration (dur=10)...
    Random state position after get_ep: 58
[0060]   21.704 | 0.250 0.000 0.000 0.000 0.000 | 0.250 | 0.500 0.000
    TIMING: total=1.8s | estimate_prob=1.1s (63%) | cost_grad=0.0s (1%) | other=0.6s
INIT WC (DENSE): sum=-818.0000000000, abssum=4019.7072000000, nnz=1995
INIT bC: sum=0.0000000000, abssum=0.0000000000
    Finding equilibrium with integration (dur=10)...
    Random state position after get_ep: 555
    Finding equilibrium with integration (dur=10)...
    Random state position after get_ep: 436
    Finding equilibrium with integration (dur=10)...
    Random state position after get_ep: 521
    Finding equilibrium with integration (dur=10)...
    Random state position after get_ep: 178
    Finding equilibrium with integration (dur=10)...
    Random state position after get_ep: 303
INIT WC (DENSE): sum=-818.0000000000, abssum=4022.2828000000, nnz=2003
INIT bC: sum=0.0000000000, abssum=0.0000000000
    Finding equilibrium with integration (dur=10)...
    Random state position after get_ep: 348
    Finding equilibrium with integration (dur=10)...
    Random state position after get_ep: 233
    Finding equilibrium with integration (dur=10)...
    Random state position after get_ep: 583
    Finding equilibrium with integration (dur=10)...
    Random state position after get_ep: 284
    Finding equilibrium with integration (dur=10)...
    Random state position after get_ep: 269
[0070]   17.016 | 0.000 0.250 0.250 0.000 0.000 | 0.500 | 0.573 0.000
    TIMING: total=1.8s | estimate_prob=1.1s (63%) | cost_grad=0.0s (1%) | other=0.6s
INIT WC (DENSE): sum=-818.0000000000, abssum=4025.1584000000, nnz=2009
INIT bC: sum=0.0000000000, abssum=0.0000000000
    Finding equilibrium with integration (dur=10)...
    Random state position after get_ep: 186
    Finding equilibrium with integration (dur=10)...
    Random state position after get_ep: 487
    Finding equilibrium with integration (dur=10)...
    Random state position after get_ep: 256
    Finding equilibrium with integration (dur=10)...
    Random state position after get_ep: 261
    Finding equilibrium with integration (dur=10)...
    Random state position after get_ep: 390
INIT WC (DENSE): sum=-818.0000000000, abssum=4028.3340000000, nnz=2017
INIT bC: sum=0.0000000000, abssum=0.0000000000
    Finding equilibrium with integration (dur=10)...
    Random state position after get_ep: 163
    Finding equilibrium with integration (dur=10)...
    Random state position after get_ep: 144
    Finding equilibrium with integration (dur=10)...
    Random state position after get_ep: 497
    Finding equilibrium with integration (dur=10)...
    Random state position after get_ep: 398
    Finding equilibrium with integration (dur=10)...
    Random state position after get_ep: 67
[0080]   15.482 | 0.500 0.000 0.500 0.000 0.000 | 1.000 | 0.480 0.000
    TIMING: total=1.8s | estimate_prob=1.1s (61%) | cost_grad=0.0s (1%) | other=0.7s
INIT WC (DENSE): sum=-818.0000000000, abssum=4029.3096000000, nnz=2017
INIT bC: sum=0.0000000000, abssum=0.0000000000
    Finding equilibrium with integration (dur=10)...
    Random state position after get_ep: 372
    Finding equilibrium with integration (dur=10)...
    Random state position after get_ep: 501
    Finding equilibrium with integration (dur=10)...
    Random state position after get_ep: 458
    Finding equilibrium with integration (dur=10)...
    Random state position after get_ep: 515
    Finding equilibrium with integration (dur=10)...
    Random state position after get_ep: 408
INIT WC (DENSE): sum=-818.0000000000, abssum=4031.7852000000, nnz=2030
INIT bC: sum=0.0000000000, abssum=0.0000000000
    Finding equilibrium with integration (dur=10)...
    Random state position after get_ep: 345
    Finding equilibrium with integration (dur=10)...
    Random state position after get_ep: 138
    Finding equilibrium with integration (dur=10)...
    Random state position after get_ep: 343
    Finding equilibrium with integration (dur=10)...
    Random state position after get_ep: 148
    Finding equilibrium with integration (dur=10)...
    Random state position after get_ep: 429
[0090]   15.843 | 0.250 0.000 0.250 0.000 0.000 | 0.500 | 0.360 0.000
    TIMING: total=1.7s | estimate_prob=1.1s (61%) | cost_grad=0.0s (1%) | other=0.7s
INIT WC (DENSE): sum=-818.0000000000, abssum=4033.5608000000, nnz=2032
INIT bC: sum=0.0000000000, abssum=0.0000000000
    Finding equilibrium with integration (dur=10)...
    Random state position after get_ep: 442
    Finding equilibrium with integration (dur=10)...
    Random state position after get_ep: 323
    Finding equilibrium with integration (dur=10)...
    Random state position after get_ep: 584
    Finding equilibrium with integration (dur=10)...
    Random state position after get_ep: 309
    Finding equilibrium with integration (dur=10)...
    Random state position after get_ep: 306
INIT WC (DENSE): sum=-818.0000000000, abssum=4035.9364000000, nnz=2036
INIT bC: sum=0.0000000000, abssum=0.0000000000
    Finding equilibrium with integration (dur=10)...
    Random state position after get_ep: 495
    Finding equilibrium with integration (dur=10)...
    Random state position after get_ep: 220
    Finding equilibrium with integration (dur=10)...
    Random state position after get_ep: 409
    Finding equilibrium with integration (dur=10)...
    Random state position after get_ep: 6
    Finding equilibrium with integration (dur=10)...
    Random state position after get_ep: 435
[0100]   16.678 | 0.000 0.750 0.250 0.000 0.000 | 1.000 | 0.442 0.000
    TIMING: total=1.9s | estimate_prob=1.2s (63%) | cost_grad=0.0s (1%) | other=0.7s
INIT WC (DENSE): sum=-818.0000000000, abssum=4036.8120000000, nnz=2036
INIT bC: sum=0.0000000000, abssum=0.0000000000
    [Epoch 101] GRADIENT DIAG (DENSE): trees=6, positions=300, val_sum=-0.000000
      DENSE dWC: nnz=189, sum=-0.000000
      Gradient targets: 189 existing WC positions (grad_sum=48.3032)
                        0 NEW positions (grad_sum=0.0000)
      Current WC nnz: 2036
    Finding equilibrium with integration (dur=10)...
    Random state position after get_ep: 612
    Finding equilibrium with integration (dur=10)...
    Random state position after get_ep: 594
    Finding equilibrium with integration (dur=10)...
    Random state position after get_ep: 123
    Finding equilibrium with integration (dur=10)...
    Random state position after get_ep: 76
    Finding equilibrium with integration (dur=10)...
    Random state position after get_ep: 133
INIT WC (DENSE): sum=-818.0000000000, abssum=4036.8876000000, nnz=2036
INIT bC: sum=0.0000000000, abssum=0.0000000000
    Finding equilibrium with integration (dur=10)...
    Random state position after get_ep: 610
    Finding equilibrium with integration (dur=10)...
    Random state position after get_ep: 47
    Finding equilibrium with integration (dur=10)...
    Random state position after get_ep: 40
    Finding equilibrium with integration (dur=10)...
    Random state position after get_ep: 273
    Finding equilibrium with integration (dur=10)...
    Random state position after get_ep: 530
[0110]   11.148 | 0.250 0.750 0.000 0.000 0.000 | 1.000 | 0.442 0.000
    TIMING: total=1.8s | estimate_prob=1.1s (64%) | cost_grad=0.0s (1%) | other=0.6s
INIT WC (DENSE): sum=-818.0000000000, abssum=4038.5632000000, nnz=2040
INIT bC: sum=0.0000000000, abssum=0.0000000000
    Finding equilibrium with integration (dur=10)...
    Random state position after get_ep: 75
    Finding equilibrium with integration (dur=10)...
    Random state position after get_ep: 616
    Finding equilibrium with integration (dur=10)...
    Random state position after get_ep: 381
    Finding equilibrium with integration (dur=10)...
    Random state position after get_ep: 214
    Finding equilibrium with integration (dur=10)...
    Random state position after get_ep: 603
INIT WC (DENSE): sum=-818.0000000000, abssum=4039.8388000000, nnz=2042
INIT bC: sum=0.0000000000, abssum=0.0000000000
    Finding equilibrium with integration (dur=10)...
    Random state position after get_ep: 32
    Finding equilibrium with integration (dur=10)...
    Random state position after get_ep: 105
    Finding equilibrium with integration (dur=10)...
    Random state position after get_ep: 470
    Finding equilibrium with integration (dur=10)...
    Random state position after get_ep: 43
    Finding equilibrium with integration (dur=10)...
    Random state position after get_ep: 292
[0120]   16.803 | 0.000 0.500 0.250 0.000 0.000 | 0.750 | 0.344 0.000
    TIMING: total=1.7s | estimate_prob=1.1s (64%) | cost_grad=0.0s (1%) | other=0.6s
INIT WC (DENSE): sum=-818.0000000000, abssum=4041.5144000000, nnz=2052
INIT bC: sum=0.0000000000, abssum=0.0000000000
    Finding equilibrium with integration (dur=10)...
    Random state position after get_ep: 181
    Finding equilibrium with integration (dur=10)...
    Random state position after get_ep: 450
    Finding equilibrium with integration (dur=10)...
    Random state position after get_ep: 127
    Finding equilibrium with integration (dur=10)...
    Random state position after get_ep: 568
    Finding equilibrium with integration (dur=10)...
    Random state position after get_ep: 401
INIT WC (DENSE): sum=-818.0000000000, abssum=4042.1900000000, nnz=2052
INIT bC: sum=0.0000000000, abssum=0.0000000000
    Finding equilibrium with integration (dur=10)...
    Random state position after get_ep: 30
    Finding equilibrium with integration (dur=10)...
    Random state position after get_ep: 203
    Finding equilibrium with integration (dur=10)...
    Random state position after get_ep: 341
    Finding equilibrium with integration (dur=10)...
    Random state position after get_ep: 86
    Finding equilibrium with integration (dur=10)...
    Random state position after get_ep: 211
[0130]   11.248 | 0.500 0.250 0.000 0.000 0.000 | 0.750 | 0.296 0.000
    TIMING: total=1.8s | estimate_prob=1.1s (63%) | cost_grad=0.0s (1%) | other=0.6s
INIT WC (DENSE): sum=-818.0000000000, abssum=4042.8656000000, nnz=2052
INIT bC: sum=0.0000000000, abssum=0.0000000000
    Finding equilibrium with integration (dur=10)...
    Random state position after get_ep: 488
    Finding equilibrium with integration (dur=10)...
    Random state position after get_ep: 169
    Finding equilibrium with integration (dur=10)...
    Random state position after get_ep: 390
    Finding equilibrium with integration (dur=10)...
    Random state position after get_ep: 251
    Finding equilibrium with integration (dur=10)...
    Random state position after get_ep: 392
INIT WC (DENSE): sum=-818.0000000000, abssum=4043.6412000000, nnz=2056
INIT bC: sum=0.0000000000, abssum=0.0000000000
    Finding equilibrium with integration (dur=10)...
    Random state position after get_ep: 349
    Finding equilibrium with integration (dur=10)...
    Random state position after get_ep: 94
    Finding equilibrium with integration (dur=10)...
    Random state position after get_ep: 63
    Finding equilibrium with integration (dur=10)...
    Random state position after get_ep: 440
    Finding equilibrium with integration (dur=10)...
    Random state position after get_ep: 157
[0140]    5.411 | 0.250 0.500 0.250 0.000 0.000 | 1.000 | 0.192 0.000
    TIMING: total=1.7s | estimate_prob=1.0s (62%) | cost_grad=0.0s (1%) | other=0.6s
INIT WC (DENSE): sum=-818.0000000000, abssum=4044.4168000000, nnz=2056
INIT bC: sum=0.0000000000, abssum=0.0000000000
    Finding equilibrium with integration (dur=10)...
    Random state position after get_ep: 266
    Finding equilibrium with integration (dur=10)...
    Random state position after get_ep: 91
    Finding equilibrium with integration (dur=10)...
    Random state position after get_ep: 156
    Finding equilibrium with integration (dur=10)...
    Random state position after get_ep: 181
    Finding equilibrium with integration (dur=10)...
    Random state position after get_ep: 370
INIT WC (DENSE): sum=-818.0000000000, abssum=4044.9924000000, nnz=2056
INIT bC: sum=0.0000000000, abssum=0.0000000000
    Finding equilibrium with integration (dur=10)...
    Random state position after get_ep: 311
    Finding equilibrium with integration (dur=10)...
    Random state position after get_ep: 56
    Finding equilibrium with integration (dur=10)...
    Random state position after get_ep: 29
    Finding equilibrium with integration (dur=10)...
    Random state position after get_ep: 330
    Finding equilibrium with integration (dur=10)...
    Random state position after get_ep: 247
[0150]   21.466 | 0.500 0.000 0.000 0.000 0.000 | 0.500 | 0.296 0.000
    TIMING: total=1.7s | estimate_prob=1.1s (61%) | cost_grad=0.0s (1%) | other=0.7s
INIT WC (DENSE): sum=-818.0000000000, abssum=4045.7680000000, nnz=2056
INIT bC: sum=0.0000000000, abssum=0.0000000000
    Finding equilibrium with integration (dur=10)...
    Random state position after get_ep: 568
    Finding equilibrium with integration (dur=10)...
    Random state position after get_ep: 214
    Finding equilibrium with integration (dur=10)...
    Random state position after get_ep: 267
    Finding equilibrium with integration (dur=10)...
    Random state position after get_ep: 8
    Finding equilibrium with integration (dur=10)...
    Random state position after get_ep: 217
INIT WC (DENSE): sum=-818.0000000000, abssum=4046.9436000000, nnz=2056
INIT bC: sum=0.0000000000, abssum=0.0000000000
    Finding equilibrium with integration (dur=10)...
    Random state position after get_ep: 182
    Finding equilibrium with integration (dur=10)...
    Random state position after get_ep: 111
    Finding equilibrium with integration (dur=10)...
    Random state position after get_ep: 80
    Finding equilibrium with integration (dur=10)...
    Random state position after get_ep: 421
    Finding equilibrium with integration (dur=10)...
    Random state position after get_ep: 498
[0160]   22.539 | 0.000 0.750 0.000 0.000 0.000 | 0.750 | 0.692 0.000
    TIMING: total=1.7s | estimate_prob=1.0s (62%) | cost_grad=0.0s (1%) | other=0.6s
INIT WC (DENSE): sum=-818.0000000000, abssum=4047.8192000000, nnz=2056
INIT bC: sum=0.0000000000, abssum=0.0000000000
    Finding equilibrium with integration (dur=10)...
    Random state position after get_ep: 179
    Finding equilibrium with integration (dur=10)...
    Random state position after get_ep: 140
    Finding equilibrium with integration (dur=10)...
    Random state position after get_ep: 541
    Finding equilibrium with integration (dur=10)...
    Random state position after get_ep: 287
    Finding equilibrium with integration (dur=10)...
    Random state position after get_ep: 368
INIT WC (DENSE): sum=-818.0000000000, abssum=4048.8948000000, nnz=2056
INIT bC: sum=0.0000000000, abssum=0.0000000000
    Finding equilibrium with integration (dur=10)...
    Random state position after get_ep: 373
    Finding equilibrium with integration (dur=10)...
    Random state position after get_ep: 234
    Finding equilibrium with integration (dur=10)...
    Random state position after get_ep: 327
    Finding equilibrium with integration (dur=10)...
    Random state position after get_ep: 208
    Finding equilibrium with integration (dur=10)...
    Random state position after get_ep: 277
[0170]   16.678 | 0.000 0.750 0.250 0.000 0.000 | 1.000 | 0.442 0.000
    TIMING: total=1.8s | estimate_prob=1.2s (63%) | cost_grad=0.0s (1%) | other=0.7s
INIT WC (DENSE): sum=-818.0000000000, abssum=4049.4704000000, nnz=2056
INIT bC: sum=0.0000000000, abssum=0.0000000000
    Finding equilibrium with integration (dur=10)...
    Random state position after get_ep: 326
    Finding equilibrium with integration (dur=10)...
    Random state position after get_ep: 279
    Finding equilibrium with integration (dur=10)...
    Random state position after get_ep: 32
    Finding equilibrium with integration (dur=10)...
    Random state position after get_ep: 349
    Finding equilibrium with integration (dur=10)...
    Random state position after get_ep: 402
INIT WC (DENSE): sum=-818.0000000000, abssum=4049.9460000000, nnz=2058
INIT bC: sum=0.0000000000, abssum=0.0000000000
    Finding equilibrium with integration (dur=10)...
    Random state position after get_ep: 239
    Finding equilibrium with integration (dur=10)...
    Random state position after get_ep: 164
    Finding equilibrium with integration (dur=10)...
    Random state position after get_ep: 377
    Finding equilibrium with integration (dur=10)...
    Random state position after get_ep: 94
    Finding equilibrium with integration (dur=10)...
    Random state position after get_ep: 551
[0180]    5.411 | 0.250 0.500 0.250 0.000 0.000 | 1.000 | 0.192 0.000
    TIMING: total=1.7s | estimate_prob=1.1s (64%) | cost_grad=0.0s (1%) | other=0.6s
INIT WC (DENSE): sum=-818.0000000000, abssum=4050.3216000000, nnz=2060
INIT bC: sum=0.0000000000, abssum=0.0000000000
    Finding equilibrium with integration (dur=10)...
    Random state position after get_ep: 348
    Finding equilibrium with integration (dur=10)...
    Random state position after get_ep: 441
    Finding equilibrium with integration (dur=10)...
    Random state position after get_ep: 586
    Finding equilibrium with integration (dur=10)...
    Random state position after get_ep: 403
    Finding equilibrium with integration (dur=10)...
    Random state position after get_ep: 16
INIT WC (DENSE): sum=-818.0000000000, abssum=4051.4972000000, nnz=2060
INIT bC: sum=0.0000000000, abssum=0.0000000000
    Finding equilibrium with integration (dur=10)...
    Random state position after get_ep: 589
    Finding equilibrium with integration (dur=10)...
    Random state position after get_ep: 498
    Finding equilibrium with integration (dur=10)...
    Random state position after get_ep: 43
    Finding equilibrium with integration (dur=10)...
    Random state position after get_ep: 624
    Finding equilibrium with integration (dur=10)...
    Random state position after get_ep: 593
[0190]   11.273 | 0.250 0.500 0.000 0.000 0.000 | 0.750 | 0.442 0.000
    TIMING: total=1.6s | estimate_prob=1.1s (64%) | cost_grad=0.0s (1%) | other=0.6s
INIT WC (DENSE): sum=-818.0000000000, abssum=4052.6728000000, nnz=2060
INIT bC: sum=0.0000000000, abssum=0.0000000000
    Finding equilibrium with integration (dur=10)...
    Random state position after get_ep: 410
    Finding equilibrium with integration (dur=10)...
    Random state position after get_ep: 203
    Finding equilibrium with integration (dur=10)...
    Random state position after get_ep: 128
    Finding equilibrium with integration (dur=10)...
    Random state position after get_ep: 305
    Finding equilibrium with integration (dur=10)...
    Random state position after get_ep: 14
INIT WC (DENSE): sum=-818.0000000000, abssum=4053.4484000000, nnz=2062
INIT bC: sum=0.0000000000, abssum=0.0000000000
    Finding equilibrium with integration (dur=10)...
    Random state position after get_ep: 251
    Finding equilibrium with integration (dur=10)...
    Random state position after get_ep: 384
    Finding equilibrium with integration (dur=10)...
    Random state position after get_ep: 41
    Finding equilibrium with integration (dur=10)...
    Random state position after get_ep: 186
    Finding equilibrium with integration (dur=10)...
    Random state position after get_ep: 399
[0200]   16.678 | 0.000 0.750 0.250 0.000 0.000 | 1.000 | 0.442 0.000
    TIMING: total=1.8s | estimate_prob=1.2s (65%) | cost_grad=0.0s (1%) | other=0.6s
INIT WC (DENSE): sum=-818.0000000000, abssum=4053.9240000000, nnz=2062
INIT bC: sum=0.0000000000, abssum=0.0000000000
    [Epoch 201] GRADIENT DIAG (DENSE): trees=5, positions=250, val_sum=-0.000000
      DENSE dWC: nnz=187, sum=-0.000000
      Gradient targets: 187 existing WC positions (grad_sum=20.8312)
                        0 NEW positions (grad_sum=0.0000)
      Current WC nnz: 2062
    Finding equilibrium with integration (dur=10)...
    Random state position after get_ep: 456
    Finding equilibrium with integration (dur=10)...
    Random state position after get_ep: 361
    Finding equilibrium with integration (dur=10)...
    Random state position after get_ep: 138
    Finding equilibrium with integration (dur=10)...
    Random state position after get_ep: 7
    Finding equilibrium with integration (dur=10)...
    Random state position after get_ep: 352
INIT WC (DENSE): sum=-818.0000000000, abssum=4054.0996000000, nnz=2062
INIT bC: sum=0.0000000000, abssum=0.0000000000
    Finding equilibrium with integration (dur=10)...
    Random state position after get_ep: 273
    Finding equilibrium with integration (dur=10)...
    Random state position after get_ep: 70
    Finding equilibrium with integration (dur=10)...
    Random state position after get_ep: 467
    Finding equilibrium with integration (dur=10)...
    Random state position after get_ep: 376
    Finding equilibrium with integration (dur=10)...
    Random state position after get_ep: 501
[0210]   21.466 | 0.500 0.000 0.000 0.000 0.000 | 0.500 | 0.381 0.000
    TIMING: total=1.7s | estimate_prob=1.1s (63%) | cost_grad=0.0s (1%) | other=0.6s
INIT WC (DENSE): sum=-818.0000000000, abssum=4055.2752000000, nnz=2062
INIT bC: sum=0.0000000000, abssum=0.0000000000
    Finding equilibrium with integration (dur=10)...
    Random state position after get_ep: 166
    Finding equilibrium with integration (dur=10)...
    Random state position after get_ep: 387
    Finding equilibrium with integration (dur=10)...
    Random state position after get_ep: 324
    Finding equilibrium with integration (dur=10)...
    Random state position after get_ep: 473
    Finding equilibrium with integration (dur=10)...
    Random state position after get_ep: 478
INIT WC (DENSE): sum=-818.0000000000, abssum=4055.6508000000, nnz=2062
INIT bC: sum=0.0000000000, abssum=0.0000000000
    Finding equilibrium with integration (dur=10)...
    Random state position after get_ep: 375
    Finding equilibrium with integration (dur=10)...
    Random state position after get_ep: 520
    Finding equilibrium with integration (dur=10)...
    Random state position after get_ep: 549
    Finding equilibrium with integration (dur=10)...
    Random state position after get_ep: 222
    Finding equilibrium with integration (dur=10)...
    Random state position after get_ep: 491
[0220]   11.148 | 0.250 0.750 0.000 0.000 0.000 | 1.000 | 0.442 0.000
    TIMING: total=1.7s | estimate_prob=1.1s (63%) | cost_grad=0.0s (1%) | other=0.6s
INIT WC (DENSE): sum=-818.0000000000, abssum=4056.0264000000, nnz=2062
INIT bC: sum=0.0000000000, abssum=0.0000000000
    Finding equilibrium with integration (dur=10)...
    Random state position after get_ep: 172
    Finding equilibrium with integration (dur=10)...
    Random state position after get_ep: 489
    Finding equilibrium with integration (dur=10)...
    Random state position after get_ep: 466
    Finding equilibrium with integration (dur=10)...
    Random state position after get_ep: 327
    Finding equilibrium with integration (dur=10)...
    Random state position after get_ep: 616
INIT WC (DENSE): sum=-818.0000000000, abssum=4055.9020000000, nnz=2062
INIT bC: sum=0.0000000000, abssum=0.0000000000
    Finding equilibrium with integration (dur=10)...
    Random state position after get_ep: 497
    Finding equilibrium with integration (dur=10)...
    Random state position after get_ep: 206
    Finding equilibrium with integration (dur=10)...
    Random state position after get_ep: 155
    Finding equilibrium with integration (dur=10)...
    Random state position after get_ep: 312
    Finding equilibrium with integration (dur=10)...
    Random state position after get_ep: 81
[0230]   11.109 | 0.750 0.250 0.000 0.000 0.000 | 1.000 | 0.406 0.000
    TIMING: total=1.7s | estimate_prob=1.0s (60%) | cost_grad=0.0s (1%) | other=0.7s
INIT WC (DENSE): sum=-818.0000000000, abssum=4056.4776000000, nnz=2062
INIT bC: sum=0.0000000000, abssum=0.0000000000
    Finding equilibrium with integration (dur=10)...
    Random state position after get_ep: 622
    Finding equilibrium with integration (dur=10)...
    Random state position after get_ep: 291
    Finding equilibrium with integration (dur=10)...
    Random state position after get_ep: 260
    Finding equilibrium with integration (dur=10)...
    Random state position after get_ep: 434
    Finding equilibrium with integration (dur=10)...
    Random state position after get_ep: 47
INIT WC (DENSE): sum=-818.0000000000, abssum=4056.8532000000, nnz=2062
INIT bC: sum=0.0000000000, abssum=0.0000000000
    Finding equilibrium with integration (dur=10)...
    Random state position after get_ep: 352
    Finding equilibrium with integration (dur=10)...
    Random state position after get_ep: 529
    Finding equilibrium with integration (dur=10)...
    Random state position after get_ep: 450
    Finding equilibrium with integration (dur=10)...
    Random state position after get_ep: 547
    Finding equilibrium with integration (dur=10)...
    Random state position after get_ep: 196
[0240]   21.228 | 1.000 0.000 0.000 0.000 0.000 | 1.000 | 0.656 0.000
    TIMING: total=1.7s | estimate_prob=1.0s (61%) | cost_grad=0.0s (1%) | other=0.6s
INIT WC (DENSE): sum=-818.0000000000, abssum=4057.5288000000, nnz=2062
INIT bC: sum=0.0000000000, abssum=0.0000000000
    Finding equilibrium with integration (dur=10)...
    Random state position after get_ep: 585
    Finding equilibrium with integration (dur=10)...
    Random state position after get_ep: 618
    Finding equilibrium with integration (dur=10)...
    Random state position after get_ep: 255
    Finding equilibrium with integration (dur=10)...
    Random state position after get_ep: 184
    Finding equilibrium with integration (dur=10)...
    Random state position after get_ep: 517
INIT WC (DENSE): sum=-818.0000000000, abssum=4057.8044000000, nnz=2062
INIT bC: sum=0.0000000000, abssum=0.0000000000
    Finding equilibrium with integration (dur=10)...
    Random state position after get_ep: 554
    Finding equilibrium with integration (dur=10)...
    Random state position after get_ep: 183
    Finding equilibrium with integration (dur=10)...
    Random state position after get_ep: 20
    Finding equilibrium with integration (dur=10)...
    Random state position after get_ep: 577
    Finding equilibrium with integration (dur=10)...
    Random state position after get_ep: 42
[0250]   21.228 | 1.000 0.000 0.000 0.000 0.000 | 1.000 | 0.656 0.000
    TIMING: total=1.7s | estimate_prob=1.1s (63%) | cost_grad=0.0s (1%) | other=0.6s
INIT WC (DENSE): sum=-818.0000000000, abssum=4058.3800000000, nnz=2062
INIT bC: sum=0.0000000000, abssum=0.0000000000
    Finding equilibrium with integration (dur=10)...
    Random state position after get_ep: 251
    Finding equilibrium with integration (dur=10)...
    Random state position after get_ep: 484
    Finding equilibrium with integration (dur=10)...
    Random state position after get_ep: 29
    Finding equilibrium with integration (dur=10)...
    Random state position after get_ep: 510
    Finding equilibrium with integration (dur=10)...
    Random state position after get_ep: 415
INIT WC (DENSE): sum=-818.0000000000, abssum=4058.8556000000, nnz=2062
INIT bC: sum=0.0000000000, abssum=0.0000000000
    Finding equilibrium with integration (dur=10)...
    Random state position after get_ep: 380
    Finding equilibrium with integration (dur=10)...
    Random state position after get_ep: 261
    Finding equilibrium with integration (dur=10)...
    Random state position after get_ep: 450
    Finding equilibrium with integration (dur=10)...
    Random state position after get_ep: 560
    Finding equilibrium with integration (dur=10)...
    Random state position after get_ep: 357
[0260]   15.465 | 0.750 0.000 0.250 0.000 0.000 | 1.000 | 0.480 0.000
    TIMING: total=1.8s | estimate_prob=1.2s (66%) | cost_grad=0.0s (1%) | other=0.6s
INIT WC (DENSE): sum=-818.0000000000, abssum=4058.7312000000, nnz=2062
INIT bC: sum=0.0000000000, abssum=0.0000000000
    Finding equilibrium with integration (dur=10)...
    Random state position after get_ep: 186
    Finding equilibrium with integration (dur=10)...
    Random state position after get_ep: 443
    Finding equilibrium with integration (dur=10)...
    Random state position after get_ep: 384
    Finding equilibrium with integration (dur=10)...
    Random state position after get_ep: 117
    Finding equilibrium with integration (dur=10)...
    Random state position after get_ep: 126
INIT WC (DENSE): sum=-818.0000000000, abssum=4059.1068000000, nnz=2062
INIT bC: sum=0.0000000000, abssum=0.0000000000
    Finding equilibrium with integration (dur=10)...
    Random state position after get_ep: 51
    Finding equilibrium with integration (dur=10)...
    Random state position after get_ep: 8
    Finding equilibrium with integration (dur=10)...
    Random state position after get_ep: 293
    Finding equilibrium with integration (dur=10)...
    Random state position after get_ep: 310
    Finding equilibrium with integration (dur=10)...
    Random state position after get_ep: 571
[0270]   22.450 | 0.000 1.000 0.000 0.000 0.000 | 1.000 | 0.692 0.000
    TIMING: total=1.8s | estimate_prob=1.1s (63%) | cost_grad=0.0s (1%) | other=0.7s
INIT WC (DENSE): sum=-818.0000000000, abssum=4059.7824000000, nnz=2062
INIT bC: sum=0.0000000000, abssum=0.0000000000
    Finding equilibrium with integration (dur=10)...
    Random state position after get_ep: 236
    Finding equilibrium with integration (dur=10)...
    Random state position after get_ep: 389
    Finding equilibrium with integration (dur=10)...
    Random state position after get_ep: 390
    Finding equilibrium with integration (dur=10)...
    Random state position after get_ep: 615
    Finding equilibrium with integration (dur=10)...
    Random state position after get_ep: 428
INIT WC (DENSE): sum=-818.0000000000, abssum=4059.4580000000, nnz=2062
INIT bC: sum=0.0000000000, abssum=0.0000000000
    Finding equilibrium with integration (dur=10)...
    Random state position after get_ep: 481
    Finding equilibrium with integration (dur=10)...
    Random state position after get_ep: 426
    Finding equilibrium with integration (dur=10)...
    Random state position after get_ep: 299
    Finding equilibrium with integration (dur=10)...
    Random state position after get_ep: 440
    Finding equilibrium with integration (dur=10)...
    Random state position after get_ep: 306
[0280]   11.109 | 0.750 0.250 0.000 0.000 0.000 | 1.000 | 0.406 0.000
    TIMING: total=1.8s | estimate_prob=1.1s (64%) | cost_grad=0.0s (1%) | other=0.6s
INIT WC (DENSE): sum=-818.0000000000, abssum=4059.7336000000, nnz=2062
INIT bC: sum=0.0000000000, abssum=0.0000000000
    Finding equilibrium with integration (dur=10)...
    Random state position after get_ep: 471
    Finding equilibrium with integration (dur=10)...
    Random state position after get_ep: 612
    Finding equilibrium with integration (dur=10)...
    Random state position after get_ep: 93
    Finding equilibrium with integration (dur=10)...
    Random state position after get_ep: 370
    Finding equilibrium with integration (dur=10)...
    Random state position after get_ep: 175
INIT WC (DENSE): sum=-818.0000000000, abssum=4059.8092000000, nnz=2062
INIT bC: sum=0.0000000000, abssum=0.0000000000
    Finding equilibrium with integration (dur=10)...
    Random state position after get_ep: 436
    Finding equilibrium with integration (dur=10)...
    Random state position after get_ep: 445
    Finding equilibrium with integration (dur=10)...
    Random state position after get_ep: 430
    Finding equilibrium with integration (dur=10)...
    Random state position after get_ep: 331
    Finding equilibrium with integration (dur=10)...
    Random state position after get_ep: 516
[0290]   13.880 | 0.500 0.000 0.250 0.000 0.250 | 1.000 | 0.308 0.000
    TIMING: total=1.7s | estimate_prob=1.1s (63%) | cost_grad=0.0s (1%) | other=0.6s
INIT WC (DENSE): sum=-818.0000000000, abssum=4060.4848000000, nnz=2062
INIT bC: sum=0.0000000000, abssum=0.0000000000
    Finding equilibrium with integration (dur=10)...
    Random state position after get_ep: 253
    Finding equilibrium with integration (dur=10)...
    Random state position after get_ep: 514
    Finding equilibrium with integration (dur=10)...
    Random state position after get_ep: 231
    Finding equilibrium with integration (dur=10)...
    Random state position after get_ep: 260
    Finding equilibrium with integration (dur=10)...
    Random state position after get_ep: 173
INIT WC (DENSE): sum=-818.0000000000, abssum=4061.0604000000, nnz=2064
INIT bC: sum=0.0000000000, abssum=0.0000000000
    Finding equilibrium with integration (dur=10)...
    Random state position after get_ep: 438
    Finding equilibrium with integration (dur=10)...
    Random state position after get_ep: 164
    Finding equilibrium with integration (dur=10)...
    Random state position after get_ep: 561
    Finding equilibrium with integration (dur=10)...
    Random state position after get_ep: 214
    Finding equilibrium with integration (dur=10)...
    Random state position after get_ep: 431
[0300]   21.228 | 1.000 0.000 0.000 0.000 0.000 | 1.000 | 0.656 0.000
    TIMING: total=1.8s | estimate_prob=1.2s (65%) | cost_grad=0.0s (1%) | other=0.6s
INIT WC (DENSE): sum=-818.0000000000, abssum=4061.3360000000, nnz=2064
INIT bC: sum=0.0000000000, abssum=0.0000000000
    [Epoch 301] GRADIENT DIAG (DENSE): trees=6, positions=300, val_sum=-0.000000
      DENSE dWC: nnz=189, sum=-0.000000
      Gradient targets: 189 existing WC positions (grad_sum=81.9696)
                        0 NEW positions (grad_sum=0.0000)
      Current WC nnz: 2064
    Finding equilibrium with integration (dur=10)...
    Random state position after get_ep: 480
    Finding equilibrium with integration (dur=10)...
    Random state position after get_ep: 481
    Finding equilibrium with integration (dur=10)...
    Random state position after get_ep: 258
    Finding equilibrium with integration (dur=10)...
    Random state position after get_ep: 47
    Finding equilibrium with integration (dur=10)...
    Random state position after get_ep: 556
INIT WC (DENSE): sum=-818.0000000000, abssum=4061.5116000000, nnz=2064
INIT bC: sum=0.0000000000, abssum=0.0000000000
    Finding equilibrium with integration (dur=10)...
    Random state position after get_ep: 389
    Finding equilibrium with integration (dur=10)...
    Random state position after get_ep: 562
    Finding equilibrium with integration (dur=10)...
    Random state position after get_ep: 347
    Finding equilibrium with integration (dur=10)...
    Random state position after get_ep: 500
    Finding equilibrium with integration (dur=10)...
    Random state position after get_ep: 197
[0310]   22.450 | 0.000 1.000 0.000 0.000 0.000 | 1.000 | 0.692 0.000
    TIMING: total=1.8s | estimate_prob=1.1s (61%) | cost_grad=0.0s (1%) | other=0.7s
INIT WC (DENSE): sum=-818.0000000000, abssum=4061.7872000000, nnz=2066
INIT bC: sum=0.0000000000, abssum=0.0000000000
    Finding equilibrium with integration (dur=10)...
    Random state position after get_ep: 466
    Finding equilibrium with integration (dur=10)...
    Random state position after get_ep: 247
    Finding equilibrium with integration (dur=10)...
    Random state position after get_ep: 592
    Finding equilibrium with integration (dur=10)...
    Random state position after get_ep: 593
    Finding equilibrium with integration (dur=10)...
    Random state position after get_ep: 82
INIT WC (DENSE): sum=-818.0000000000, abssum=4061.5628000000, nnz=2066
INIT bC: sum=0.0000000000, abssum=0.0000000000
    Finding equilibrium with integration (dur=10)...
    Random state position after get_ep: 319
    Finding equilibrium with integration (dur=10)...
    Random state position after get_ep: 272
    Finding equilibrium with integration (dur=10)...
    Random state position after get_ep: 605
    Finding equilibrium with integration (dur=10)...
    Random state position after get_ep: 410
    Finding equilibrium with integration (dur=10)...
    Random state position after get_ep: 459
[0320]   17.425 | 0.500 0.000 0.000 0.500 0.000 | 1.000 | 0.381 0.000
    TIMING: total=1.8s | estimate_prob=1.2s (65%) | cost_grad=0.0s (1%) | other=0.6s
INIT WC (DENSE): sum=-818.0000000000, abssum=4061.7384000000, nnz=2066
INIT bC: sum=0.0000000000, abssum=0.0000000000
    Finding equilibrium with integration (dur=10)...
    Random state position after get_ep: 276
    Finding equilibrium with integration (dur=10)...
    Random state position after get_ep: 221
    Finding equilibrium with integration (dur=10)...
    Random state position after get_ep: 442
    Finding equilibrium with integration (dur=10)...
    Random state position after get_ep: 7
    Finding equilibrium with integration (dur=10)...
    Random state position after get_ep: 121
INIT WC (DENSE): sum=-818.0000000000, abssum=4062.9140000000, nnz=2068
INIT bC: sum=0.0000000000, abssum=0.0000000000
    Finding equilibrium with integration (dur=10)...
    Random state position after get_ep: 430
    Finding equilibrium with integration (dur=10)...
    Random state position after get_ep: 603
    Finding equilibrium with integration (dur=10)...
    Random state position after get_ep: 40
    Finding equilibrium with integration (dur=10)...
    Random state position after get_ep: 333
    Finding equilibrium with integration (dur=10)...
    Random state position after get_ep: 362
[0330]   11.035 | 0.500 0.500 0.000 0.000 0.000 | 1.000 | 0.296 0.000
    TIMING: total=2.0s | estimate_prob=1.2s (59%) | cost_grad=0.0s (1%) | other=0.8s
INIT WC (DENSE): sum=-818.0000000000, abssum=4062.8896000000, nnz=2068
INIT bC: sum=0.0000000000, abssum=0.0000000000
    Finding equilibrium with integration (dur=10)...
    Random state position after get_ep: 459
    Finding equilibrium with integration (dur=10)...
    Random state position after get_ep: 485
    Finding equilibrium with integration (dur=10)...
    Random state position after get_ep: 214
    Finding equilibrium with integration (dur=10)...
    Random state position after get_ep: 203
    Finding equilibrium with integration (dur=10)...
    Random state position after get_ep: 156
INIT WC (DENSE): sum=-818.0000000000, abssum=4063.6652000000, nnz=2068
INIT bC: sum=0.0000000000, abssum=0.0000000000
    Finding equilibrium with integration (dur=10)...
    Random state position after get_ep: 125
    Finding equilibrium with integration (dur=10)...
    Random state position after get_ep: 374
    Finding equilibrium with integration (dur=10)...
    Random state position after get_ep: 223
    Finding equilibrium with integration (dur=10)...
    Random state position after get_ep: 332
    Finding equilibrium with integration (dur=10)...
    Random state position after get_ep: 341
[0340]   11.801 | 0.250 0.000 0.250 0.500 0.000 | 1.000 | 0.454 0.000
    TIMING: total=1.7s | estimate_prob=1.1s (61%) | cost_grad=0.0s (1%) | other=0.7s
INIT WC (DENSE): sum=-818.0000000000, abssum=4063.5408000000, nnz=2068
INIT bC: sum=0.0000000000, abssum=0.0000000000
    Finding equilibrium with integration (dur=10)...
    Random state position after get_ep: 434
    Finding equilibrium with integration (dur=10)...
    Random state position after get_ep: 547
    Finding equilibrium with integration (dur=10)...
    Random state position after get_ep: 488
    Finding equilibrium with integration (dur=10)...
    Random state position after get_ep: 489
    Finding equilibrium with integration (dur=10)...
    Random state position after get_ep: 210
INIT WC (DENSE): sum=-818.0000000000, abssum=4063.8164000000, nnz=2068
INIT bC: sum=0.0000000000, abssum=0.0000000000
    Finding equilibrium with integration (dur=10)...
    Random state position after get_ep: 263
    Finding equilibrium with integration (dur=10)...
    Random state position after get_ep: 384
    Finding equilibrium with integration (dur=10)...
    Random state position after get_ep: 545
    Finding equilibrium with integration (dur=10)...
    Random state position after get_ep: 198
    Finding equilibrium with integration (dur=10)...
    Random state position after get_ep: 15
[0350]   11.109 | 0.750 0.250 0.000 0.000 0.000 | 1.000 | 0.406 0.000
    TIMING: total=1.8s | estimate_prob=1.1s (62%) | cost_grad=0.0s (1%) | other=0.7s
INIT WC (DENSE): sum=-818.0000000000, abssum=4064.1920000000, nnz=2068
INIT bC: sum=0.0000000000, abssum=0.0000000000
    Finding equilibrium with integration (dur=10)...
    Random state position after get_ep: 112
    Finding equilibrium with integration (dur=10)...
    Random state position after get_ep: 333
    Finding equilibrium with integration (dur=10)...
    Random state position after get_ep: 198
    Finding equilibrium with integration (dur=10)...
    Random state position after get_ep: 39
    Finding equilibrium with integration (dur=10)...
    Random state position after get_ep: 40
INIT WC (DENSE): sum=-818.0000000000, abssum=4064.4676000000, nnz=2068
INIT bC: sum=0.0000000000, abssum=0.0000000000
    Finding equilibrium with integration (dur=10)...
    Random state position after get_ep: 581
    Finding equilibrium with integration (dur=10)...
    Random state position after get_ep: 510
    Finding equilibrium with integration (dur=10)...
    Random state position after get_ep: 335
    Finding equilibrium with integration (dur=10)...
    Random state position after get_ep: 136
    Finding equilibrium with integration (dur=10)...
    Random state position after get_ep: 245
[0360]    5.411 | 0.250 0.500 0.250 0.000 0.000 | 1.000 | 0.192 0.000
    TIMING: total=1.8s | estimate_prob=1.2s (66%) | cost_grad=0.0s (1%) | other=0.6s
INIT WC (DENSE): sum=-818.0000000000, abssum=4064.6432000000, nnz=2068
INIT bC: sum=0.0000000000, abssum=0.0000000000
    Finding equilibrium with integration (dur=10)...
    Random state position after get_ep: 382
    Finding equilibrium with integration (dur=10)...
    Random state position after get_ep: 584
    Finding equilibrium with integration (dur=10)...
    Random state position after get_ep: 229
    Finding equilibrium with integration (dur=10)...
    Random state position after get_ep: 154
    Finding equilibrium with integration (dur=10)...
    Random state position after get_ep: 137
INIT WC (DENSE): sum=-818.0000000000, abssum=4064.7188000000, nnz=2068
INIT bC: sum=0.0000000000, abssum=0.0000000000
    Finding equilibrium with integration (dur=10)...
    Random state position after get_ep: 330
    Finding equilibrium with integration (dur=10)...
    Random state position after get_ep: 283
    Finding equilibrium with integration (dur=10)...
    Random state position after get_ep: 32
    Finding equilibrium with integration (dur=10)...
    Random state position after get_ep: 397
    Finding equilibrium with integration (dur=10)...
    Random state position after get_ep: 182
[0370]   18.581 | 0.000 0.750 0.000 0.250 0.000 | 1.000 | 0.520 0.000
    TIMING: total=1.8s | estimate_prob=1.1s (63%) | cost_grad=0.0s (1%) | other=0.6s
INIT WC (DENSE): sum=-818.0000000000, abssum=4064.7944000000, nnz=2068
INIT bC: sum=0.0000000000, abssum=0.0000000000
    Finding equilibrium with integration (dur=10)...
    Random state position after get_ep: 19
    Finding equilibrium with integration (dur=10)...
    Random state position after get_ep: 8
    Finding equilibrium with integration (dur=10)...
    Random state position after get_ep: 81
    Finding equilibrium with integration (dur=10)...
    Random state position after get_ep: 10
    Finding equilibrium with integration (dur=10)...
    Random state position after get_ep: 63
INIT WC (DENSE): sum=-818.0000000000, abssum=4064.8700000000, nnz=2068
INIT bC: sum=0.0000000000, abssum=0.0000000000
    Finding equilibrium with integration (dur=10)...
    Random state position after get_ep: 408
    Finding equilibrium with integration (dur=10)...
    Random state position after get_ep: 45
    Finding equilibrium with integration (dur=10)...
    Random state position after get_ep: 178
    Finding equilibrium with integration (dur=10)...
    Random state position after get_ep: 448
    Finding equilibrium with integration (dur=10)...
    Random state position after get_ep: 469
[0380]   13.880 | 0.500 0.000 0.250 0.000 0.250 | 1.000 | 0.308 0.000
    TIMING: total=1.8s | estimate_prob=1.1s (63%) | cost_grad=0.0s (1%) | other=0.7s
INIT WC (DENSE): sum=-818.0000000000, abssum=4065.4456000000, nnz=2068
INIT bC: sum=0.0000000000, abssum=0.0000000000
    Finding equilibrium with integration (dur=10)...
    Random state position after get_ep: 566
    Finding equilibrium with integration (dur=10)...
    Random state position after get_ep: 383
    Finding equilibrium with integration (dur=10)...
    Random state position after get_ep: 204
    Finding equilibrium with integration (dur=10)...
    Random state position after get_ep: 290
    Finding equilibrium with integration (dur=10)...
    Random state position after get_ep: 379
INIT WC (DENSE): sum=-818.0000000000, abssum=4065.4212000000, nnz=2068
INIT bC: sum=0.0000000000, abssum=0.0000000000
    Finding equilibrium with integration (dur=10)...
    Random state position after get_ep: 604
    Finding equilibrium with integration (dur=10)...
    Random state position after get_ep: 145
    Finding equilibrium with integration (dur=10)...
    Random state position after get_ep: 178
    Finding equilibrium with integration (dur=10)...
    Random state position after get_ep: 359
    Finding equilibrium with integration (dur=10)...
    Random state position after get_ep: 168
[0390]   15.648 | 0.250 0.000 0.750 0.000 0.000 | 1.000 | 0.573 0.000
    TIMING: total=1.6s | estimate_prob=1.1s (64%) | cost_grad=0.0s (1%) | other=0.6s
INIT WC (DENSE): sum=-818.0000000000, abssum=4065.8968000000, nnz=2068
INIT bC: sum=0.0000000000, abssum=0.0000000000
    Finding equilibrium with integration (dur=10)...
    Random state position after get_ep: 313
    Finding equilibrium with integration (dur=10)...
    Random state position after get_ep: 434
    Finding equilibrium with integration (dur=10)...
    Random state position after get_ep: 231
    Finding equilibrium with integration (dur=10)...
    Random state position after get_ep: 228
    Finding equilibrium with integration (dur=10)...
    Random state position after get_ep: 593
INIT WC (DENSE): sum=-818.0000000000, abssum=4065.8724000000, nnz=2068
INIT bC: sum=0.0000000000, abssum=0.0000000000
    Finding equilibrium with integration (dur=10)...
    Random state position after get_ep: 490
    Finding equilibrium with integration (dur=10)...
    Random state position after get_ep: 419
    Finding equilibrium with integration (dur=10)...
    Random state position after get_ep: 240
    Finding equilibrium with integration (dur=10)...
    Random state position after get_ep: 553
    Finding equilibrium with integration (dur=10)...
    Random state position after get_ep: 22
[0400]   21.429 | 0.000 0.000 0.500 0.250 0.250 | 1.000 | 0.454 0.000
    TIMING: total=1.8s | estimate_prob=1.1s (64%) | cost_grad=0.0s (1%) | other=0.6s
INIT WC (DENSE): sum=-818.0000000000, abssum=4066.4480000000, nnz=2068
INIT bC: sum=0.0000000000, abssum=0.0000000000
    [Epoch 401] GRADIENT DIAG (DENSE): trees=5, positions=250, val_sum=-0.000000
      DENSE dWC: nnz=187, sum=-0.000000
      Gradient targets: 187 existing WC positions (grad_sum=47.9888)
                        0 NEW positions (grad_sum=0.0000)
      Current WC nnz: 2068
    Finding equilibrium with integration (dur=10)...
    Random state position after get_ep: 235
    Finding equilibrium with integration (dur=10)...
    Random state position after get_ep: 488
    Finding equilibrium with integration (dur=10)...
    Random state position after get_ep: 421
    Finding equilibrium with integration (dur=10)...
    Random state position after get_ep: 122
    Finding equilibrium with integration (dur=10)...
    Random state position after get_ep: 39
INIT WC (DENSE): sum=-818.0000000000, abssum=4066.4236000000, nnz=2068
INIT bC: sum=0.0000000000, abssum=0.0000000000
    Finding equilibrium with integration (dur=10)...
    Random state position after get_ep: 321
    Finding equilibrium with integration (dur=10)...
    Random state position after get_ep: 10
    Finding equilibrium with integration (dur=10)...
    Random state position after get_ep: 207
    Finding equilibrium with integration (dur=10)...
    Random state position after get_ep: 500
    Finding equilibrium with integration (dur=10)...
    Random state position after get_ep: 161
[0410]   11.109 | 0.750 0.250 0.000 0.000 0.000 | 1.000 | 0.406 0.000
    TIMING: total=1.7s | estimate_prob=1.1s (61%) | cost_grad=0.0s (1%) | other=0.6s
INIT WC (DENSE): sum=-818.0000000000, abssum=4066.3992000000, nnz=2068
INIT bC: sum=0.0000000000, abssum=0.0000000000
    Finding equilibrium with integration (dur=10)...
    Random state position after get_ep: 506
    Finding equilibrium with integration (dur=10)...
    Random state position after get_ep: 459
    Finding equilibrium with integration (dur=10)...
    Random state position after get_ep: 160
    Finding equilibrium with integration (dur=10)...
    Random state position after get_ep: 97
    Finding equilibrium with integration (dur=10)...
    Random state position after get_ep: 598
INIT WC (DENSE): sum=-818.0000000000, abssum=4067.1748000000, nnz=2068
INIT bC: sum=0.0000000000, abssum=0.0000000000
    Finding equilibrium with integration (dur=10)...
    Random state position after get_ep: 291
    Finding equilibrium with integration (dur=10)...
    Random state position after get_ep: 252
    Finding equilibrium with integration (dur=10)...
    Random state position after get_ep: 617
    Finding equilibrium with integration (dur=10)...
    Random state position after get_ep: 286
    Finding equilibrium with integration (dur=10)...
    Random state position after get_ep: 175
[0420]   15.482 | 0.500 0.000 0.500 0.000 0.000 | 1.000 | 0.480 0.000
    TIMING: total=1.8s | estimate_prob=1.2s (65%) | cost_grad=0.0s (1%) | other=0.6s
INIT WC (DENSE): sum=-818.0000000000, abssum=4067.3504000000, nnz=2068
INIT bC: sum=0.0000000000, abssum=0.0000000000
    Finding equilibrium with integration (dur=10)...
    Random state position after get_ep: 497
    Finding equilibrium with integration (dur=10)...
    Random state position after get_ep: 274
    Finding equilibrium with integration (dur=10)...
    Random state position after get_ep: 35
    Finding equilibrium with integration (dur=10)...
    Random state position after get_ep: 524
    Finding equilibrium with integration (dur=10)...
    Random state position after get_ep: 273
INIT WC (DENSE): sum=-818.0000000000, abssum=4067.7260000000, nnz=2068
INIT bC: sum=0.0000000000, abssum=0.0000000000
    Finding equilibrium with integration (dur=10)...
    Random state position after get_ep: 14
    Finding equilibrium with integration (dur=10)...
    Random state position after get_ep: 327
    Finding equilibrium with integration (dur=10)...
    Random state position after get_ep: 264
    Finding equilibrium with integration (dur=10)...
    Random state position after get_ep: 437
    Finding equilibrium with integration (dur=10)...
    Random state position after get_ep: 114
[0430]    5.502 | 0.250 0.250 0.500 0.000 0.000 | 1.000 | 0.323 0.000
    TIMING: total=1.8s | estimate_prob=1.1s (64%) | cost_grad=0.0s (1%) | other=0.6s
INIT WC (DENSE): sum=-818.0000000000, abssum=4067.9016000000, nnz=2068
INIT bC: sum=0.0000000000, abssum=0.0000000000
    Finding equilibrium with integration (dur=10)...
    Random state position after get_ep: 355
    Finding equilibrium with integration (dur=10)...
    Random state position after get_ep: 332
    Finding equilibrium with integration (dur=10)...
    Random state position after get_ep: 21
    Finding equilibrium with integration (dur=10)...
    Random state position after get_ep: 38
    Finding equilibrium with integration (dur=10)...
    Random state position after get_ep: 575
INIT WC (DENSE): sum=-818.0000000000, abssum=4068.2772000000, nnz=2068
INIT bC: sum=0.0000000000, abssum=0.0000000000
    Finding equilibrium with integration (dur=10)...
    Random state position after get_ep: 28
    Finding equilibrium with integration (dur=10)...
    Random state position after get_ep: 193
    Finding equilibrium with integration (dur=10)...
    Random state position after get_ep: 270
    Finding equilibrium with integration (dur=10)...
    Random state position after get_ep: 139
    Finding equilibrium with integration (dur=10)...
    Random state position after get_ep: 360
[0440]   19.706 | 0.500 0.000 0.000 0.000 0.500 | 1.000 | 0.448 0.000
    TIMING: total=1.8s | estimate_prob=1.2s (65%) | cost_grad=0.0s (1%) | other=0.6s
INIT WC (DENSE): sum=-818.0000000000, abssum=4068.5528000000, nnz=2068
INIT bC: sum=0.0000000000, abssum=0.0000000000
    Finding equilibrium with integration (dur=10)...
    Random state position after get_ep: 221
    Finding equilibrium with integration (dur=10)...
    Random state position after get_ep: 274
    Finding equilibrium with integration (dur=10)...
    Random state position after get_ep: 228
    Finding equilibrium with integration (dur=10)...
    Random state position after get_ep: 457
    Finding equilibrium with integration (dur=10)...
    Random state position after get_ep: 510
INIT WC (DENSE): sum=-818.0000000000, abssum=4069.0284000000, nnz=2068
INIT bC: sum=0.0000000000, abssum=0.0000000000
    Finding equilibrium with integration (dur=10)...
    Random state position after get_ep: 395
    Finding equilibrium with integration (dur=10)...
    Random state position after get_ep: 416
    Finding equilibrium with integration (dur=10)...
    Random state position after get_ep: 453
    Finding equilibrium with integration (dur=10)...
    Random state position after get_ep: 558
    Finding equilibrium with integration (dur=10)...
    Random state position after get_ep: 435
[0450]   15.720 | 0.250 0.000 0.500 0.000 0.000 | 0.750 | 0.323 0.000
    TIMING: total=1.7s | estimate_prob=1.1s (63%) | cost_grad=0.0s (1%) | other=0.6s
INIT WC (DENSE): sum=-818.0000000000, abssum=4069.4040000000, nnz=2068
INIT bC: sum=0.0000000000, abssum=0.0000000000
    Finding equilibrium with integration (dur=10)...
    Random state position after get_ep: 64
    Finding equilibrium with integration (dur=10)...
    Random state position after get_ep: 273
    Finding equilibrium with integration (dur=10)...
    Random state position after get_ep: 414
    Finding equilibrium with integration (dur=10)...
    Random state position after get_ep: 375
    Finding equilibrium with integration (dur=10)...
    Random state position after get_ep: 368
INIT WC (DENSE): sum=-818.0000000000, abssum=4069.3796000000, nnz=2068
INIT bC: sum=0.0000000000, abssum=0.0000000000
    Finding equilibrium with integration (dur=10)...
    Random state position after get_ep: 181
    Finding equilibrium with integration (dur=10)...
    Random state position after get_ep: 362
    Finding equilibrium with integration (dur=10)...
    Random state position after get_ep: 167
    Finding equilibrium with integration (dur=10)...
    Random state position after get_ep: 4
    Finding equilibrium with integration (dur=10)...
    Random state position after get_ep: 393
[0460]   23.193 | 0.000 0.000 0.250 0.500 0.000 | 0.750 | 0.454 0.000
    TIMING: total=1.7s | estimate_prob=1.1s (63%) | cost_grad=0.0s (1%) | other=0.6s
INIT WC (DENSE): sum=-818.0000000000, abssum=4069.6552000000, nnz=2068
INIT bC: sum=0.0000000000, abssum=0.0000000000
    Finding equilibrium with integration (dur=10)...
    Random state position after get_ep: 546
    Finding equilibrium with integration (dur=10)...
    Random state position after get_ep: 391
    Finding equilibrium with integration (dur=10)...
    Random state position after get_ep: 476
    Finding equilibrium with integration (dur=10)...
    Random state position after get_ep: 577
    Finding equilibrium with integration (dur=10)...
    Random state position after get_ep: 298
INIT WC (DENSE): sum=-818.0000000000, abssum=4070.0308000000, nnz=2068
INIT bC: sum=0.0000000000, abssum=0.0000000000
    Finding equilibrium with integration (dur=10)...
    Random state position after get_ep: 623
    Finding equilibrium with integration (dur=10)...
    Random state position after get_ep: 472
    Finding equilibrium with integration (dur=10)...
    Random state position after get_ep: 413
    Finding equilibrium with integration (dur=10)...
    Random state position after get_ep: 442
    Finding equilibrium with integration (dur=10)...
    Random state position after get_ep: 311
[0470]   11.148 | 0.250 0.750 0.000 0.000 0.000 | 1.000 | 0.442 0.000
    TIMING: total=1.8s | estimate_prob=1.2s (65%) | cost_grad=0.0s (1%) | other=0.6s
INIT WC (DENSE): sum=-818.0000000000, abssum=4070.2064000000, nnz=2068
INIT bC: sum=0.0000000000, abssum=0.0000000000
    Finding equilibrium with integration (dur=10)...
    Random state position after get_ep: 416
    Finding equilibrium with integration (dur=10)...
    Random state position after get_ep: 581
    Finding equilibrium with integration (dur=10)...
    Random state position after get_ep: 80
    Finding equilibrium with integration (dur=10)...
    Random state position after get_ep: 13
    Finding equilibrium with integration (dur=10)...
    Random state position after get_ep: 554
INIT WC (DENSE): sum=-818.0000000000, abssum=4069.9820000000, nnz=2068
INIT bC: sum=0.0000000000, abssum=0.0000000000
    Finding equilibrium with integration (dur=10)...
    Random state position after get_ep: 307
    Finding equilibrium with integration (dur=10)...
    Random state position after get_ep: 68
    Finding equilibrium with integration (dur=10)...
    Random state position after get_ep: 17
    Finding equilibrium with integration (dur=10)...
    Random state position after get_ep: 215
    Finding equilibrium with integration (dur=10)...
    Random state position after get_ep: 380
[0480]    1.667 | 0.250 0.250 0.250 0.250 0.000 | 1.000 | 0.204 0.000
    TIMING: total=1.9s | estimate_prob=1.2s (64%) | cost_grad=0.0s (1%) | other=0.7s
INIT WC (DENSE): sum=-818.0000000000, abssum=4070.0576000000, nnz=2068
INIT bC: sum=0.0000000000, abssum=0.0000000000
    Finding equilibrium with integration (dur=10)...
    Random state position after get_ep: 89
    Finding equilibrium with integration (dur=10)...
    Random state position after get_ep: 550
    Finding equilibrium with integration (dur=10)...
    Random state position after get_ep: 363
    Finding equilibrium with integration (dur=10)...
    Random state position after get_ep: 32
    Finding equilibrium with integration (dur=10)...
    Random state position after get_ep: 173
INIT WC (DENSE): sum=-818.0000000000, abssum=4069.8332000000, nnz=2068
INIT bC: sum=0.0000000000, abssum=0.0000000000
    Finding equilibrium with integration (dur=10)...
    Random state position after get_ep: 94
    Finding equilibrium with integration (dur=10)...
    Random state position after get_ep: 159
    Finding equilibrium with integration (dur=10)...
    Random state position after get_ep: 204
    Finding equilibrium with integration (dur=10)...
    Random state position after get_ep: 517
    Finding equilibrium with integration (dur=10)...
    Random state position after get_ep: 562
[0490]   15.482 | 0.500 0.000 0.500 0.000 0.000 | 1.000 | 0.480 0.000
    TIMING: total=1.7s | estimate_prob=1.1s (63%) | cost_grad=0.0s (1%) | other=0.6s
INIT WC (DENSE): sum=-818.0000000000, abssum=4070.1088000000, nnz=2068
INIT bC: sum=0.0000000000, abssum=0.0000000000
    Finding equilibrium with integration (dur=10)...
    Random state position after get_ep: 391
    Finding equilibrium with integration (dur=10)...
    Random state position after get_ep: 40
    Finding equilibrium with integration (dur=10)...
    Random state position after get_ep: 325
    Finding equilibrium with integration (dur=10)...
    Random state position after get_ep: 342
    Finding equilibrium with integration (dur=10)...
    Random state position after get_ep: 499
INIT WC (DENSE): sum=-818.0000000000, abssum=4070.5844000000, nnz=2068
INIT bC: sum=0.0000000000, abssum=0.0000000000
    Finding equilibrium with integration (dur=10)...
    Random state position after get_ep: 240
    Finding equilibrium with integration (dur=10)...
    Random state position after get_ep: 257
    Finding equilibrium with integration (dur=10)...
    Random state position after get_ep: 518
    Finding equilibrium with integration (dur=10)...
    Random state position after get_ep: 343
    Finding equilibrium with integration (dur=10)...
    Random state position after get_ep: 124
[0500]   21.228 | 1.000 0.000 0.000 0.000 0.000 | 1.000 | 0.656 0.000
    TIMING: total=1.8s | estimate_prob=1.1s (61%) | cost_grad=0.0s (1%) | other=0.7s
INIT WC (DENSE): sum=-818.0000000000, abssum=4070.2600000000, nnz=2068
INIT bC: sum=0.0000000000, abssum=0.0000000000
    [Epoch 501] GRADIENT DIAG (DENSE): trees=6, positions=300, val_sum=-0.000000
      DENSE dWC: nnz=191, sum=-0.000000
      Gradient targets: 191 existing WC positions (grad_sum=51.0768)
                        0 NEW positions (grad_sum=0.0000)
      Current WC nnz: 2068
    Finding equilibrium with integration (dur=10)...
    Random state position after get_ep: 185
    Finding equilibrium with integration (dur=10)...
    Random state position after get_ep: 430
    Finding equilibrium with integration (dur=10)...
    Random state position after get_ep: 287
    Finding equilibrium with integration (dur=10)...
    Random state position after get_ep: 548
    Finding equilibrium with integration (dur=10)...
    Random state position after get_ep: 617
INIT WC (DENSE): sum=-818.0000000000, abssum=4070.6356000000, nnz=2068
INIT bC: sum=0.0000000000, abssum=0.0000000000
    Finding equilibrium with integration (dur=10)...
    Random state position after get_ep: 498
    Finding equilibrium with integration (dur=10)...
    Random state position after get_ep: 275
    Finding equilibrium with integration (dur=10)...
    Random state position after get_ep: 176
    Finding equilibrium with integration (dur=10)...
    Random state position after get_ep: 589
    Finding equilibrium with integration (dur=10)...
    Random state position after get_ep: 62
[0510]   11.109 | 0.750 0.250 0.000 0.000 0.000 | 1.000 | 0.406 0.000
    TIMING: total=1.9s | estimate_prob=1.2s (62%) | cost_grad=0.0s (1%) | other=0.7s
INIT WC (DENSE): sum=-818.0000000000, abssum=4071.1112000000, nnz=2068
INIT bC: sum=0.0000000000, abssum=0.0000000000
    Finding equilibrium with integration (dur=10)...
    Random state position after get_ep: 135
    Finding equilibrium with integration (dur=10)...
    Random state position after get_ep: 476
    Finding equilibrium with integration (dur=10)...
    Random state position after get_ep: 249
    Finding equilibrium with integration (dur=10)...
    Random state position after get_ep: 334
    Finding equilibrium with integration (dur=10)...
    Random state position after get_ep: 283
INIT WC (DENSE): sum=-818.0000000000, abssum=4071.7868000000, nnz=2068
INIT bC: sum=0.0000000000, abssum=0.0000000000
    Finding equilibrium with integration (dur=10)...
    Random state position after get_ep: 124
    Finding equilibrium with integration (dur=10)...
    Random state position after get_ep: 425
    Finding equilibrium with integration (dur=10)...
    Random state position after get_ep: 82
    Finding equilibrium with integration (dur=10)...
    Random state position after get_ep: 575
    Finding equilibrium with integration (dur=10)...
    Random state position after get_ep: 456
[0520]   11.148 | 0.250 0.750 0.000 0.000 0.000 | 1.000 | 0.442 0.000
    TIMING: total=1.8s | estimate_prob=1.1s (62%) | cost_grad=0.0s (1%) | other=0.7s
INIT WC (DENSE): sum=-818.0000000000, abssum=4071.6624000000, nnz=2068
INIT bC: sum=0.0000000000, abssum=0.0000000000
    Finding equilibrium with integration (dur=10)...
    Random state position after get_ep: 477
    Finding equilibrium with integration (dur=10)...
    Random state position after get_ep: 30
    Finding equilibrium with integration (dur=10)...
    Random state position after get_ep: 439
    Finding equilibrium with integration (dur=10)...
    Random state position after get_ep: 348
    Finding equilibrium with integration (dur=10)...
    Random state position after get_ep: 565
INIT WC (DENSE): sum=-818.0000000000, abssum=4072.1380000000, nnz=2068
INIT bC: sum=0.0000000000, abssum=0.0000000000
    Finding equilibrium with integration (dur=10)...
    Random state position after get_ep: 194
    Finding equilibrium with integration (dur=10)...
    Random state position after get_ep: 15
    Finding equilibrium with integration (dur=10)...
    Random state position after get_ep: 372
    Finding equilibrium with integration (dur=10)...
    Random state position after get_ep: 373
    Finding equilibrium with integration (dur=10)...
    Random state position after get_ep: 598
[0530]    7.528 | 0.250 0.250 0.000 0.250 0.000 | 0.750 | 0.329 0.000
    TIMING: total=1.8s | estimate_prob=1.1s (62%) | cost_grad=0.0s (1%) | other=0.7s
INIT WC (DENSE): sum=-818.0000000000, abssum=4072.1136000000, nnz=2068
INIT bC: sum=0.0000000000, abssum=0.0000000000
    Finding equilibrium with integration (dur=10)...
    Random state position after get_ep: 383
    Finding equilibrium with integration (dur=10)...
    Random state position after get_ep: 384
    Finding equilibrium with integration (dur=10)...
    Random state position after get_ep: 221
    Finding equilibrium with integration (dur=10)...
    Random state position after get_ep: 466
    Finding equilibrium with integration (dur=10)...
    Random state position after get_ep: 135
INIT WC (DENSE): sum=-818.0000000000, abssum=4072.1892000000, nnz=2068
INIT bC: sum=0.0000000000, abssum=0.0000000000
    Finding equilibrium with integration (dur=10)...
    Random state position after get_ep: 552
    Finding equilibrium with integration (dur=10)...
    Random state position after get_ep: 113
    Finding equilibrium with integration (dur=10)...
    Random state position after get_ep: 18
    Finding equilibrium with integration (dur=10)...
    Random state position after get_ep: 195
    Finding equilibrium with integration (dur=10)...
    Random state position after get_ep: 576
[0540]   20.815 | 0.000 0.750 0.000 0.000 0.250 | 1.000 | 0.640 0.000
    TIMING: total=1.8s | estimate_prob=1.1s (62%) | cost_grad=0.0s (1%) | other=0.6s
INIT WC (DENSE): sum=-818.0000000000, abssum=4072.7648000000, nnz=2068
INIT bC: sum=0.0000000000, abssum=0.0000000000
    Finding equilibrium with integration (dur=10)...
    Random state position after get_ep: 125
    Finding equilibrium with integration (dur=10)...
    Random state position after get_ep: 358
    Finding equilibrium with integration (dur=10)...
    Random state position after get_ep: 23
    Finding equilibrium with integration (dur=10)...
    Random state position after get_ep: 280
    Finding equilibrium with integration (dur=10)...
    Random state position after get_ep: 441
INIT WC (DENSE): sum=-818.0000000000, abssum=4073.2404000000, nnz=2068
INIT bC: sum=0.0000000000, abssum=0.0000000000
    Finding equilibrium with integration (dur=10)...
    Random state position after get_ep: 370
    Finding equilibrium with integration (dur=10)...
    Random state position after get_ep: 43
    Finding equilibrium with integration (dur=10)...
    Random state position after get_ep: 280
    Finding equilibrium with integration (dur=10)...
    Random state position after get_ep: 145
    Finding equilibrium with integration (dur=10)...
    Random state position after get_ep: 542
[0550]   18.581 | 0.000 0.750 0.000 0.250 0.000 | 1.000 | 0.520 0.000
    TIMING: total=1.7s | estimate_prob=1.0s (61%) | cost_grad=0.0s (1%) | other=0.6s
INIT WC (DENSE): sum=-818.0000000000, abssum=4073.7160000000, nnz=2070
INIT bC: sum=0.0000000000, abssum=0.0000000000
    Finding equilibrium with integration (dur=10)...
    Random state position after get_ep: 167
    Finding equilibrium with integration (dur=10)...
    Random state position after get_ep: 480
    Finding equilibrium with integration (dur=10)...
    Random state position after get_ep: 289
    Finding equilibrium with integration (dur=10)...
    Random state position after get_ep: 234
    Finding equilibrium with integration (dur=10)...
    Random state position after get_ep: 499
INIT WC (DENSE): sum=-818.0000000000, abssum=4073.8916000000, nnz=2070
INIT bC: sum=0.0000000000, abssum=0.0000000000
    Finding equilibrium with integration (dur=10)...
    Random state position after get_ep: 540
    Finding equilibrium with integration (dur=10)...
    Random state position after get_ep: 165
    Finding equilibrium with integration (dur=10)...
    Random state position after get_ep: 290
    Finding equilibrium with integration (dur=10)...
    Random state position after get_ep: 355
    Finding equilibrium with integration (dur=10)...
    Random state position after get_ep: 296
[0560]   17.368 | 0.750 0.000 0.000 0.250 0.000 | 1.000 | 0.406 0.000
    TIMING: total=1.9s | estimate_prob=1.2s (63%) | cost_grad=0.0s (1%) | other=0.7s
INIT WC (DENSE): sum=-818.0000000000, abssum=4073.9672000000, nnz=2070
INIT bC: sum=0.0000000000, abssum=0.0000000000
    Finding equilibrium with integration (dur=10)...
    Random state position after get_ep: 281
    Finding equilibrium with integration (dur=10)...
    Random state position after get_ep: 198
    Finding equilibrium with integration (dur=10)...
    Random state position after get_ep: 319
    Finding equilibrium with integration (dur=10)...
    Random state position after get_ep: 608
    Finding equilibrium with integration (dur=10)...
    Random state position after get_ep: 457
INIT WC (DENSE): sum=-818.0000000000, abssum=4074.5428000000, nnz=2070
INIT bC: sum=0.0000000000, abssum=0.0000000000
    Finding equilibrium with integration (dur=10)...
    Random state position after get_ep: 378
    Finding equilibrium with integration (dur=10)...
    Random state position after get_ep: 191
    Finding equilibrium with integration (dur=10)...
    Random state position after get_ep: 388
    Finding equilibrium with integration (dur=10)...
    Random state position after get_ep: 61
    Finding equilibrium with integration (dur=10)...
    Random state position after get_ep: 314
[0570]   21.228 | 1.000 0.000 0.000 0.000 0.000 | 1.000 | 0.656 0.000
    TIMING: total=1.9s | estimate_prob=1.2s (63%) | cost_grad=0.0s (1%) | other=0.7s
INIT WC (DENSE): sum=-818.0000000000, abssum=4074.4184000000, nnz=2070
INIT bC: sum=0.0000000000, abssum=0.0000000000
    Finding equilibrium with integration (dur=10)...
    Random state position after get_ep: 203
    Finding equilibrium with integration (dur=10)...
    Random state position after get_ep: 56
    Finding equilibrium with integration (dur=10)...
    Random state position after get_ep: 409
    Finding equilibrium with integration (dur=10)...
    Random state position after get_ep: 210
    Finding equilibrium with integration (dur=10)...
    Random state position after get_ep: 463
INIT WC (DENSE): sum=-818.0000000000, abssum=4075.2940000000, nnz=2070
INIT bC: sum=0.0000000000, abssum=0.0000000000
    Finding equilibrium with integration (dur=10)...
    Random state position after get_ep: 4
    Finding equilibrium with integration (dur=10)...
    Random state position after get_ep: 445
    Finding equilibrium with integration (dur=10)...
    Random state position after get_ep: 618
    Finding equilibrium with integration (dur=10)...
    Random state position after get_ep: 596
    Finding equilibrium with integration (dur=10)...
    Random state position after get_ep: 454
[0580]   22.539 | 0.000 0.750 0.000 0.000 0.000 | 0.750 | 0.692 0.000
    TIMING: total=1.8s | estimate_prob=1.2s (65%) | cost_grad=0.0s (1%) | other=0.6s
INIT WC (DENSE): sum=-818.0000000000, abssum=4075.5696000000, nnz=2070
INIT bC: sum=0.0000000000, abssum=0.0000000000
    Finding equilibrium with integration (dur=10)...
    Random state position after get_ep: 35
    Finding equilibrium with integration (dur=10)...
    Random state position after get_ep: 616
    Finding equilibrium with integration (dur=10)...
    Random state position after get_ep: 246
    Finding equilibrium with integration (dur=10)...
    Random state position after get_ep: 603
    Finding equilibrium with integration (dur=10)...
    Random state position after get_ep: 576
INIT WC (DENSE): sum=-818.0000000000, abssum=4075.3452000000, nnz=2070
INIT bC: sum=0.0000000000, abssum=0.0000000000
    Finding equilibrium with integration (dur=10)...
    Random state position after get_ep: 69
    Finding equilibrium with integration (dur=10)...
    Random state position after get_ep: 54
    Finding equilibrium with integration (dur=10)...
    Random state position after get_ep: 195
    Finding equilibrium with integration (dur=10)...
    Random state position after get_ep: 152
    Finding equilibrium with integration (dur=10)...
    Random state position after get_ep: 341
[0590]   11.148 | 0.250 0.750 0.000 0.000 0.000 | 1.000 | 0.442 0.000
    TIMING: total=1.6s | estimate_prob=1.0s (63%) | cost_grad=0.0s (1%) | other=0.6s
INIT WC (DENSE): sum=-818.0000000000, abssum=4075.4208000000, nnz=2070
INIT bC: sum=0.0000000000, abssum=0.0000000000
    Finding equilibrium with integration (dur=10)...
    Random state position after get_ep: 514
    Finding equilibrium with integration (dur=10)...
    Random state position after get_ep: 179
    Finding equilibrium with integration (dur=10)...
    Random state position after get_ep: 600
    Finding equilibrium with integration (dur=10)...
    Random state position after get_ep: 165
    Finding equilibrium with integration (dur=10)...
    Random state position after get_ep: 278
INIT WC (DENSE): sum=-818.0000000000, abssum=4075.7964000000, nnz=2070
INIT bC: sum=0.0000000000, abssum=0.0000000000
    Finding equilibrium with integration (dur=10)...
    Random state position after get_ep: 483
    Finding equilibrium with integration (dur=10)...
    Random state position after get_ep: 489
    Finding equilibrium with integration (dur=10)...
    Random state position after get_ep: 206
    Finding equilibrium with integration (dur=10)...
    Random state position after get_ep: 71
    Finding equilibrium with integration (dur=10)...
    Random state position after get_ep: 236
[0600]   18.623 | 0.000 0.500 0.000 0.500 0.000 | 1.000 | 0.520 0.000
    TIMING: total=1.7s | estimate_prob=1.0s (62%) | cost_grad=0.0s (1%) | other=0.6s
INIT WC (DENSE): sum=-818.0000000000, abssum=4075.6720000000, nnz=2070
INIT bC: sum=0.0000000000, abssum=0.0000000000
    [Epoch 601] GRADIENT DIAG (DENSE): trees=5, positions=250, val_sum=-0.000000
      DENSE dWC: nnz=187, sum=-0.000000
      Gradient targets: 187 existing WC positions (grad_sum=34.0528)
                        0 NEW positions (grad_sum=0.0000)
      Current WC nnz: 2070
    Finding equilibrium with integration (dur=10)...
    Random state position after get_ep: 469
    Finding equilibrium with integration (dur=10)...
    Random state position after get_ep: 518
    Finding equilibrium with integration (dur=10)...
    Random state position after get_ep: 111
    Finding equilibrium with integration (dur=10)...
    Random state position after get_ep: 440
    Finding equilibrium with integration (dur=10)...
    Random state position after get_ep: 297
INIT WC (DENSE): sum=-818.0000000000, abssum=4075.8476000000, nnz=2070
INIT bC: sum=0.0000000000, abssum=0.0000000000
    Finding equilibrium with integration (dur=10)...
    Random state position after get_ep: 2
    Finding equilibrium with integration (dur=10)...
    Random state position after get_ep: 27
    Finding equilibrium with integration (dur=10)...
    Random state position after get_ep: 576
    Finding equilibrium with integration (dur=10)...
    Random state position after get_ep: 533
    Finding equilibrium with integration (dur=10)...
    Random state position after get_ep: 278
[0610]   21.228 | 1.000 0.000 0.000 0.000 0.000 | 1.000 | 0.656 0.000
    TIMING: total=1.9s | estimate_prob=1.2s (66%) | cost_grad=0.0s (1%) | other=0.6s
INIT WC (DENSE): sum=-818.0000000000, abssum=4075.8232000000, nnz=2070
INIT bC: sum=0.0000000000, abssum=0.0000000000
    Finding equilibrium with integration (dur=10)...
    Random state position after get_ep: 515
    Finding equilibrium with integration (dur=10)...
    Random state position after get_ep: 505
    Finding equilibrium with integration (dur=10)...
    Random state position after get_ep: 78
    Finding equilibrium with integration (dur=10)...
    Random state position after get_ep: 11
    Finding equilibrium with integration (dur=10)...
    Random state position after get_ep: 368
INIT WC (DENSE): sum=-818.0000000000, abssum=4075.9988000000, nnz=2070
INIT bC: sum=0.0000000000, abssum=0.0000000000
    Finding equilibrium with integration (dur=10)...
    Random state position after get_ep: 297
    Finding equilibrium with integration (dur=10)...
    Random state position after get_ep: 2
    Finding equilibrium with integration (dur=10)...
    Random state position after get_ep: 356
    Finding equilibrium with integration (dur=10)...
    Random state position after get_ep: 361
    Finding equilibrium with integration (dur=10)...
    Random state position after get_ep: 226
[0620]   21.228 | 1.000 0.000 0.000 0.000 0.000 | 1.000 | 0.656 0.000
    TIMING: total=1.8s | estimate_prob=1.1s (65%) | cost_grad=0.0s (1%) | other=0.6s
INIT WC (DENSE): sum=-818.0000000000, abssum=4076.3744000000, nnz=2070
INIT bC: sum=0.0000000000, abssum=0.0000000000
    Finding equilibrium with integration (dur=10)...
    Random state position after get_ep: 535
    Finding equilibrium with integration (dur=10)...
    Random state position after get_ep: 284
    Finding equilibrium with integration (dur=10)...
    Random state position after get_ep: 390
    Finding equilibrium with integration (dur=10)...
    Random state position after get_ep: 127
    Finding equilibrium with integration (dur=10)...
    Random state position after get_ep: 496
INIT WC (DENSE): sum=-818.0000000000, abssum=4076.4500000000, nnz=2070
INIT bC: sum=0.0000000000, abssum=0.0000000000
    Finding equilibrium with integration (dur=10)...
    Random state position after get_ep: 137
    Finding equilibrium with integration (dur=10)...
    Random state position after get_ep: 382
    Finding equilibrium with integration (dur=10)...
    Random state position after get_ep: 203
    Finding equilibrium with integration (dur=10)...
    Random state position after get_ep: 388
    Finding equilibrium with integration (dur=10)...
    Random state position after get_ep: 429
[0630]   15.465 | 0.750 0.000 0.250 0.000 0.000 | 1.000 | 0.480 0.000
    TIMING: total=1.9s | estimate_prob=1.2s (65%) | cost_grad=0.0s (1%) | other=0.6s
INIT WC (DENSE): sum=-818.0000000000, abssum=4076.4256000000, nnz=2070
INIT bC: sum=0.0000000000, abssum=0.0000000000
    Finding equilibrium with integration (dur=10)...
    Random state position after get_ep: 578
    Finding equilibrium with integration (dur=10)...
    Random state position after get_ep: 379
    Finding equilibrium with integration (dur=10)...
    Random state position after get_ep: 532
    Finding equilibrium with integration (dur=10)...
    Random state position after get_ep: 161
    Finding equilibrium with integration (dur=10)...
    Random state position after get_ep: 314
INIT WC (DENSE): sum=-818.0000000000, abssum=4076.5012000000, nnz=2070
INIT bC: sum=0.0000000000, abssum=0.0000000000
    Finding equilibrium with integration (dur=10)...
    Random state position after get_ep: 335
    Finding equilibrium with integration (dur=10)...
    Random state position after get_ep: 544
    Finding equilibrium with integration (dur=10)...
    Random state position after get_ep: 53
    Finding equilibrium with integration (dur=10)...
    Random state position after get_ep: 10
    Finding equilibrium with integration (dur=10)...
    Random state position after get_ep: 91
[0640]   15.465 | 0.750 0.000 0.250 0.000 0.000 | 1.000 | 0.480 0.000
    TIMING: total=1.7s | estimate_prob=1.0s (63%) | cost_grad=0.0s (1%) | other=0.6s
INIT WC (DENSE): sum=-818.0000000000, abssum=4076.3768000000, nnz=2070
INIT bC: sum=0.0000000000, abssum=0.0000000000
    Finding equilibrium with integration (dur=10)...
    Random state position after get_ep: 376
    Finding equilibrium with integration (dur=10)...
    Random state position after get_ep: 265
    Finding equilibrium with integration (dur=10)...
    Random state position after get_ep: 483
    Finding equilibrium with integration (dur=10)...
    Random state position after get_ep: 528
    Finding equilibrium with integration (dur=10)...
    Random state position after get_ep: 273
INIT WC (DENSE): sum=-818.0000000000, abssum=4076.3524000000, nnz=2070
INIT bC: sum=0.0000000000, abssum=0.0000000000
    Finding equilibrium with integration (dur=10)...
    Random state position after get_ep: 530
    Finding equilibrium with integration (dur=10)...
    Random state position after get_ep: 139
    Finding equilibrium with integration (dur=10)...
    Random state position after get_ep: 208
    Finding equilibrium with integration (dur=10)...
    Random state position after get_ep: 389
    Finding equilibrium with integration (dur=10)...
    Random state position after get_ep: 430
[0650]   20.815 | 0.000 0.750 0.000 0.000 0.250 | 1.000 | 0.640 0.000
    TIMING: total=1.9s | estimate_prob=1.2s (65%) | cost_grad=0.0s (1%) | other=0.7s
INIT WC (DENSE): sum=-818.0000000000, abssum=4076.4280000000, nnz=2070
INIT bC: sum=0.0000000000, abssum=0.0000000000
    Finding equilibrium with integration (dur=10)...
    Random state position after get_ep: 611
    Finding equilibrium with integration (dur=10)...
    Random state position after get_ep: 356
    Finding equilibrium with integration (dur=10)...
    Random state position after get_ep: 613
    Finding equilibrium with integration (dur=10)...
    Random state position after get_ep: 550
    Finding equilibrium with integration (dur=10)...
    Random state position after get_ep: 131
INIT WC (DENSE): sum=-818.0000000000, abssum=4076.7036000000, nnz=2070
INIT bC: sum=0.0000000000, abssum=0.0000000000
    Finding equilibrium with integration (dur=10)...
    Random state position after get_ep: 84
    Finding equilibrium with integration (dur=10)...
    Random state position after get_ep: 521
    Finding equilibrium with integration (dur=10)...
    Random state position after get_ep: 326
    Finding equilibrium with integration (dur=10)...
    Random state position after get_ep: 539
    Finding equilibrium with integration (dur=10)...
    Random state position after get_ep: 336
[0660]   18.581 | 0.000 0.750 0.000 0.250 0.000 | 1.000 | 0.520 0.000
    TIMING: total=1.7s | estimate_prob=1.1s (62%) | cost_grad=0.0s (1%) | other=0.6s
INIT WC (DENSE): sum=-818.0000000000, abssum=4076.5792000000, nnz=2070
INIT bC: sum=0.0000000000, abssum=0.0000000000
    Finding equilibrium with integration (dur=10)...
    Random state position after get_ep: 541
    Finding equilibrium with integration (dur=10)...
    Random state position after get_ep: 410
    Finding equilibrium with integration (dur=10)...
    Random state position after get_ep: 223
    Finding equilibrium with integration (dur=10)...
    Random state position after get_ep: 508
    Finding equilibrium with integration (dur=10)...
    Random state position after get_ep: 505
INIT WC (DENSE): sum=-818.0000000000, abssum=4076.5548000000, nnz=2070
INIT bC: sum=0.0000000000, abssum=0.0000000000
    Finding equilibrium with integration (dur=10)...
    Random state position after get_ep: 86
    Finding equilibrium with integration (dur=10)...
    Random state position after get_ep: 491
    Finding equilibrium with integration (dur=10)...
    Random state position after get_ep: 233
    Finding equilibrium with integration (dur=10)...
    Random state position after get_ep: 58
    Finding equilibrium with integration (dur=10)...
    Random state position after get_ep: 15
[0670]   11.035 | 0.500 0.500 0.000 0.000 0.000 | 1.000 | 0.296 0.000
    TIMING: total=1.7s | estimate_prob=1.1s (62%) | cost_grad=0.0s (1%) | other=0.7s
INIT WC (DENSE): sum=-818.0000000000, abssum=4076.5304000000, nnz=2070
INIT bC: sum=0.0000000000, abssum=0.0000000000
    Finding equilibrium with integration (dur=10)...
    Random state position after get_ep: 228
    Finding equilibrium with integration (dur=10)...
    Random state position after get_ep: 133
    Finding equilibrium with integration (dur=10)...
    Random state position after get_ep: 158
    Finding equilibrium with integration (dur=10)...
    Random state position after get_ep: 571
    Finding equilibrium with integration (dur=10)...
    Random state position after get_ep: 361
INIT WC (DENSE): sum=-818.0000000000, abssum=4077.0060000000, nnz=2070
INIT bC: sum=0.0000000000, abssum=0.0000000000
    Finding equilibrium with integration (dur=10)...
    Random state position after get_ep: 42
    Finding equilibrium with integration (dur=10)...
    Random state position after get_ep: 359
    Finding equilibrium with integration (dur=10)...
    Random state position after get_ep: 36
    Finding equilibrium with integration (dur=10)...
    Random state position after get_ep: 341
    Finding equilibrium with integration (dur=10)...
    Random state position after get_ep: 242
[0680]   11.762 | 0.250 0.000 0.500 0.250 0.000 | 1.000 | 0.454 0.000
    TIMING: total=1.7s | estimate_prob=1.1s (63%) | cost_grad=0.0s (1%) | other=0.6s
INIT WC (DENSE): sum=-818.0000000000, abssum=4076.9816000000, nnz=2070
INIT bC: sum=0.0000000000, abssum=0.0000000000
    Finding equilibrium with integration (dur=10)...
    Random state position after get_ep: 155
    Finding equilibrium with integration (dur=10)...
    Random state position after get_ep: 48
    Finding equilibrium with integration (dur=10)...
    Random state position after get_ep: 601
    Finding equilibrium with integration (dur=10)...
    Random state position after get_ep: 594
    Finding equilibrium with integration (dur=10)...
    Random state position after get_ep: 419
INIT WC (DENSE): sum=-818.0000000000, abssum=4077.4572000000, nnz=2070
INIT bC: sum=0.0000000000, abssum=0.0000000000
    Finding equilibrium with integration (dur=10)...
    Random state position after get_ep: 380
    Finding equilibrium with integration (dur=10)...
    Random state position after get_ep: 605
    Finding equilibrium with integration (dur=10)...
    Random state position after get_ep: 158
    Finding equilibrium with integration (dur=10)...
    Random state position after get_ep: 143
    Finding equilibrium with integration (dur=10)...
    Random state position after get_ep: 240
[0690]    7.314 | 0.250 0.500 0.000 0.250 0.000 | 1.000 | 0.270 0.000
    TIMING: total=1.7s | estimate_prob=1.0s (62%) | cost_grad=0.0s (1%) | other=0.6s
INIT WC (DENSE): sum=-818.0000000000, abssum=4077.4328000000, nnz=2070
INIT bC: sum=0.0000000000, abssum=0.0000000000
    Finding equilibrium with integration (dur=10)...
    Random state position after get_ep: 617
    Finding equilibrium with integration (dur=10)...
    Random state position after get_ep: 610
    Finding equilibrium with integration (dur=10)...
    Random state position after get_ep: 135
    Finding equilibrium with integration (dur=10)...
    Random state position after get_ep: 56
    Finding equilibrium with integration (dur=10)...
    Random state position after get_ep: 369
INIT WC (DENSE): sum=-818.0000000000, abssum=4078.0084000000, nnz=2072
INIT bC: sum=0.0000000000, abssum=0.0000000000
    Finding equilibrium with integration (dur=10)...
    Random state position after get_ep: 554
    Finding equilibrium with integration (dur=10)...
    Random state position after get_ep: 191
    Finding equilibrium with integration (dur=10)...
    Random state position after get_ep: 452
    Finding equilibrium with integration (dur=10)...
    Random state position after get_ep: 433
    Finding equilibrium with integration (dur=10)...
    Random state position after get_ep: 254
[0700]   15.465 | 0.750 0.000 0.250 0.000 0.000 | 1.000 | 0.480 0.000
    TIMING: total=1.8s | estimate_prob=1.1s (64%) | cost_grad=0.0s (1%) | other=0.6s
INIT WC (DENSE): sum=-818.0000000000, abssum=4078.1840000000, nnz=2076
INIT bC: sum=0.0000000000, abssum=0.0000000000
    [Epoch 701] GRADIENT DIAG (DENSE): trees=5, positions=250, val_sum=-0.000000
      DENSE dWC: nnz=187, sum=-0.000000
      Gradient targets: 187 existing WC positions (grad_sum=20.8312)
                        0 NEW positions (grad_sum=0.0000)
      Current WC nnz: 2076
    Finding equilibrium with integration (dur=10)...
    Random state position after get_ep: 439
    Finding equilibrium with integration (dur=10)...
    Random state position after get_ep: 372
    Finding equilibrium with integration (dur=10)...
    Random state position after get_ep: 373
    Finding equilibrium with integration (dur=10)...
    Random state position after get_ep: 278
    Finding equilibrium with integration (dur=10)...
    Random state position after get_ep: 319
INIT WC (DENSE): sum=-818.0000000000, abssum=4078.6596000000, nnz=2076
INIT bC: sum=0.0000000000, abssum=0.0000000000
    Finding equilibrium with integration (dur=10)...
    Random state position after get_ep: 260
    Finding equilibrium with integration (dur=10)...
    Random state position after get_ep: 53
    Finding equilibrium with integration (dur=10)...
    Random state position after get_ep: 502
    Finding equilibrium with integration (dur=10)...
    Random state position after get_ep: 283
    Finding equilibrium with integration (dur=10)...
    Random state position after get_ep: 500
[0710]   17.425 | 0.500 0.000 0.000 0.500 0.000 | 1.000 | 0.381 0.000
    TIMING: total=1.8s | estimate_prob=1.1s (64%) | cost_grad=0.0s (1%) | other=0.6s
INIT WC (DENSE): sum=-818.0000000000, abssum=4078.3352000000, nnz=2076
INIT bC: sum=0.0000000000, abssum=0.0000000000
    Finding equilibrium with integration (dur=10)...
    Random state position after get_ep: 201
    Finding equilibrium with integration (dur=10)...
    Random state position after get_ep: 170
    Finding equilibrium with integration (dur=10)...
    Random state position after get_ep: 167
    Finding equilibrium with integration (dur=10)...
    Random state position after get_ep: 156
    Finding equilibrium with integration (dur=10)...
    Random state position after get_ep: 181
INIT WC (DENSE): sum=-818.0000000000, abssum=4078.6108000000, nnz=2076
INIT bC: sum=0.0000000000, abssum=0.0000000000
    Finding equilibrium with integration (dur=10)...
    Random state position after get_ep: 358
    Finding equilibrium with integration (dur=10)...
    Random state position after get_ep: 491
    Finding equilibrium with integration (dur=10)...
    Random state position after get_ep: 248
    Finding equilibrium with integration (dur=10)...
    Random state position after get_ep: 121
    Finding equilibrium with integration (dur=10)...
    Random state position after get_ep: 574
[0720]    5.502 | 0.250 0.250 0.500 0.000 0.000 | 1.000 | 0.323 0.000
    TIMING: total=1.7s | estimate_prob=1.1s (61%) | cost_grad=0.0s (1%) | other=0.7s
INIT WC (DENSE): sum=-818.0000000000, abssum=4078.5864000000, nnz=2076
INIT bC: sum=0.0000000000, abssum=0.0000000000
    Finding equilibrium with integration (dur=10)...
    Random state position after get_ep: 367
    Finding equilibrium with integration (dur=10)...
    Random state position after get_ep: 264
    Finding equilibrium with integration (dur=10)...
    Random state position after get_ep: 61
    Finding equilibrium with integration (dur=10)...
    Random state position after get_ep: 10
    Finding equilibrium with integration (dur=10)...
    Random state position after get_ep: 55
INIT WC (DENSE): sum=-818.0000000000, abssum=4078.7620000000, nnz=2076
INIT bC: sum=0.0000000000, abssum=0.0000000000
    Finding equilibrium with integration (dur=10)...
    Random state position after get_ep: 76
    Finding equilibrium with integration (dur=10)...
    Random state position after get_ep: 537
    Finding equilibrium with integration (dur=10)...
    Random state position after get_ep: 142
    Finding equilibrium with integration (dur=10)...
    Random state position after get_ep: 55
    Finding equilibrium with integration (dur=10)...
    Random state position after get_ep: 468
[0730]    7.290 | 0.500 0.250 0.000 0.250 0.000 | 1.000 | 0.177 0.000
    TIMING: total=1.8s | estimate_prob=1.2s (64%) | cost_grad=0.0s (1%) | other=0.6s
INIT WC (DENSE): sum=-818.0000000000, abssum=4078.8376000000, nnz=2076
INIT bC: sum=0.0000000000, abssum=0.0000000000
    Finding equilibrium with integration (dur=10)...
    Random state position after get_ep: 133
    Finding equilibrium with integration (dur=10)...
    Random state position after get_ep: 386
    Finding equilibrium with integration (dur=10)...
    Random state position after get_ep: 159
    Finding equilibrium with integration (dur=10)...
    Random state position after get_ep: 392
    Finding equilibrium with integration (dur=10)...
    Random state position after get_ep: 61
INIT WC (DENSE): sum=-818.0000000000, abssum=4078.7132000000, nnz=2076
INIT bC: sum=0.0000000000, abssum=0.0000000000
    Finding equilibrium with integration (dur=10)...
    Random state position after get_ep: 358
    Finding equilibrium with integration (dur=10)...
    Random state position after get_ep: 423
    Finding equilibrium with integration (dur=10)...
    Random state position after get_ep: 132
    Finding equilibrium with integration (dur=10)...
    Random state position after get_ep: 485
    Finding equilibrium with integration (dur=10)...
    Random state position after get_ep: 566
[0740]    5.411 | 0.250 0.500 0.250 0.000 0.000 | 1.000 | 0.192 0.000
    TIMING: total=1.7s | estimate_prob=1.0s (60%) | cost_grad=0.0s (1%) | other=0.7s
INIT WC (DENSE): sum=-818.0000000000, abssum=4079.2888000000, nnz=2078
INIT bC: sum=0.0000000000, abssum=0.0000000000
    Finding equilibrium with integration (dur=10)...
    Random state position after get_ep: 424
    Finding equilibrium with integration (dur=10)...
    Random state position after get_ep: 385
    Finding equilibrium with integration (dur=10)...
    Random state position after get_ep: 22
    Finding equilibrium with integration (dur=10)...
    Random state position after get_ep: 623
    Finding equilibrium with integration (dur=10)...
    Random state position after get_ep: 584
INIT WC (DENSE): sum=-818.0000000000, abssum=4079.5644000000, nnz=2078
INIT bC: sum=0.0000000000, abssum=0.0000000000
    Finding equilibrium with integration (dur=10)...
    Random state position after get_ep: 89
    Finding equilibrium with integration (dur=10)...
    Random state position after get_ep: 354
    Finding equilibrium with integration (dur=10)...
    Random state position after get_ep: 435
    Finding equilibrium with integration (dur=10)...
    Random state position after get_ep: 480
    Finding equilibrium with integration (dur=10)...
    Random state position after get_ep: 265
[0750]    1.667 | 0.250 0.250 0.250 0.250 0.000 | 1.000 | 0.204 0.000
    TIMING: total=1.8s | estimate_prob=1.1s (64%) | cost_grad=0.0s (1%) | other=0.6s
INIT WC (DENSE): sum=-818.0000000000, abssum=4079.4400000000, nnz=2078
INIT bC: sum=0.0000000000, abssum=0.0000000000
    Finding equilibrium with integration (dur=10)...
    Random state position after get_ep: 190
    Finding equilibrium with integration (dur=10)...
    Random state position after get_ep: 607
    Finding equilibrium with integration (dur=10)...
    Random state position after get_ep: 404
    Finding equilibrium with integration (dur=10)...
    Random state position after get_ep: 237
    Finding equilibrium with integration (dur=10)...
    Random state position after get_ep: 210
INIT WC (DENSE): sum=-818.0000000000, abssum=4079.5156000000, nnz=2078
INIT bC: sum=0.0000000000, abssum=0.0000000000
    Finding equilibrium with integration (dur=10)...
    Random state position after get_ep: 483
    Finding equilibrium with integration (dur=10)...
    Random state position after get_ep: 588
    Finding equilibrium with integration (dur=10)...
    Random state position after get_ep: 281
    Finding equilibrium with integration (dur=10)...
    Random state position after get_ep: 466
    Finding equilibrium with integration (dur=10)...
    Random state position after get_ep: 439
[0760]   11.035 | 0.500 0.500 0.000 0.000 0.000 | 1.000 | 0.296 0.000
    TIMING: total=1.7s | estimate_prob=1.1s (63%) | cost_grad=0.0s (1%) | other=0.6s
INIT WC (DENSE): sum=-818.0000000000, abssum=4079.8912000000, nnz=2078
INIT bC: sum=0.0000000000, abssum=0.0000000000
    Finding equilibrium with integration (dur=10)...
    Random state position after get_ep: 604
    Finding equilibrium with integration (dur=10)...
    Random state position after get_ep: 521
    Finding equilibrium with integration (dur=10)...
    Random state position after get_ep: 450
    Finding equilibrium with integration (dur=10)...
    Random state position after get_ep: 267
    Finding equilibrium with integration (dur=10)...
    Random state position after get_ep: 605
INIT WC (DENSE): sum=-818.0000000000, abssum=4080.4668000000, nnz=2078
INIT bC: sum=0.0000000000, abssum=0.0000000000
    Finding equilibrium with integration (dur=10)...
    Random state position after get_ep: 58
    Finding equilibrium with integration (dur=10)...
    Random state position after get_ep: 155
    Finding equilibrium with integration (dur=10)...
    Random state position after get_ep: 556
    Finding equilibrium with integration (dur=10)...
    Random state position after get_ep: 549
    Finding equilibrium with integration (dur=10)...
    Random state position after get_ep: 2
[0770]   11.762 | 0.250 0.000 0.500 0.250 0.000 | 1.000 | 0.454 0.000
    TIMING: total=1.8s | estimate_prob=1.2s (64%) | cost_grad=0.0s (1%) | other=0.6s
INIT WC (DENSE): sum=-818.0000000000, abssum=4080.3424000000, nnz=2078
INIT bC: sum=0.0000000000, abssum=0.0000000000
    Finding equilibrium with integration (dur=10)...
    Random state position after get_ep: 239
    Finding equilibrium with integration (dur=10)...
    Random state position after get_ep: 68
    Finding equilibrium with integration (dur=10)...
    Random state position after get_ep: 477
    Finding equilibrium with integration (dur=10)...
    Random state position after get_ep: 254
    Finding equilibrium with integration (dur=10)...
    Random state position after get_ep: 195
INIT WC (DENSE): sum=-818.0000000000, abssum=4080.3180000000, nnz=2078
INIT bC: sum=0.0000000000, abssum=0.0000000000
    Finding equilibrium with integration (dur=10)...
    Random state position after get_ep: 268
    Finding equilibrium with integration (dur=10)...
    Random state position after get_ep: 389
    Finding equilibrium with integration (dur=10)...
    Random state position after get_ep: 98
    Finding equilibrium with integration (dur=10)...
    Random state position after get_ep: 279
    Finding equilibrium with integration (dur=10)...
    Random state position after get_ep: 572
[0780]   16.680 | 0.000 0.500 0.500 0.000 0.000 | 1.000 | 0.344 0.000
    TIMING: total=1.8s | estimate_prob=1.1s (63%) | cost_grad=0.0s (1%) | other=0.6s
INIT WC (DENSE): sum=-818.0000000000, abssum=4080.7936000000, nnz=2078
INIT bC: sum=0.0000000000, abssum=0.0000000000
    Finding equilibrium with integration (dur=10)...
    Random state position after get_ep: 357
    Finding equilibrium with integration (dur=10)...
    Random state position after get_ep: 142
    Finding equilibrium with integration (dur=10)...
    Random state position after get_ep: 39
    Finding equilibrium with integration (dur=10)...
    Random state position after get_ep: 540
    Finding equilibrium with integration (dur=10)...
    Random state position after get_ep: 581
INIT WC (DENSE): sum=-818.0000000000, abssum=4080.6692000000, nnz=2078
INIT bC: sum=0.0000000000, abssum=0.0000000000
    Finding equilibrium with integration (dur=10)...
    Random state position after get_ep: 386
    Finding equilibrium with integration (dur=10)...
    Random state position after get_ep: 283
    Finding equilibrium with integration (dur=10)...
    Random state position after get_ep: 164
    Finding equilibrium with integration (dur=10)...
    Random state position after get_ep: 78
    Finding equilibrium with integration (dur=10)...
    Random state position after get_ep: 331
[0790]    5.387 | 0.500 0.250 0.250 0.000 0.000 | 1.000 | 0.230 0.000
    TIMING: total=1.6s | estimate_prob=1.0s (62%) | cost_grad=0.0s (1%) | other=0.6s
INIT WC (DENSE): sum=-818.0000000000, abssum=4080.5448000000, nnz=2078
INIT bC: sum=0.0000000000, abssum=0.0000000000
    Finding equilibrium with integration (dur=10)...
    Random state position after get_ep: 144
    Finding equilibrium with integration (dur=10)...
    Random state position after get_ep: 437
    Finding equilibrium with integration (dur=10)...
    Random state position after get_ep: 30
    Finding equilibrium with integration (dur=10)...
    Random state position after get_ep: 219
    Finding equilibrium with integration (dur=10)...
    Random state position after get_ep: 244
INIT WC (DENSE): sum=-818.0000000000, abssum=4080.9204000000, nnz=2078
INIT bC: sum=0.0000000000, abssum=0.0000000000
    Finding equilibrium with integration (dur=10)...
    Random state position after get_ep: 73
    Finding equilibrium with integration (dur=10)...
    Random state position after get_ep: 414
    Finding equilibrium with integration (dur=10)...
    Random state position after get_ep: 491
    Finding equilibrium with integration (dur=10)...
    Random state position after get_ep: 492
    Finding equilibrium with integration (dur=10)...
    Random state position after get_ep: 409
[0800]   12.975 | 0.000 0.250 0.250 0.500 0.000 | 1.000 | 0.454 0.000
    TIMING: total=1.8s | estimate_prob=1.1s (62%) | cost_grad=0.0s (1%) | other=0.7s
INIT WC (DENSE): sum=-818.0000000000, abssum=4080.9960000000, nnz=2078
INIT bC: sum=0.0000000000, abssum=0.0000000000
    [Epoch 801] GRADIENT DIAG (DENSE): trees=5, positions=250, val_sum=-0.000000
      DENSE dWC: nnz=187, sum=-0.000000
      Gradient targets: 187 existing WC positions (grad_sum=20.8312)
                        0 NEW positions (grad_sum=0.0000)
      Current WC nnz: 2078
    Finding equilibrium with integration (dur=10)...
    Random state position after get_ep: 210
    Finding equilibrium with integration (dur=10)...
    Random state position after get_ep: 615
    Finding equilibrium with integration (dur=10)...
    Random state position after get_ep: 492
    Finding equilibrium with integration (dur=10)...
    Random state position after get_ep: 45
    Finding equilibrium with integration (dur=10)...
    Random state position after get_ep: 6
INIT WC (DENSE): sum=-818.0000000000, abssum=4081.4716000000, nnz=2078
INIT bC: sum=0.0000000000, abssum=0.0000000000
    Finding equilibrium with integration (dur=10)...
    Random state position after get_ep: 179
    Finding equilibrium with integration (dur=10)...
    Random state position after get_ep: 24
    Finding equilibrium with integration (dur=10)...
    Random state position after get_ep: 185
    Finding equilibrium with integration (dur=10)...
    Random state position after get_ep: 446
    Finding equilibrium with integration (dur=10)...
    Random state position after get_ep: 279
[0810]   18.581 | 0.000 0.750 0.000 0.250 0.000 | 1.000 | 0.520 0.000
    TIMING: total=1.7s | estimate_prob=1.1s (64%) | cost_grad=0.0s (1%) | other=0.6s
INIT WC (DENSE): sum=-818.0000000000, abssum=4081.3472000000, nnz=2078
INIT bC: sum=0.0000000000, abssum=0.0000000000
    Finding equilibrium with integration (dur=10)...
    Random state position after get_ep: 452
    Finding equilibrium with integration (dur=10)...
    Random state position after get_ep: 89
    Finding equilibrium with integration (dur=10)...
    Random state position after get_ep: 46
    Finding equilibrium with integration (dur=10)...
    Random state position after get_ep: 299
    Finding equilibrium with integration (dur=10)...
    Random state position after get_ep: 228
INIT WC (DENSE): sum=-818.0000000000, abssum=4081.5228000000, nnz=2080
INIT bC: sum=0.0000000000, abssum=0.0000000000
    Finding equilibrium with integration (dur=10)...
    Random state position after get_ep: 133
    Finding equilibrium with integration (dur=10)...
    Random state position after get_ep: 314
    Finding equilibrium with integration (dur=10)...
    Random state position after get_ep: 439
    Finding equilibrium with integration (dur=10)...
    Random state position after get_ep: 216
    Finding equilibrium with integration (dur=10)...
    Random state position after get_ep: 61
[0820]   12.935 | 0.000 0.250 0.500 0.250 0.000 | 1.000 | 0.454 0.000
    TIMING: total=1.8s | estimate_prob=1.2s (64%) | cost_grad=0.0s (1%) | other=0.7s
INIT WC (DENSE): sum=-818.0000000000, abssum=4081.3984000000, nnz=2080
INIT bC: sum=0.0000000000, abssum=0.0000000000
    Finding equilibrium with integration (dur=10)...
    Random state position after get_ep: 538
    Finding equilibrium with integration (dur=10)...
    Random state position after get_ep: 364
    Finding equilibrium with integration (dur=10)...
    Random state position after get_ep: 497
    Finding equilibrium with integration (dur=10)...
    Random state position after get_ep: 86
    Finding equilibrium with integration (dur=10)...
    Random state position after get_ep: 211
INIT WC (DENSE): sum=-818.0000000000, abssum=4081.7740000000, nnz=2080
INIT bC: sum=0.0000000000, abssum=0.0000000000
    Finding equilibrium with integration (dur=10)...
    Random state position after get_ep: 385
    Finding equilibrium with integration (dur=10)...
    Random state position after get_ep: 442
    Finding equilibrium with integration (dur=10)...
    Random state position after get_ep: 19
    Finding equilibrium with integration (dur=10)...
    Random state position after get_ep: 416
    Finding equilibrium with integration (dur=10)...
    Random state position after get_ep: 145
[0830]   22.450 | 0.000 1.000 0.000 0.000 0.000 | 1.000 | 0.692 0.000
    TIMING: total=1.8s | estimate_prob=1.1s (63%) | cost_grad=0.0s (1%) | other=0.7s
INIT WC (DENSE): sum=-818.0000000000, abssum=4081.7496000000, nnz=2080
INIT bC: sum=0.0000000000, abssum=0.0000000000
    Finding equilibrium with integration (dur=10)...
    Random state position after get_ep: 550
    Finding equilibrium with integration (dur=10)...
    Random state position after get_ep: 279
    Finding equilibrium with integration (dur=10)...
    Random state position after get_ep: 76
    Finding equilibrium with integration (dur=10)...
    Random state position after get_ep: 117
    Finding equilibrium with integration (dur=10)...
    Random state position after get_ep: 398
INIT WC (DENSE): sum=-818.0000000000, abssum=4081.7252000000, nnz=2080
INIT bC: sum=0.0000000000, abssum=0.0000000000
    Finding equilibrium with integration (dur=10)...
    Random state position after get_ep: 383
    Finding equilibrium with integration (dur=10)...
    Random state position after get_ep: 524
    Finding equilibrium with integration (dur=10)...
    Random state position after get_ep: 53
    Finding equilibrium with integration (dur=10)...
    Random state position after get_ep: 306
    Finding equilibrium with integration (dur=10)...
    Random state position after get_ep: 51
[0840]   23.081 | 0.000 0.000 0.750 0.250 0.000 | 1.000 | 0.704 0.000
    TIMING: total=1.8s | estimate_prob=1.1s (63%) | cost_grad=0.0s (1%) | other=0.7s
INIT WC (DENSE): sum=-818.0000000000, abssum=4081.8008000000, nnz=2080
INIT bC: sum=0.0000000000, abssum=0.0000000000
    Finding equilibrium with integration (dur=10)...
    Random state position after get_ep: 344
    Finding equilibrium with integration (dur=10)...
    Random state position after get_ep: 121
    Finding equilibrium with integration (dur=10)...
    Random state position after get_ep: 467
    Finding equilibrium with integration (dur=10)...
    Random state position after get_ep: 160
    Finding equilibrium with integration (dur=10)...
    Random state position after get_ep: 421
INIT WC (DENSE): sum=-818.0000000000, abssum=4081.8764000000, nnz=2080
INIT bC: sum=0.0000000000, abssum=0.0000000000
    Finding equilibrium with integration (dur=10)...
    Random state position after get_ep: 314
    Finding equilibrium with integration (dur=10)...
    Random state position after get_ep: 55
    Finding equilibrium with integration (dur=10)...
    Random state position after get_ep: 320
    Finding equilibrium with integration (dur=10)...
    Random state position after get_ep: 589
    Finding equilibrium with integration (dur=10)...
    Random state position after get_ep: 514
[0850]   23.081 | 0.000 0.000 0.750 0.250 0.000 | 1.000 | 0.704 0.000
    TIMING: total=1.7s | estimate_prob=1.1s (64%) | cost_grad=0.0s (1%) | other=0.6s
INIT WC (DENSE): sum=-818.0000000000, abssum=4081.6520000000, nnz=2080
INIT bC: sum=0.0000000000, abssum=0.0000000000
    Finding equilibrium with integration (dur=10)...
    Random state position after get_ep: 19
    Finding equilibrium with integration (dur=10)...
    Random state position after get_ep: 121
    Finding equilibrium with integration (dur=10)...
    Random state position after get_ep: 574
    Finding equilibrium with integration (dur=10)...
    Random state position after get_ep: 587
    Finding equilibrium with integration (dur=10)...
    Random state position after get_ep: 588
INIT WC (DENSE): sum=-818.0000000000, abssum=4081.8276000000, nnz=2080
INIT bC: sum=0.0000000000, abssum=0.0000000000
    Finding equilibrium with integration (dur=10)...
    Random state position after get_ep: 377
    Finding equilibrium with integration (dur=10)...
    Random state position after get_ep: 370
    Finding equilibrium with integration (dur=10)...
    Random state position after get_ep: 319
    Finding equilibrium with integration (dur=10)...
    Random state position after get_ep: 592
    Finding equilibrium with integration (dur=10)...
    Random state position after get_ep: 173
[0860]   17.195 | 0.000 0.250 0.000 0.250 0.250 | 0.750 | 0.579 0.000
    TIMING: total=1.8s | estimate_prob=1.1s (62%) | cost_grad=0.0s (1%) | other=0.7s
INIT WC (DENSE): sum=-818.0000000000, abssum=4082.4032000000, nnz=2082
INIT bC: sum=0.0000000000, abssum=0.0000000000
    Finding equilibrium with integration (dur=10)...
    Random state position after get_ep: 510
    Finding equilibrium with integration (dur=10)...
    Random state position after get_ep: 247
    Finding equilibrium with integration (dur=10)...
    Random state position after get_ep: 472
    Finding equilibrium with integration (dur=10)...
    Random state position after get_ep: 345
    Finding equilibrium with integration (dur=10)...
    Random state position after get_ep: 110
INIT WC (DENSE): sum=-818.0000000000, abssum=4082.6788000000, nnz=2084
INIT bC: sum=0.0000000000, abssum=0.0000000000
    Finding equilibrium with integration (dur=10)...
    Random state position after get_ep: 419
    Finding equilibrium with integration (dur=10)...
    Random state position after get_ep: 484
    Finding equilibrium with integration (dur=10)...
    Random state position after get_ep: 109
    Finding equilibrium with integration (dur=10)...
    Random state position after get_ep: 534
    Finding equilibrium with integration (dur=10)...
    Random state position after get_ep: 183
[0870]   15.482 | 0.500 0.000 0.500 0.000 0.000 | 1.000 | 0.480 0.000
    TIMING: total=1.7s | estimate_prob=1.1s (63%) | cost_grad=0.0s (1%) | other=0.6s
INIT WC (DENSE): sum=-818.0000000000, abssum=4082.9544000000, nnz=2084
INIT bC: sum=0.0000000000, abssum=0.0000000000
    Finding equilibrium with integration (dur=10)...
    Random state position after get_ep: 32
    Finding equilibrium with integration (dur=10)...
    Random state position after get_ep: 309
    Finding equilibrium with integration (dur=10)...
    Random state position after get_ep: 54
    Finding equilibrium with integration (dur=10)...
    Random state position after get_ep: 439
    Finding equilibrium with integration (dur=10)...
    Random state position after get_ep: 464
INIT WC (DENSE): sum=-818.0000000000, abssum=4083.0300000000, nnz=2084
INIT bC: sum=0.0000000000, abssum=0.0000000000
    Finding equilibrium with integration (dur=10)...
    Random state position after get_ep: 385
    Finding equilibrium with integration (dur=10)...
    Random state position after get_ep: 514
    Finding equilibrium with integration (dur=10)...
    Random state position after get_ep: 391
    Finding equilibrium with integration (dur=10)...
    Random state position after get_ep: 584
    Finding equilibrium with integration (dur=10)...
    Random state position after get_ep: 301
[0880]   27.282 | 0.000 0.000 0.000 0.750 0.250 | 1.000 | 0.829 0.000
    TIMING: total=1.8s | estimate_prob=1.1s (64%) | cost_grad=0.0s (1%) | other=0.6s
INIT WC (DENSE): sum=-818.0000000000, abssum=4082.9056000000, nnz=2084
INIT bC: sum=0.0000000000, abssum=0.0000000000
    Finding equilibrium with integration (dur=10)...
    Random state position after get_ep: 510
    Finding equilibrium with integration (dur=10)...
    Random state position after get_ep: 359
    Finding equilibrium with integration (dur=10)...
    Random state position after get_ep: 132
    Finding equilibrium with integration (dur=10)...
    Random state position after get_ep: 478
    Finding equilibrium with integration (dur=10)...
    Random state position after get_ep: 23
INIT WC (DENSE): sum=-818.0000000000, abssum=4083.2812000000, nnz=2084
INIT bC: sum=0.0000000000, abssum=0.0000000000
    Finding equilibrium with integration (dur=10)...
    Random state position after get_ep: 476
    Finding equilibrium with integration (dur=10)...
    Random state position after get_ep: 493
    Finding equilibrium with integration (dur=10)...
    Random state position after get_ep: 322
    Finding equilibrium with integration (dur=10)...
    Random state position after get_ep: 307
    Finding equilibrium with integration (dur=10)...
    Random state position after get_ep: 132
[0890]   11.035 | 0.500 0.500 0.000 0.000 0.000 | 1.000 | 0.296 0.000
    TIMING: total=1.7s | estimate_prob=1.0s (61%) | cost_grad=0.0s (1%) | other=0.7s
INIT WC (DENSE): sum=-818.0000000000, abssum=4082.9568000000, nnz=2084
INIT bC: sum=0.0000000000, abssum=0.0000000000
    Finding equilibrium with integration (dur=10)...
    Random state position after get_ep: 433
    Finding equilibrium with integration (dur=10)...
    Random state position after get_ep: 154
    Finding equilibrium with integration (dur=10)...
    Random state position after get_ep: 255
    Finding equilibrium with integration (dur=10)...
    Random state position after get_ep: 373
    Finding equilibrium with integration (dur=10)...
    Random state position after get_ep: 50
INIT WC (DENSE): sum=-818.0000000000, abssum=4082.8324000000, nnz=2084
INIT bC: sum=0.0000000000, abssum=0.0000000000
    Finding equilibrium with integration (dur=10)...
    Random state position after get_ep: 439
    Finding equilibrium with integration (dur=10)...
    Random state position after get_ep: 116
    Finding equilibrium with integration (dur=10)...
    Random state position after get_ep: 401
    Finding equilibrium with integration (dur=10)...
    Random state position after get_ep: 82
    Finding equilibrium with integration (dur=10)...
    Random state position after get_ep: 227
[0900]   22.450 | 0.000 1.000 0.000 0.000 0.000 | 1.000 | 0.692 0.000
    TIMING: total=1.8s | estimate_prob=1.1s (65%) | cost_grad=0.0s (1%) | other=0.6s
INIT WC (DENSE): sum=-818.0000000000, abssum=4083.6080000000, nnz=2084
INIT bC: sum=0.0000000000, abssum=0.0000000000
    [Epoch 901] GRADIENT DIAG (DENSE): trees=5, positions=250, val_sum=-0.000000
      DENSE dWC: nnz=187, sum=-0.000000
      Gradient targets: 187 existing WC positions (grad_sum=31.4960)
                        0 NEW positions (grad_sum=0.0000)
      Current WC nnz: 2084
    Finding equilibrium with integration (dur=10)...
    Random state position after get_ep: 608
    Finding equilibrium with integration (dur=10)...
    Random state position after get_ep: 13
    Finding equilibrium with integration (dur=10)...
    Random state position after get_ep: 326
    Finding equilibrium with integration (dur=10)...
    Random state position after get_ep: 123
    Finding equilibrium with integration (dur=10)...
    Random state position after get_ep: 344
INIT WC (DENSE): sum=-818.0000000000, abssum=4083.5836000000, nnz=2084
INIT bC: sum=0.0000000000, abssum=0.0000000000
    Finding equilibrium with integration (dur=10)...
    Random state position after get_ep: 25
    Finding equilibrium with integration (dur=10)...
    Random state position after get_ep: 594
    Finding equilibrium with integration (dur=10)...
    Random state position after get_ep: 323
    Finding equilibrium with integration (dur=10)...
    Random state position after get_ep: 376
    Finding equilibrium with integration (dur=10)...
    Random state position after get_ep: 301
[0910]   11.646 | 0.500 0.000 0.250 0.250 0.000 | 1.000 | 0.360 0.000
    TIMING: total=1.8s | estimate_prob=1.2s (64%) | cost_grad=0.0s (1%) | other=0.6s
INIT WC (DENSE): sum=-818.0000000000, abssum=4083.5592000000, nnz=2084
INIT bC: sum=0.0000000000, abssum=0.0000000000
    Finding equilibrium with integration (dur=10)...
    Random state position after get_ep: 490
    Finding equilibrium with integration (dur=10)...
    Random state position after get_ep: 423
    Finding equilibrium with integration (dur=10)...
    Random state position after get_ep: 200
    Finding equilibrium with integration (dur=10)...
    Random state position after get_ep: 413
    Finding equilibrium with integration (dur=10)...
    Random state position after get_ep: 114
INIT WC (DENSE): sum=-818.0000000000, abssum=4083.5348000000, nnz=2084
INIT bC: sum=0.0000000000, abssum=0.0000000000
    Finding equilibrium with integration (dur=10)...
    Random state position after get_ep: 623
    Finding equilibrium with integration (dur=10)...
    Random state position after get_ep: 584
    Finding equilibrium with integration (dur=10)...
    Random state position after get_ep: 449
    Finding equilibrium with integration (dur=10)...
    Random state position after get_ep: 18
    Finding equilibrium with integration (dur=10)...
    Random state position after get_ep: 167
[0920]   15.465 | 0.750 0.000 0.250 0.000 0.000 | 1.000 | 0.480 0.000
    TIMING: total=1.8s | estimate_prob=1.2s (63%) | cost_grad=0.0s (1%) | other=0.7s
INIT WC (DENSE): sum=-818.0000000000, abssum=4083.5104000000, nnz=2084
INIT bC: sum=0.0000000000, abssum=0.0000000000
    Finding equilibrium with integration (dur=10)...
    Random state position after get_ep: 132
    Finding equilibrium with integration (dur=10)...
    Random state position after get_ep: 605
    Finding equilibrium with integration (dur=10)...
    Random state position after get_ep: 306
    Finding equilibrium with integration (dur=10)...
    Random state position after get_ep: 103
    Finding equilibrium with integration (dur=10)...
    Random state position after get_ep: 472
INIT WC (DENSE): sum=-818.0000000000, abssum=4083.8860000000, nnz=2084
INIT bC: sum=0.0000000000, abssum=0.0000000000
    Finding equilibrium with integration (dur=10)...
    Random state position after get_ep: 609
    Finding equilibrium with integration (dur=10)...
    Random state position after get_ep: 582
    Finding equilibrium with integration (dur=10)...
    Random state position after get_ep: 503
    Finding equilibrium with integration (dur=10)...
    Random state position after get_ep: 20
    Finding equilibrium with integration (dur=10)...
    Random state position after get_ep: 321
[0930]   11.109 | 0.750 0.250 0.000 0.000 0.000 | 1.000 | 0.406 0.000
    TIMING: total=1.7s | estimate_prob=1.1s (61%) | cost_grad=0.0s (1%) | other=0.6s
INIT WC (DENSE): sum=-818.0000000000, abssum=4083.8616000000, nnz=2084
INIT bC: sum=0.0000000000, abssum=0.0000000000
    Finding equilibrium with integration (dur=10)...
    Random state position after get_ep: 86
    Finding equilibrium with integration (dur=10)...
    Random state position after get_ep: 383
    Finding equilibrium with integration (dur=10)...
    Random state position after get_ep: 556
    Finding equilibrium with integration (dur=10)...
    Random state position after get_ep: 389
    Finding equilibrium with integration (dur=10)...
    Random state position after get_ep: 338
INIT WC (DENSE): sum=-818.0000000000, abssum=4084.1372000000, nnz=2084
INIT bC: sum=0.0000000000, abssum=0.0000000000
    Finding equilibrium with integration (dur=10)...
    Random state position after get_ep: 151
    Finding equilibrium with integration (dur=10)...
    Random state position after get_ep: 32
    Finding equilibrium with integration (dur=10)...
    Random state position after get_ep: 345
    Finding equilibrium with integration (dur=10)...
    Random state position after get_ep: 126
    Finding equilibrium with integration (dur=10)...
    Random state position after get_ep: 407
[0940]   16.680 | 0.000 0.500 0.500 0.000 0.000 | 1.000 | 0.344 0.000
    TIMING: total=1.7s | estimate_prob=1.1s (62%) | cost_grad=0.0s (1%) | other=0.6s
INIT WC (DENSE): sum=-818.0000000000, abssum=4083.9128000000, nnz=2084
INIT bC: sum=0.0000000000, abssum=0.0000000000
    Finding equilibrium with integration (dur=10)...
    Random state position after get_ep: 188
    Finding equilibrium with integration (dur=10)...
    Random state position after get_ep: 21
    Finding equilibrium with integration (dur=10)...
    Random state position after get_ep: 50
    Finding equilibrium with integration (dur=10)...
    Random state position after get_ep: 451
    Finding equilibrium with integration (dur=10)...
    Random state position after get_ep: 184
INIT WC (DENSE): sum=-818.0000000000, abssum=4084.1884000000, nnz=2084
INIT bC: sum=0.0000000000, abssum=0.0000000000
    Finding equilibrium with integration (dur=10)...
    Random state position after get_ep: 421
    Finding equilibrium with integration (dur=10)...
    Random state position after get_ep: 158
    Finding equilibrium with integration (dur=10)...
    Random state position after get_ep: 35
    Finding equilibrium with integration (dur=10)...
    Random state position after get_ep: 472
    Finding equilibrium with integration (dur=10)...
    Random state position after get_ep: 281
[0950]   15.482 | 0.500 0.000 0.500 0.000 0.000 | 1.000 | 0.480 0.000
    TIMING: total=1.8s | estimate_prob=1.1s (61%) | cost_grad=0.0s (1%) | other=0.7s
INIT WC (DENSE): sum=-818.0000000000, abssum=4084.2640000000, nnz=2084
INIT bC: sum=0.0000000000, abssum=0.0000000000
    Finding equilibrium with integration (dur=10)...
    Random state position after get_ep: 62
    Finding equilibrium with integration (dur=10)...
    Random state position after get_ep: 403
    Finding equilibrium with integration (dur=10)...
    Random state position after get_ep: 228
    Finding equilibrium with integration (dur=10)...
    Random state position after get_ep: 65
    Finding equilibrium with integration (dur=10)...
    Random state position after get_ep: 486
INIT WC (DENSE): sum=-818.0000000000, abssum=4084.1396000000, nnz=2084
INIT bC: sum=0.0000000000, abssum=0.0000000000
    Finding equilibrium with integration (dur=10)...
    Random state position after get_ep: 175
    Finding equilibrium with integration (dur=10)...
    Random state position after get_ep: 8
    Finding equilibrium with integration (dur=10)...
    Random state position after get_ep: 597
    Finding equilibrium with integration (dur=10)...
    Random state position after get_ep: 490
    Finding equilibrium with integration (dur=10)...
    Random state position after get_ep: 599
[0960]   15.465 | 0.750 0.000 0.250 0.000 0.000 | 1.000 | 0.480 0.000
    TIMING: total=1.7s | estimate_prob=1.0s (62%) | cost_grad=0.0s (1%) | other=0.6s
INIT WC (DENSE): sum=-818.0000000000, abssum=4084.0152000000, nnz=2084
INIT bC: sum=0.0000000000, abssum=0.0000000000
    Finding equilibrium with integration (dur=10)...
    Random state position after get_ep: 212
    Finding equilibrium with integration (dur=10)...
    Random state position after get_ep: 301
    Finding equilibrium with integration (dur=10)...
    Random state position after get_ep: 42
    Finding equilibrium with integration (dur=10)...
    Random state position after get_ep: 23
    Finding equilibrium with integration (dur=10)...
    Random state position after get_ep: 180
INIT WC (DENSE): sum=-818.0000000000, abssum=4084.6908000000, nnz=2084
INIT bC: sum=0.0000000000, abssum=0.0000000000
    Finding equilibrium with integration (dur=10)...
    Random state position after get_ep: 133
    Finding equilibrium with integration (dur=10)...
    Random state position after get_ep: 602
    Finding equilibrium with integration (dur=10)...
    Random state position after get_ep: 523
    Finding equilibrium with integration (dur=10)...
    Random state position after get_ep: 120
    Finding equilibrium with integration (dur=10)...
    Random state position after get_ep: 529
[0970]   16.803 | 0.000 0.500 0.250 0.000 0.000 | 0.750 | 0.442 0.000
    TIMING: total=1.8s | estimate_prob=1.1s (60%) | cost_grad=0.0s (1%) | other=0.7s
INIT WC (DENSE): sum=-818.0000000000, abssum=4084.9664000000, nnz=2084
INIT bC: sum=0.0000000000, abssum=0.0000000000
    Finding equilibrium with integration (dur=10)...
    Random state position after get_ep: 474
    Finding equilibrium with integration (dur=10)...
    Random state position after get_ep: 191
    Finding equilibrium with integration (dur=10)...
    Random state position after get_ep: 124
    Finding equilibrium with integration (dur=10)...
    Random state position after get_ep: 245
    Finding equilibrium with integration (dur=10)...
    Random state position after get_ep: 262
INIT WC (DENSE): sum=-818.0000000000, abssum=4084.9420000000, nnz=2084
INIT bC: sum=0.0000000000, abssum=0.0000000000
    Finding equilibrium with integration (dur=10)...
    Random state position after get_ep: 611
    Finding equilibrium with integration (dur=10)...
    Random state position after get_ep: 272
    Finding equilibrium with integration (dur=10)...
    Random state position after get_ep: 397
    Finding equilibrium with integration (dur=10)...
    Random state position after get_ep: 454
    Finding equilibrium with integration (dur=10)...
    Random state position after get_ep: 27
[0980]   11.148 | 0.250 0.750 0.000 0.000 0.000 | 1.000 | 0.442 0.000
    TIMING: total=1.8s | estimate_prob=1.1s (63%) | cost_grad=0.0s (1%) | other=0.7s
INIT WC (DENSE): sum=-818.0000000000, abssum=4084.9176000000, nnz=2084
INIT bC: sum=0.0000000000, abssum=0.0000000000
    Finding equilibrium with integration (dur=10)...
    Random state position after get_ep: 288
    Finding equilibrium with integration (dur=10)...
    Random state position after get_ep: 425
    Finding equilibrium with integration (dur=10)...
    Random state position after get_ep: 22
    Finding equilibrium with integration (dur=10)...
    Random state position after get_ep: 375
    Finding equilibrium with integration (dur=10)...
    Random state position after get_ep: 552
INIT WC (DENSE): sum=-818.0000000000, abssum=4084.8932000000, nnz=2084
INIT bC: sum=0.0000000000, abssum=0.0000000000
    Finding equilibrium with integration (dur=10)...
    Random state position after get_ep: 529
    Finding equilibrium with integration (dur=10)...
    Random state position after get_ep: 478
    Finding equilibrium with integration (dur=10)...
    Random state position after get_ep: 95
    Finding equilibrium with integration (dur=10)...
    Random state position after get_ep: 177
    Finding equilibrium with integration (dur=10)...
    Random state position after get_ep: 558
[0990]   12.844 | 0.000 0.500 0.250 0.250 0.000 | 1.000 | 0.344 0.000
    TIMING: total=1.7s | estimate_prob=1.1s (65%) | cost_grad=0.0s (0%) | other=0.6s
INIT WC (DENSE): sum=-818.0000000000, abssum=4084.9688000000, nnz=2084
INIT bC: sum=0.0000000000, abssum=0.0000000000
    Finding equilibrium with integration (dur=10)...
    Random state position after get_ep: 351
    Finding equilibrium with integration (dur=10)...
    Random state position after get_ep: 140
    Finding equilibrium with integration (dur=10)...
    Random state position after get_ep: 485
    Finding equilibrium with integration (dur=10)...
    Random state position after get_ep: 206
    Finding equilibrium with integration (dur=10)...
    Random state position after get_ep: 119
INIT WC (DENSE): sum=-818.0000000000, abssum=4084.8444000000, nnz=2084
INIT bC: sum=0.0000000000, abssum=0.0000000000
    Finding equilibrium with integration (dur=10)...
    Random state position after get_ep: 76
    Finding equilibrium with integration (dur=10)...
    Random state position after get_ep: 149
    Finding equilibrium with integration (dur=10)...
    Random state position after get_ep: 486
    Finding equilibrium with integration (dur=10)...
    Random state position after get_ep: 119
    Finding equilibrium with integration (dur=10)...
    Random state position after get_ep: 564
[1000]   15.648 | 0.250 0.000 0.750 0.000 0.000 | 1.000 | 0.573 0.000
    TIMING: total=1.8s | estimate_prob=1.2s (65%) | cost_grad=0.0s (1%) | other=0.6s

======================================================================
Training complete!

========================================
=== WC Statistics AFTER Training ===
  WC type: dense
  WC sum: -818.000000
  WC diagonal sum: -2338.000000
  WC max: 5.910000, min: -10.000000
========================================
Final KL divergence: 16.006 (SD = 4.820)
Final production accuracy: 0.965 (SD = 0.106)

Final learned probabilities Q(S):
Sentence 0: Q = 0.343
Sentence 1: Q = 0.285
Sentence 2: Q = 0.182
Sentence 3: Q = 0.115
Sentence 4: Q = 0.040

======================================================================
DEBUG: Analyzing model structure for sparse vs dense comparison
======================================================================

======================================================================
DEBUG: WC Structure Analysis
======================================================================
  WC type: dense
  WC nnz: 2,084
  WC sum: -818.000000
  WC max: 5.910000, min: -10.000000

  Checking treelet weights:
    PP[1]:1 <-> P:0: Found 2 non-zero weights
      PP[1]:1/(1,1) <-> PP[1]:1/(1,1): -10.0000
      PP[1]:1/(1,2) <-> PP[1]:1/(1,2): -10.0000
    VP[1]:1 <-> *Vi:0: NO WEIGHTS FOUND!
    S[2]:0 <-> *N:0: NO WEIGHTS FOUND!
    *Vi:0 <-> Vi:0: NO WEIGHTS FOUND!
    *N:0 <-> N:0: NO WEIGHTS FOUND!

  Checking binding connectivity:
    P:0/(1,3) (idx=66): row_nnz=4, col_nnz=4, row_sum=-2.9600
    N:1/(1,4) (idx=91): row_nnz=5, col_nnz=5, row_sum=-3.8600
    PP[1]:1/(2,3) (idx=202): row_nnz=23, col_nnz=23, row_sum=5.2250
    VP[1]:1/(3,2) (idx=288): row_nnz=26, col_nnz=26, row_sum=-2.1500

  mask0 nnz: 36,450
======================================================================


======================================================================
DEBUG: Detailed parsing of 'N Vi P N' (S1)
======================================================================
Target bindings for S1: ['N:0/(1,1)', 'Vi:0/(1,2)', 'P:0/(1,3)', 'N:1/(1,4)', '@:1/(1,5)', '*N:0/(2,1)', '*Vi:0/(2,2)', 'PP[1]:1/(2,3)', '*@:1/(2,4)', '*N:0/(3,1)', 'VP[1]:1/(3,2)', '*@:1/(3,3)', 'S[2]:0/(4,1)', '*@:1/(4,2)', '#:0/(5,1)']

======================================================================
DEBUG: Parsing 'N Vi P N'
======================================================================
  WC type: dense

  Word 1: N

  DEBUG run_word(N, pos=1):
    extC sum=4.0000, max=2.0000, nnz=2
    WC is dense, nnz=2084
    WC.dot(actC): sum=-54.7223, max=2.5994
    Input bindings: ['N:0/(1,1)', 'N:1/(1,1)']
    After run: top 5 activations: [('N:0/(1,1)', np.float64(0.7758265857694897)), ('*N:0/(2,1)', np.float64(0.6656806989744216)), ('S[1]:0/(2,1)', np.float64(0.5254296705025543)), ('*Vpp:0/(2,3)', np.float64(0.4870523019007506)), ('S[2]:0/(5,1)', np.float64(0.4822379809365155))]

  Word 2: Vi

  DEBUG run_word(Vi, pos=2):
    extC sum=4.0000, max=2.0000, nnz=2
    WC is dense, nnz=2084
    WC.dot(actC): sum=-48.5941, max=3.3793
    Input bindings: ['Vi:0/(1,2)', 'Vi:1/(1,2)']
    After run: top 5 activations: [('N:0/(1,1)', np.float64(0.723867192776466)), ('*N:0/(2,1)', np.float64(0.6837671934636841)), ('Vi:1/(1,2)', np.float64(0.6439876066678032)), ('Vi:0/(1,2)', np.float64(0.615799941382151)), ('*@:1/(2,4)', np.float64(0.6027187404732401))]

  Word 3: P

  DEBUG run_word(P, pos=3):
    extC sum=2.0000, max=2.0000, nnz=1
    WC is dense, nnz=2084
    WC.dot(actC): sum=-37.8249, max=2.7973
    Input bindings: ['P:0/(1,3)']
    After run: top 5 activations: [('N:0/(1,1)', np.float64(0.8458349040620429)), ('PP[1]:1/(2,3)', np.float64(0.805188195322116)), ('P:0/(1,3)', np.float64(0.8036424649003269)), ('*@:1/(2,4)', np.float64(0.7520714307010147)), ('*N:0/(2,1)', np.float64(0.725894410123761))]

  Word 4: N

  DEBUG run_word(N, pos=4):
    extC sum=4.0000, max=2.0000, nnz=2
    WC is dense, nnz=2084
    WC.dot(actC): sum=-27.8054, max=3.7609
    Input bindings: ['N:0/(1,4)', 'N:1/(1,4)']
    After run: top 5 activations: [('PP[1]:1/(2,3)', np.float64(0.9349133232646217)), ('*@:1/(2,4)', np.float64(0.9253249402922984)), ('N:0/(1,1)', np.float64(0.8699990518124049)), ('*N:0/(2,1)', np.float64(0.8650925096462684)), ('*@:1/(3,3)', np.float64(0.8590343773927835))]

  Wrapup:

  Final parse (grid point): ['N:0/(1,1)', 'Vi:0/(1,2)', 'P:0/(1,3)', 'N:1/(1,4)', '@:1/(1,5)', '*N:0/(2,1)', '*Vi:0/(2,2)', 'PP[1]:1/(2,3)', '*@:1/(2,4)', '*N:0/(3,1)']...
  ✓ CORRECT PARSE!
======================================================================


======================================================================
Generating training plots (Figure 11)...
Note: plot_train_result() will display 3 separate plots
======================================================================

======================================================================
Testing parsing accuracy (Figure 12)...
======================================================================
Sentence 0 ACC = 1.000 (N Vi)
Sentence 1 ACC = 1.000 (N Vi P N)
Sentence 2 ACC = 0.700 (N BE Vpp)
Sentence 3 ACC = 1.000 (N BE Vpp P N)
Sentence 4 ACC = 0.400 (N Vpp P N Vi)
Commitment t= 1: Overall accuracy = 0.820
  S0 (N Vi): 1.000
  S1 (N Vi P N): 1.000
  S2 (N BE Vpp): 0.700
  S3 (N BE Vpp P N): 1.000
  S4 (N Vpp P N Vi): 0.400
Sentence 0 ACC = 0.900 (N Vi)
Sentence 1 ACC = 1.000 (N Vi P N)
Sentence 2 ACC = 0.900 (N BE Vpp)
Sentence 3 ACC = 1.000 (N BE Vpp P N)
Sentence 4 ACC = 0.400 (N Vpp P N Vi)
Commitment t= 2: Overall accuracy = 0.840
  S0 (N Vi): 0.900
  S1 (N Vi P N): 1.000
  S2 (N BE Vpp): 0.900
  S3 (N BE Vpp P N): 1.000
  S4 (N Vpp P N Vi): 0.400
Sentence 0 ACC = 1.000 (N Vi)
Sentence 1 ACC = 1.000 (N Vi P N)
Sentence 2 ACC = 1.000 (N BE Vpp)
Sentence 3 ACC = 1.000 (N BE Vpp P N)
Sentence 4 ACC = 0.200 (N Vpp P N Vi)
Commitment t= 3: Overall accuracy = 0.840
  S0 (N Vi): 1.000
  S1 (N Vi P N): 1.000
  S2 (N BE Vpp): 1.000
  S3 (N BE Vpp P N): 1.000
  S4 (N Vpp P N Vi): 0.200
Sentence 0 ACC = 1.000 (N Vi)
Sentence 1 ACC = 1.000 (N Vi P N)
Sentence 2 ACC = 1.000 (N BE Vpp)
Sentence 3 ACC = 1.000 (N BE Vpp P N)
Sentence 4 ACC = 0.400 (N Vpp P N Vi)
Commitment t= 4: Overall accuracy = 0.880
  S0 (N Vi): 1.000
  S1 (N Vi P N): 1.000
  S2 (N BE Vpp): 1.000
  S3 (N BE Vpp P N): 1.000
  S4 (N Vpp P N Vi): 0.400
Sentence 0 ACC = 1.000 (N Vi)
Sentence 1 ACC = 1.000 (N Vi P N)
Sentence 2 ACC = 1.000 (N BE Vpp)
Sentence 3 ACC = 1.000 (N BE Vpp P N)
Sentence 4 ACC = 0.000 (N Vpp P N Vi)
Commitment t= 5: Overall accuracy = 0.800
  S0 (N Vi): 1.000
  S1 (N Vi P N): 1.000
  S2 (N BE Vpp): 1.000
  S3 (N BE Vpp P N): 1.000
  S4 (N Vpp P N Vi): 0.000
Sentence 0 ACC = 1.000 (N Vi)
Sentence 1 ACC = 1.000 (N Vi P N)
Sentence 2 ACC = 1.000 (N BE Vpp)
Sentence 3 ACC = 1.000 (N BE Vpp P N)
Sentence 4 ACC = 0.000 (N Vpp P N Vi)
Commitment t= 6: Overall accuracy = 0.800
  S0 (N Vi): 1.000
  S1 (N Vi P N): 1.000
  S2 (N BE Vpp): 1.000
  S3 (N BE Vpp P N): 1.000
  S4 (N Vpp P N Vi): 0.000
Sentence 0 ACC = 1.000 (N Vi)
Sentence 1 ACC = 1.000 (N Vi P N)
Sentence 2 ACC = 1.000 (N BE Vpp)
Sentence 3 ACC = 0.600 (N BE Vpp P N)
Sentence 4 ACC = 0.000 (N Vpp P N Vi)
Commitment t= 7: Overall accuracy = 0.720
  S0 (N Vi): 1.000
  S1 (N Vi P N): 1.000
  S2 (N BE Vpp): 1.000
  S3 (N BE Vpp P N): 0.600
  S4 (N Vpp P N Vi): 0.000
Sentence 0 ACC = 1.000 (N Vi)
Sentence 1 ACC = 1.000 (N Vi P N)
Sentence 2 ACC = 1.000 (N BE Vpp)
Sentence 3 ACC = 0.600 (N BE Vpp P N)
Sentence 4 ACC = 0.000 (N Vpp P N Vi)
Commitment t= 8: Overall accuracy = 0.720
  S0 (N Vi): 1.000
  S1 (N Vi P N): 1.000
  S2 (N BE Vpp): 1.000
  S3 (N BE Vpp P N): 0.600
  S4 (N Vpp P N Vi): 0.000
Sentence 0 ACC = 1.000 (N Vi)
Sentence 1 ACC = 1.000 (N Vi P N)
Sentence 2 ACC = 1.000 (N BE Vpp)
Sentence 3 ACC = 0.700 (N BE Vpp P N)
Sentence 4 ACC = 0.000 (N Vpp P N Vi)
Commitment t= 9: Overall accuracy = 0.740
  S0 (N Vi): 1.000
  S1 (N Vi P N): 1.000
  S2 (N BE Vpp): 1.000
  S3 (N BE Vpp P N): 0.700
  S4 (N Vpp P N Vi): 0.000
Sentence 0 ACC = 1.000 (N Vi)
Sentence 1 ACC = 1.000 (N Vi P N)
Sentence 2 ACC = 1.000 (N BE Vpp)
Sentence 3 ACC = 0.500 (N BE Vpp P N)
Sentence 4 ACC = 0.000 (N Vpp P N Vi)
Commitment t=10: Overall accuracy = 0.700
  S0 (N Vi): 1.000
  S1 (N Vi P N): 1.000
  S2 (N BE Vpp): 1.000
  S3 (N BE Vpp P N): 0.500
  S4 (N Vpp P N Vi): 0.000
Sentence 0 ACC = 1.000 (N Vi)
Sentence 1 ACC = 0.700 (N Vi P N)
Sentence 2 ACC = 1.000 (N BE Vpp)
Sentence 3 ACC = 0.500 (N BE Vpp P N)
Sentence 4 ACC = 0.000 (N Vpp P N Vi)
Commitment t=11: Overall accuracy = 0.640
  S0 (N Vi): 1.000
  S1 (N Vi P N): 0.700
  S2 (N BE Vpp): 1.000
  S3 (N BE Vpp P N): 0.500
  S4 (N Vpp P N Vi): 0.000
Sentence 0 ACC = 1.000 (N Vi)
Sentence 1 ACC = 0.900 (N Vi P N)
Sentence 2 ACC = 0.900 (N BE Vpp)
Sentence 3 ACC = 0.500 (N BE Vpp P N)
Sentence 4 ACC = 0.000 (N Vpp P N Vi)
Commitment t=12: Overall accuracy = 0.660
  S0 (N Vi): 1.000
  S1 (N Vi P N): 0.900
  S2 (N BE Vpp): 0.900
  S3 (N BE Vpp P N): 0.500
  S4 (N Vpp P N Vi): 0.000

======================================================================
Generating treelet activation trajectories for each sentence type...
======================================================================

=== CORPUS SENTENCE ORDER ===
S0: N Vi
S1: N Vi P N
S2: N BE Vpp
S3: N BE Vpp P N
S4: N Vpp P N Vi
======================================================================

Generating plots for Sentence 0: N Vi
rules are [{'m': 'NP[1]:0', 'd1': '*N:0', 'd2': 'RC[1]:1', 'p': np.float64(1.0)}, {'m': 'PP[1]:1', 'd1': 'P:0', 'd2': 'N:1', 'p': np.float64(1.0)}, {'m': 'RC[1]:1', 'd1': '*Vpp:0', 'd2': 'PP[1]:1', 'p': np.float64(1.0)}, {'m': 'S[1]:0', 'd1': 'N:0', 'd2': 'Vi:1', 'p': np.float64(0.35)}, {'m': 'S[2]:0', 'd1': '*N:0', 'd2': 'VP[1]:1', 'p': np.float64(0.3)}, {'m': 'S[2]:0', 'd1': '*N:0', 'd2': 'VP[2]:1', 'p': np.float64(0.18)}, {'m': 'S[2]:0', 'd1': '*N:0', 'd2': 'VP[3]:1', 'p': np.float64(0.12)}, {'m': 'S[3]:0', 'd1': 'NP[1]:0', 'd2': '*Vi:1', 'p': np.float64(0.05)}, {'m': 'VP[1]:1', 'd1': '*Vi:0', 'd2': 'PP[1]:1', 'p': np.float64(0.5)}, {'m': 'VP[2]:1', 'd1': 'BE:0', 'd2': 'Vpp:1', 'p': np.float64(0.3)}, {'m': 'VP[3]:1', 'd1': '*BE:0', 'd2': 'VPpp[1]:1', 'p': np.float64(0.2)}, {'m': 'VPpp[1]:1', 'd1': '*Vpp:0', 'd2': 'PP[1]:1', 'p': np.float64(1.0)}, {'m': '*@:1', 'd1': None, 'd2': '@:1', 'p': None}, {'m': '*@:1', 'd1': None, 'd2': '*@:1', 'p': None}, {'m': '*BE:0', 'd1': 'BE:0', 'd2': None, 'p': None}, {'m': '*BE:0', 'd1': '*BE:0', 'd2': None, 'p': None}, {'m': '*N:0', 'd1': 'N:0', 'd2': None, 'p': None}, {'m': '*N:0', 'd1': '*N:0', 'd2': None, 'p': None}, {'m': '*Vi:0', 'd1': 'Vi:0', 'd2': None, 'p': None}, {'m': '*Vi:0', 'd1': '*Vi:0', 'd2': None, 'p': None}, {'m': '*Vi:1', 'd1': None, 'd2': 'Vi:1', 'p': None}, {'m': '*Vi:1', 'd1': None, 'd2': '*Vi:1', 'p': None}, {'m': '*Vpp:0', 'd1': 'Vpp:0', 'd2': None, 'p': None}, {'m': '*Vpp:0', 'd1': '*Vpp:0', 'd2': None, 'p': None}, {'m': '#:0', 'd1': 'S[1]:0', 'd2': '*@:1', 'p': None}, {'m': '#:0', 'd1': 'S[2]:0', 'd2': '*@:1', 'p': None}, {'m': '#:0', 'd1': 'S[3]:0', 'd2': '*@:1', 'p': None}]
labs are ['NP[1](*N,RC[1])', 'PP[1](P,N)', 'RC[1](*Vpp,PP[1])', 'S[1](N,Vi)', 'S[2](*N,VP[1])', 'S[2](*N,VP[2])', 'S[2](*N,VP[3])', 'S[3](NP[1],*Vi)', 'VP[1](*Vi,PP[1])', 'VP[2](BE,Vpp)', 'VP[3](*BE,VPpp[1])', 'VPpp[1](*Vpp,PP[1])', '*@(,@)', '*@(,*@)', '*BE(BE,)', '*BE(*BE,)', '*N(N,)', '*N(*N,)', '*Vi(Vi,)', '*Vi(*Vi,)', '*Vi(,Vi)', '*Vi(,*Vi)', '*Vpp(Vpp,)', '*Vpp(*Vpp,)', '#(S[1],*@)', '#(S[2],*@)', '#(S[3],*@)']
focus_idx is [ 3 16 20 17]
labs_focus is ['S[1](N,Vi)', '*N(N,)', '*Vi(,Vi)', '*N(*N,)']
rules are [{'m': 'NP[1]:0', 'd1': '*N:0', 'd2': 'RC[1]:1', 'p': np.float64(1.0)}, {'m': 'PP[1]:1', 'd1': 'P:0', 'd2': 'N:1', 'p': np.float64(1.0)}, {'m': 'RC[1]:1', 'd1': '*Vpp:0', 'd2': 'PP[1]:1', 'p': np.float64(1.0)}, {'m': 'S[1]:0', 'd1': 'N:0', 'd2': 'Vi:1', 'p': np.float64(0.35)}, {'m': 'S[2]:0', 'd1': '*N:0', 'd2': 'VP[1]:1', 'p': np.float64(0.3)}, {'m': 'S[2]:0', 'd1': '*N:0', 'd2': 'VP[2]:1', 'p': np.float64(0.18)}, {'m': 'S[2]:0', 'd1': '*N:0', 'd2': 'VP[3]:1', 'p': np.float64(0.12)}, {'m': 'S[3]:0', 'd1': 'NP[1]:0', 'd2': '*Vi:1', 'p': np.float64(0.05)}, {'m': 'VP[1]:1', 'd1': '*Vi:0', 'd2': 'PP[1]:1', 'p': np.float64(0.5)}, {'m': 'VP[2]:1', 'd1': 'BE:0', 'd2': 'Vpp:1', 'p': np.float64(0.3)}, {'m': 'VP[3]:1', 'd1': '*BE:0', 'd2': 'VPpp[1]:1', 'p': np.float64(0.2)}, {'m': 'VPpp[1]:1', 'd1': '*Vpp:0', 'd2': 'PP[1]:1', 'p': np.float64(1.0)}, {'m': '*@:1', 'd1': None, 'd2': '@:1', 'p': None}, {'m': '*@:1', 'd1': None, 'd2': '*@:1', 'p': None}, {'m': '*BE:0', 'd1': 'BE:0', 'd2': None, 'p': None}, {'m': '*BE:0', 'd1': '*BE:0', 'd2': None, 'p': None}, {'m': '*N:0', 'd1': 'N:0', 'd2': None, 'p': None}, {'m': '*N:0', 'd1': '*N:0', 'd2': None, 'p': None}, {'m': '*Vi:0', 'd1': 'Vi:0', 'd2': None, 'p': None}, {'m': '*Vi:0', 'd1': '*Vi:0', 'd2': None, 'p': None}, {'m': '*Vi:1', 'd1': None, 'd2': 'Vi:1', 'p': None}, {'m': '*Vi:1', 'd1': None, 'd2': '*Vi:1', 'p': None}, {'m': '*Vpp:0', 'd1': 'Vpp:0', 'd2': None, 'p': None}, {'m': '*Vpp:0', 'd1': '*Vpp:0', 'd2': None, 'p': None}, {'m': '#:0', 'd1': 'S[1]:0', 'd2': '*@:1', 'p': None}, {'m': '#:0', 'd1': 'S[2]:0', 'd2': '*@:1', 'p': None}, {'m': '#:0', 'd1': 'S[3]:0', 'd2': '*@:1', 'p': None}]
labs are ['NP[1](*N,RC[1])', 'PP[1](P,N)', 'RC[1](*Vpp,PP[1])', 'S[1](N,Vi)', 'S[2](*N,VP[1])', 'S[2](*N,VP[2])', 'S[2](*N,VP[3])', 'S[3](NP[1],*Vi)', 'VP[1](*Vi,PP[1])', 'VP[2](BE,Vpp)', 'VP[3](*BE,VPpp[1])', 'VPpp[1](*Vpp,PP[1])', '*@(,@)', '*@(,*@)', '*BE(BE,)', '*BE(*BE,)', '*N(N,)', '*N(*N,)', '*Vi(Vi,)', '*Vi(*Vi,)', '*Vi(,Vi)', '*Vi(,*Vi)', '*Vpp(Vpp,)', '*Vpp(*Vpp,)', '#(S[1],*@)', '#(S[2],*@)', '#(S[3],*@)']
focus_idx is [13 12 25 26]
labs_focus is ['*@(,*@)', '*@(,@)', '#(S[2],*@)', '#(S[3],*@)']

Generating plots for Sentence 1: N Vi P N
rules are [{'m': 'NP[1]:0', 'd1': '*N:0', 'd2': 'RC[1]:1', 'p': np.float64(1.0)}, {'m': 'PP[1]:1', 'd1': 'P:0', 'd2': 'N:1', 'p': np.float64(1.0)}, {'m': 'RC[1]:1', 'd1': '*Vpp:0', 'd2': 'PP[1]:1', 'p': np.float64(1.0)}, {'m': 'S[1]:0', 'd1': 'N:0', 'd2': 'Vi:1', 'p': np.float64(0.35)}, {'m': 'S[2]:0', 'd1': '*N:0', 'd2': 'VP[1]:1', 'p': np.float64(0.3)}, {'m': 'S[2]:0', 'd1': '*N:0', 'd2': 'VP[2]:1', 'p': np.float64(0.18)}, {'m': 'S[2]:0', 'd1': '*N:0', 'd2': 'VP[3]:1', 'p': np.float64(0.12)}, {'m': 'S[3]:0', 'd1': 'NP[1]:0', 'd2': '*Vi:1', 'p': np.float64(0.05)}, {'m': 'VP[1]:1', 'd1': '*Vi:0', 'd2': 'PP[1]:1', 'p': np.float64(0.5)}, {'m': 'VP[2]:1', 'd1': 'BE:0', 'd2': 'Vpp:1', 'p': np.float64(0.3)}, {'m': 'VP[3]:1', 'd1': '*BE:0', 'd2': 'VPpp[1]:1', 'p': np.float64(0.2)}, {'m': 'VPpp[1]:1', 'd1': '*Vpp:0', 'd2': 'PP[1]:1', 'p': np.float64(1.0)}, {'m': '*@:1', 'd1': None, 'd2': '@:1', 'p': None}, {'m': '*@:1', 'd1': None, 'd2': '*@:1', 'p': None}, {'m': '*BE:0', 'd1': 'BE:0', 'd2': None, 'p': None}, {'m': '*BE:0', 'd1': '*BE:0', 'd2': None, 'p': None}, {'m': '*N:0', 'd1': 'N:0', 'd2': None, 'p': None}, {'m': '*N:0', 'd1': '*N:0', 'd2': None, 'p': None}, {'m': '*Vi:0', 'd1': 'Vi:0', 'd2': None, 'p': None}, {'m': '*Vi:0', 'd1': '*Vi:0', 'd2': None, 'p': None}, {'m': '*Vi:1', 'd1': None, 'd2': 'Vi:1', 'p': None}, {'m': '*Vi:1', 'd1': None, 'd2': '*Vi:1', 'p': None}, {'m': '*Vpp:0', 'd1': 'Vpp:0', 'd2': None, 'p': None}, {'m': '*Vpp:0', 'd1': '*Vpp:0', 'd2': None, 'p': None}, {'m': '#:0', 'd1': 'S[1]:0', 'd2': '*@:1', 'p': None}, {'m': '#:0', 'd1': 'S[2]:0', 'd2': '*@:1', 'p': None}, {'m': '#:0', 'd1': 'S[3]:0', 'd2': '*@:1', 'p': None}]
labs are ['NP[1](*N,RC[1])', 'PP[1](P,N)', 'RC[1](*Vpp,PP[1])', 'S[1](N,Vi)', 'S[2](*N,VP[1])', 'S[2](*N,VP[2])', 'S[2](*N,VP[3])', 'S[3](NP[1],*Vi)', 'VP[1](*Vi,PP[1])', 'VP[2](BE,Vpp)', 'VP[3](*BE,VPpp[1])', 'VPpp[1](*Vpp,PP[1])', '*@(,@)', '*@(,*@)', '*BE(BE,)', '*BE(*BE,)', '*N(N,)', '*N(*N,)', '*Vi(Vi,)', '*Vi(*Vi,)', '*Vi(,Vi)', '*Vi(,*Vi)', '*Vpp(Vpp,)', '*Vpp(*Vpp,)', '#(S[1],*@)', '#(S[2],*@)', '#(S[3],*@)']
focus_idx is [16 17  3  4]
labs_focus is ['*N(N,)', '*N(*N,)', 'S[1](N,Vi)', 'S[2](*N,VP[1])']
rules are [{'m': 'NP[1]:0', 'd1': '*N:0', 'd2': 'RC[1]:1', 'p': np.float64(1.0)}, {'m': 'PP[1]:1', 'd1': 'P:0', 'd2': 'N:1', 'p': np.float64(1.0)}, {'m': 'RC[1]:1', 'd1': '*Vpp:0', 'd2': 'PP[1]:1', 'p': np.float64(1.0)}, {'m': 'S[1]:0', 'd1': 'N:0', 'd2': 'Vi:1', 'p': np.float64(0.35)}, {'m': 'S[2]:0', 'd1': '*N:0', 'd2': 'VP[1]:1', 'p': np.float64(0.3)}, {'m': 'S[2]:0', 'd1': '*N:0', 'd2': 'VP[2]:1', 'p': np.float64(0.18)}, {'m': 'S[2]:0', 'd1': '*N:0', 'd2': 'VP[3]:1', 'p': np.float64(0.12)}, {'m': 'S[3]:0', 'd1': 'NP[1]:0', 'd2': '*Vi:1', 'p': np.float64(0.05)}, {'m': 'VP[1]:1', 'd1': '*Vi:0', 'd2': 'PP[1]:1', 'p': np.float64(0.5)}, {'m': 'VP[2]:1', 'd1': 'BE:0', 'd2': 'Vpp:1', 'p': np.float64(0.3)}, {'m': 'VP[3]:1', 'd1': '*BE:0', 'd2': 'VPpp[1]:1', 'p': np.float64(0.2)}, {'m': 'VPpp[1]:1', 'd1': '*Vpp:0', 'd2': 'PP[1]:1', 'p': np.float64(1.0)}, {'m': '*@:1', 'd1': None, 'd2': '@:1', 'p': None}, {'m': '*@:1', 'd1': None, 'd2': '*@:1', 'p': None}, {'m': '*BE:0', 'd1': 'BE:0', 'd2': None, 'p': None}, {'m': '*BE:0', 'd1': '*BE:0', 'd2': None, 'p': None}, {'m': '*N:0', 'd1': 'N:0', 'd2': None, 'p': None}, {'m': '*N:0', 'd1': '*N:0', 'd2': None, 'p': None}, {'m': '*Vi:0', 'd1': 'Vi:0', 'd2': None, 'p': None}, {'m': '*Vi:0', 'd1': '*Vi:0', 'd2': None, 'p': None}, {'m': '*Vi:1', 'd1': None, 'd2': 'Vi:1', 'p': None}, {'m': '*Vi:1', 'd1': None, 'd2': '*Vi:1', 'p': None}, {'m': '*Vpp:0', 'd1': 'Vpp:0', 'd2': None, 'p': None}, {'m': '*Vpp:0', 'd1': '*Vpp:0', 'd2': None, 'p': None}, {'m': '#:0', 'd1': 'S[1]:0', 'd2': '*@:1', 'p': None}, {'m': '#:0', 'd1': 'S[2]:0', 'd2': '*@:1', 'p': None}, {'m': '#:0', 'd1': 'S[3]:0', 'd2': '*@:1', 'p': None}]
labs are ['NP[1](*N,RC[1])', 'PP[1](P,N)', 'RC[1](*Vpp,PP[1])', 'S[1](N,Vi)', 'S[2](*N,VP[1])', 'S[2](*N,VP[2])', 'S[2](*N,VP[3])', 'S[3](NP[1],*Vi)', 'VP[1](*Vi,PP[1])', 'VP[2](BE,Vpp)', 'VP[3](*BE,VPpp[1])', 'VPpp[1](*Vpp,PP[1])', '*@(,@)', '*@(,*@)', '*BE(BE,)', '*BE(*BE,)', '*N(N,)', '*N(*N,)', '*Vi(Vi,)', '*Vi(*Vi,)', '*Vi(,Vi)', '*Vi(,*Vi)', '*Vpp(Vpp,)', '*Vpp(*Vpp,)', '#(S[1],*@)', '#(S[2],*@)', '#(S[3],*@)']
focus_idx is [ 8 19 11  2]
labs_focus is ['VP[1](*Vi,PP[1])', '*Vi(*Vi,)', 'VPpp[1](*Vpp,PP[1])', 'RC[1](*Vpp,PP[1])']

Generating plots for Sentence 2: N BE Vpp
rules are [{'m': 'NP[1]:0', 'd1': '*N:0', 'd2': 'RC[1]:1', 'p': np.float64(1.0)}, {'m': 'PP[1]:1', 'd1': 'P:0', 'd2': 'N:1', 'p': np.float64(1.0)}, {'m': 'RC[1]:1', 'd1': '*Vpp:0', 'd2': 'PP[1]:1', 'p': np.float64(1.0)}, {'m': 'S[1]:0', 'd1': 'N:0', 'd2': 'Vi:1', 'p': np.float64(0.35)}, {'m': 'S[2]:0', 'd1': '*N:0', 'd2': 'VP[1]:1', 'p': np.float64(0.3)}, {'m': 'S[2]:0', 'd1': '*N:0', 'd2': 'VP[2]:1', 'p': np.float64(0.18)}, {'m': 'S[2]:0', 'd1': '*N:0', 'd2': 'VP[3]:1', 'p': np.float64(0.12)}, {'m': 'S[3]:0', 'd1': 'NP[1]:0', 'd2': '*Vi:1', 'p': np.float64(0.05)}, {'m': 'VP[1]:1', 'd1': '*Vi:0', 'd2': 'PP[1]:1', 'p': np.float64(0.5)}, {'m': 'VP[2]:1', 'd1': 'BE:0', 'd2': 'Vpp:1', 'p': np.float64(0.3)}, {'m': 'VP[3]:1', 'd1': '*BE:0', 'd2': 'VPpp[1]:1', 'p': np.float64(0.2)}, {'m': 'VPpp[1]:1', 'd1': '*Vpp:0', 'd2': 'PP[1]:1', 'p': np.float64(1.0)}, {'m': '*@:1', 'd1': None, 'd2': '@:1', 'p': None}, {'m': '*@:1', 'd1': None, 'd2': '*@:1', 'p': None}, {'m': '*BE:0', 'd1': 'BE:0', 'd2': None, 'p': None}, {'m': '*BE:0', 'd1': '*BE:0', 'd2': None, 'p': None}, {'m': '*N:0', 'd1': 'N:0', 'd2': None, 'p': None}, {'m': '*N:0', 'd1': '*N:0', 'd2': None, 'p': None}, {'m': '*Vi:0', 'd1': 'Vi:0', 'd2': None, 'p': None}, {'m': '*Vi:0', 'd1': '*Vi:0', 'd2': None, 'p': None}, {'m': '*Vi:1', 'd1': None, 'd2': 'Vi:1', 'p': None}, {'m': '*Vi:1', 'd1': None, 'd2': '*Vi:1', 'p': None}, {'m': '*Vpp:0', 'd1': 'Vpp:0', 'd2': None, 'p': None}, {'m': '*Vpp:0', 'd1': '*Vpp:0', 'd2': None, 'p': None}, {'m': '#:0', 'd1': 'S[1]:0', 'd2': '*@:1', 'p': None}, {'m': '#:0', 'd1': 'S[2]:0', 'd2': '*@:1', 'p': None}, {'m': '#:0', 'd1': 'S[3]:0', 'd2': '*@:1', 'p': None}]
labs are ['NP[1](*N,RC[1])', 'PP[1](P,N)', 'RC[1](*Vpp,PP[1])', 'S[1](N,Vi)', 'S[2](*N,VP[1])', 'S[2](*N,VP[2])', 'S[2](*N,VP[3])', 'S[3](NP[1],*Vi)', 'VP[1](*Vi,PP[1])', 'VP[2](BE,Vpp)', 'VP[3](*BE,VPpp[1])', 'VPpp[1](*Vpp,PP[1])', '*@(,@)', '*@(,*@)', '*BE(BE,)', '*BE(*BE,)', '*N(N,)', '*N(*N,)', '*Vi(Vi,)', '*Vi(*Vi,)', '*Vi(,Vi)', '*Vi(,*Vi)', '*Vpp(Vpp,)', '*Vpp(*Vpp,)', '#(S[1],*@)', '#(S[2],*@)', '#(S[3],*@)']
focus_idx is [16 17  3  6]
labs_focus is ['*N(N,)', '*N(*N,)', 'S[1](N,Vi)', 'S[2](*N,VP[3])']
rules are [{'m': 'NP[1]:0', 'd1': '*N:0', 'd2': 'RC[1]:1', 'p': np.float64(1.0)}, {'m': 'PP[1]:1', 'd1': 'P:0', 'd2': 'N:1', 'p': np.float64(1.0)}, {'m': 'RC[1]:1', 'd1': '*Vpp:0', 'd2': 'PP[1]:1', 'p': np.float64(1.0)}, {'m': 'S[1]:0', 'd1': 'N:0', 'd2': 'Vi:1', 'p': np.float64(0.35)}, {'m': 'S[2]:0', 'd1': '*N:0', 'd2': 'VP[1]:1', 'p': np.float64(0.3)}, {'m': 'S[2]:0', 'd1': '*N:0', 'd2': 'VP[2]:1', 'p': np.float64(0.18)}, {'m': 'S[2]:0', 'd1': '*N:0', 'd2': 'VP[3]:1', 'p': np.float64(0.12)}, {'m': 'S[3]:0', 'd1': 'NP[1]:0', 'd2': '*Vi:1', 'p': np.float64(0.05)}, {'m': 'VP[1]:1', 'd1': '*Vi:0', 'd2': 'PP[1]:1', 'p': np.float64(0.5)}, {'m': 'VP[2]:1', 'd1': 'BE:0', 'd2': 'Vpp:1', 'p': np.float64(0.3)}, {'m': 'VP[3]:1', 'd1': '*BE:0', 'd2': 'VPpp[1]:1', 'p': np.float64(0.2)}, {'m': 'VPpp[1]:1', 'd1': '*Vpp:0', 'd2': 'PP[1]:1', 'p': np.float64(1.0)}, {'m': '*@:1', 'd1': None, 'd2': '@:1', 'p': None}, {'m': '*@:1', 'd1': None, 'd2': '*@:1', 'p': None}, {'m': '*BE:0', 'd1': 'BE:0', 'd2': None, 'p': None}, {'m': '*BE:0', 'd1': '*BE:0', 'd2': None, 'p': None}, {'m': '*N:0', 'd1': 'N:0', 'd2': None, 'p': None}, {'m': '*N:0', 'd1': '*N:0', 'd2': None, 'p': None}, {'m': '*Vi:0', 'd1': 'Vi:0', 'd2': None, 'p': None}, {'m': '*Vi:0', 'd1': '*Vi:0', 'd2': None, 'p': None}, {'m': '*Vi:1', 'd1': None, 'd2': 'Vi:1', 'p': None}, {'m': '*Vi:1', 'd1': None, 'd2': '*Vi:1', 'p': None}, {'m': '*Vpp:0', 'd1': 'Vpp:0', 'd2': None, 'p': None}, {'m': '*Vpp:0', 'd1': '*Vpp:0', 'd2': None, 'p': None}, {'m': '#:0', 'd1': 'S[1]:0', 'd2': '*@:1', 'p': None}, {'m': '#:0', 'd1': 'S[2]:0', 'd2': '*@:1', 'p': None}, {'m': '#:0', 'd1': 'S[3]:0', 'd2': '*@:1', 'p': None}]
labs are ['NP[1](*N,RC[1])', 'PP[1](P,N)', 'RC[1](*Vpp,PP[1])', 'S[1](N,Vi)', 'S[2](*N,VP[1])', 'S[2](*N,VP[2])', 'S[2](*N,VP[3])', 'S[3](NP[1],*Vi)', 'VP[1](*Vi,PP[1])', 'VP[2](BE,Vpp)', 'VP[3](*BE,VPpp[1])', 'VPpp[1](*Vpp,PP[1])', '*@(,@)', '*@(,*@)', '*BE(BE,)', '*BE(*BE,)', '*N(N,)', '*N(*N,)', '*Vi(Vi,)', '*Vi(*Vi,)', '*Vi(,Vi)', '*Vi(,*Vi)', '*Vpp(Vpp,)', '*Vpp(*Vpp,)', '#(S[1],*@)', '#(S[2],*@)', '#(S[3],*@)']
focus_idx is [15 14 10  8]
labs_focus is ['*BE(*BE,)', '*BE(BE,)', 'VP[3](*BE,VPpp[1])', 'VP[1](*Vi,PP[1])']

Generating plots for Sentence 3: N BE Vpp P N
rules are [{'m': 'NP[1]:0', 'd1': '*N:0', 'd2': 'RC[1]:1', 'p': np.float64(1.0)}, {'m': 'PP[1]:1', 'd1': 'P:0', 'd2': 'N:1', 'p': np.float64(1.0)}, {'m': 'RC[1]:1', 'd1': '*Vpp:0', 'd2': 'PP[1]:1', 'p': np.float64(1.0)}, {'m': 'S[1]:0', 'd1': 'N:0', 'd2': 'Vi:1', 'p': np.float64(0.35)}, {'m': 'S[2]:0', 'd1': '*N:0', 'd2': 'VP[1]:1', 'p': np.float64(0.3)}, {'m': 'S[2]:0', 'd1': '*N:0', 'd2': 'VP[2]:1', 'p': np.float64(0.18)}, {'m': 'S[2]:0', 'd1': '*N:0', 'd2': 'VP[3]:1', 'p': np.float64(0.12)}, {'m': 'S[3]:0', 'd1': 'NP[1]:0', 'd2': '*Vi:1', 'p': np.float64(0.05)}, {'m': 'VP[1]:1', 'd1': '*Vi:0', 'd2': 'PP[1]:1', 'p': np.float64(0.5)}, {'m': 'VP[2]:1', 'd1': 'BE:0', 'd2': 'Vpp:1', 'p': np.float64(0.3)}, {'m': 'VP[3]:1', 'd1': '*BE:0', 'd2': 'VPpp[1]:1', 'p': np.float64(0.2)}, {'m': 'VPpp[1]:1', 'd1': '*Vpp:0', 'd2': 'PP[1]:1', 'p': np.float64(1.0)}, {'m': '*@:1', 'd1': None, 'd2': '@:1', 'p': None}, {'m': '*@:1', 'd1': None, 'd2': '*@:1', 'p': None}, {'m': '*BE:0', 'd1': 'BE:0', 'd2': None, 'p': None}, {'m': '*BE:0', 'd1': '*BE:0', 'd2': None, 'p': None}, {'m': '*N:0', 'd1': 'N:0', 'd2': None, 'p': None}, {'m': '*N:0', 'd1': '*N:0', 'd2': None, 'p': None}, {'m': '*Vi:0', 'd1': 'Vi:0', 'd2': None, 'p': None}, {'m': '*Vi:0', 'd1': '*Vi:0', 'd2': None, 'p': None}, {'m': '*Vi:1', 'd1': None, 'd2': 'Vi:1', 'p': None}, {'m': '*Vi:1', 'd1': None, 'd2': '*Vi:1', 'p': None}, {'m': '*Vpp:0', 'd1': 'Vpp:0', 'd2': None, 'p': None}, {'m': '*Vpp:0', 'd1': '*Vpp:0', 'd2': None, 'p': None}, {'m': '#:0', 'd1': 'S[1]:0', 'd2': '*@:1', 'p': None}, {'m': '#:0', 'd1': 'S[2]:0', 'd2': '*@:1', 'p': None}, {'m': '#:0', 'd1': 'S[3]:0', 'd2': '*@:1', 'p': None}]
labs are ['NP[1](*N,RC[1])', 'PP[1](P,N)', 'RC[1](*Vpp,PP[1])', 'S[1](N,Vi)', 'S[2](*N,VP[1])', 'S[2](*N,VP[2])', 'S[2](*N,VP[3])', 'S[3](NP[1],*Vi)', 'VP[1](*Vi,PP[1])', 'VP[2](BE,Vpp)', 'VP[3](*BE,VPpp[1])', 'VPpp[1](*Vpp,PP[1])', '*@(,@)', '*@(,*@)', '*BE(BE,)', '*BE(*BE,)', '*N(N,)', '*N(*N,)', '*Vi(Vi,)', '*Vi(*Vi,)', '*Vi(,Vi)', '*Vi(,*Vi)', '*Vpp(Vpp,)', '*Vpp(*Vpp,)', '#(S[1],*@)', '#(S[2],*@)', '#(S[3],*@)']
focus_idx is [16 17  3  5]
labs_focus is ['*N(N,)', '*N(*N,)', 'S[1](N,Vi)', 'S[2](*N,VP[2])']
rules are [{'m': 'NP[1]:0', 'd1': '*N:0', 'd2': 'RC[1]:1', 'p': np.float64(1.0)}, {'m': 'PP[1]:1', 'd1': 'P:0', 'd2': 'N:1', 'p': np.float64(1.0)}, {'m': 'RC[1]:1', 'd1': '*Vpp:0', 'd2': 'PP[1]:1', 'p': np.float64(1.0)}, {'m': 'S[1]:0', 'd1': 'N:0', 'd2': 'Vi:1', 'p': np.float64(0.35)}, {'m': 'S[2]:0', 'd1': '*N:0', 'd2': 'VP[1]:1', 'p': np.float64(0.3)}, {'m': 'S[2]:0', 'd1': '*N:0', 'd2': 'VP[2]:1', 'p': np.float64(0.18)}, {'m': 'S[2]:0', 'd1': '*N:0', 'd2': 'VP[3]:1', 'p': np.float64(0.12)}, {'m': 'S[3]:0', 'd1': 'NP[1]:0', 'd2': '*Vi:1', 'p': np.float64(0.05)}, {'m': 'VP[1]:1', 'd1': '*Vi:0', 'd2': 'PP[1]:1', 'p': np.float64(0.5)}, {'m': 'VP[2]:1', 'd1': 'BE:0', 'd2': 'Vpp:1', 'p': np.float64(0.3)}, {'m': 'VP[3]:1', 'd1': '*BE:0', 'd2': 'VPpp[1]:1', 'p': np.float64(0.2)}, {'m': 'VPpp[1]:1', 'd1': '*Vpp:0', 'd2': 'PP[1]:1', 'p': np.float64(1.0)}, {'m': '*@:1', 'd1': None, 'd2': '@:1', 'p': None}, {'m': '*@:1', 'd1': None, 'd2': '*@:1', 'p': None}, {'m': '*BE:0', 'd1': 'BE:0', 'd2': None, 'p': None}, {'m': '*BE:0', 'd1': '*BE:0', 'd2': None, 'p': None}, {'m': '*N:0', 'd1': 'N:0', 'd2': None, 'p': None}, {'m': '*N:0', 'd1': '*N:0', 'd2': None, 'p': None}, {'m': '*Vi:0', 'd1': 'Vi:0', 'd2': None, 'p': None}, {'m': '*Vi:0', 'd1': '*Vi:0', 'd2': None, 'p': None}, {'m': '*Vi:1', 'd1': None, 'd2': 'Vi:1', 'p': None}, {'m': '*Vi:1', 'd1': None, 'd2': '*Vi:1', 'p': None}, {'m': '*Vpp:0', 'd1': 'Vpp:0', 'd2': None, 'p': None}, {'m': '*Vpp:0', 'd1': '*Vpp:0', 'd2': None, 'p': None}, {'m': '#:0', 'd1': 'S[1]:0', 'd2': '*@:1', 'p': None}, {'m': '#:0', 'd1': 'S[2]:0', 'd2': '*@:1', 'p': None}, {'m': '#:0', 'd1': 'S[3]:0', 'd2': '*@:1', 'p': None}]
labs are ['NP[1](*N,RC[1])', 'PP[1](P,N)', 'RC[1](*Vpp,PP[1])', 'S[1](N,Vi)', 'S[2](*N,VP[1])', 'S[2](*N,VP[2])', 'S[2](*N,VP[3])', 'S[3](NP[1],*Vi)', 'VP[1](*Vi,PP[1])', 'VP[2](BE,Vpp)', 'VP[3](*BE,VPpp[1])', 'VPpp[1](*Vpp,PP[1])', '*@(,@)', '*@(,*@)', '*BE(BE,)', '*BE(*BE,)', '*N(N,)', '*N(*N,)', '*Vi(Vi,)', '*Vi(*Vi,)', '*Vi(,Vi)', '*Vi(,*Vi)', '*Vpp(Vpp,)', '*Vpp(*Vpp,)', '#(S[1],*@)', '#(S[2],*@)', '#(S[3],*@)']
focus_idx is [ 8 11  2 13]
labs_focus is ['VP[1](*Vi,PP[1])', 'VPpp[1](*Vpp,PP[1])', 'RC[1](*Vpp,PP[1])', '*@(,*@)']

Generating plots for Sentence 4: N Vpp P N Vi
rules are [{'m': 'NP[1]:0', 'd1': '*N:0', 'd2': 'RC[1]:1', 'p': np.float64(1.0)}, {'m': 'PP[1]:1', 'd1': 'P:0', 'd2': 'N:1', 'p': np.float64(1.0)}, {'m': 'RC[1]:1', 'd1': '*Vpp:0', 'd2': 'PP[1]:1', 'p': np.float64(1.0)}, {'m': 'S[1]:0', 'd1': 'N:0', 'd2': 'Vi:1', 'p': np.float64(0.35)}, {'m': 'S[2]:0', 'd1': '*N:0', 'd2': 'VP[1]:1', 'p': np.float64(0.3)}, {'m': 'S[2]:0', 'd1': '*N:0', 'd2': 'VP[2]:1', 'p': np.float64(0.18)}, {'m': 'S[2]:0', 'd1': '*N:0', 'd2': 'VP[3]:1', 'p': np.float64(0.12)}, {'m': 'S[3]:0', 'd1': 'NP[1]:0', 'd2': '*Vi:1', 'p': np.float64(0.05)}, {'m': 'VP[1]:1', 'd1': '*Vi:0', 'd2': 'PP[1]:1', 'p': np.float64(0.5)}, {'m': 'VP[2]:1', 'd1': 'BE:0', 'd2': 'Vpp:1', 'p': np.float64(0.3)}, {'m': 'VP[3]:1', 'd1': '*BE:0', 'd2': 'VPpp[1]:1', 'p': np.float64(0.2)}, {'m': 'VPpp[1]:1', 'd1': '*Vpp:0', 'd2': 'PP[1]:1', 'p': np.float64(1.0)}, {'m': '*@:1', 'd1': None, 'd2': '@:1', 'p': None}, {'m': '*@:1', 'd1': None, 'd2': '*@:1', 'p': None}, {'m': '*BE:0', 'd1': 'BE:0', 'd2': None, 'p': None}, {'m': '*BE:0', 'd1': '*BE:0', 'd2': None, 'p': None}, {'m': '*N:0', 'd1': 'N:0', 'd2': None, 'p': None}, {'m': '*N:0', 'd1': '*N:0', 'd2': None, 'p': None}, {'m': '*Vi:0', 'd1': 'Vi:0', 'd2': None, 'p': None}, {'m': '*Vi:0', 'd1': '*Vi:0', 'd2': None, 'p': None}, {'m': '*Vi:1', 'd1': None, 'd2': 'Vi:1', 'p': None}, {'m': '*Vi:1', 'd1': None, 'd2': '*Vi:1', 'p': None}, {'m': '*Vpp:0', 'd1': 'Vpp:0', 'd2': None, 'p': None}, {'m': '*Vpp:0', 'd1': '*Vpp:0', 'd2': None, 'p': None}, {'m': '#:0', 'd1': 'S[1]:0', 'd2': '*@:1', 'p': None}, {'m': '#:0', 'd1': 'S[2]:0', 'd2': '*@:1', 'p': None}, {'m': '#:0', 'd1': 'S[3]:0', 'd2': '*@:1', 'p': None}]
labs are ['NP[1](*N,RC[1])', 'PP[1](P,N)', 'RC[1](*Vpp,PP[1])', 'S[1](N,Vi)', 'S[2](*N,VP[1])', 'S[2](*N,VP[2])', 'S[2](*N,VP[3])', 'S[3](NP[1],*Vi)', 'VP[1](*Vi,PP[1])', 'VP[2](BE,Vpp)', 'VP[3](*BE,VPpp[1])', 'VPpp[1](*Vpp,PP[1])', '*@(,@)', '*@(,*@)', '*BE(BE,)', '*BE(*BE,)', '*N(N,)', '*N(*N,)', '*Vi(Vi,)', '*Vi(*Vi,)', '*Vi(,Vi)', '*Vi(,*Vi)', '*Vpp(Vpp,)', '*Vpp(*Vpp,)', '#(S[1],*@)', '#(S[2],*@)', '#(S[3],*@)']
focus_idx is [16 17  3  4]
labs_focus is ['*N(N,)', '*N(*N,)', 'S[1](N,Vi)', 'S[2](*N,VP[1])']
rules are [{'m': 'NP[1]:0', 'd1': '*N:0', 'd2': 'RC[1]:1', 'p': np.float64(1.0)}, {'m': 'PP[1]:1', 'd1': 'P:0', 'd2': 'N:1', 'p': np.float64(1.0)}, {'m': 'RC[1]:1', 'd1': '*Vpp:0', 'd2': 'PP[1]:1', 'p': np.float64(1.0)}, {'m': 'S[1]:0', 'd1': 'N:0', 'd2': 'Vi:1', 'p': np.float64(0.35)}, {'m': 'S[2]:0', 'd1': '*N:0', 'd2': 'VP[1]:1', 'p': np.float64(0.3)}, {'m': 'S[2]:0', 'd1': '*N:0', 'd2': 'VP[2]:1', 'p': np.float64(0.18)}, {'m': 'S[2]:0', 'd1': '*N:0', 'd2': 'VP[3]:1', 'p': np.float64(0.12)}, {'m': 'S[3]:0', 'd1': 'NP[1]:0', 'd2': '*Vi:1', 'p': np.float64(0.05)}, {'m': 'VP[1]:1', 'd1': '*Vi:0', 'd2': 'PP[1]:1', 'p': np.float64(0.5)}, {'m': 'VP[2]:1', 'd1': 'BE:0', 'd2': 'Vpp:1', 'p': np.float64(0.3)}, {'m': 'VP[3]:1', 'd1': '*BE:0', 'd2': 'VPpp[1]:1', 'p': np.float64(0.2)}, {'m': 'VPpp[1]:1', 'd1': '*Vpp:0', 'd2': 'PP[1]:1', 'p': np.float64(1.0)}, {'m': '*@:1', 'd1': None, 'd2': '@:1', 'p': None}, {'m': '*@:1', 'd1': None, 'd2': '*@:1', 'p': None}, {'m': '*BE:0', 'd1': 'BE:0', 'd2': None, 'p': None}, {'m': '*BE:0', 'd1': '*BE:0', 'd2': None, 'p': None}, {'m': '*N:0', 'd1': 'N:0', 'd2': None, 'p': None}, {'m': '*N:0', 'd1': '*N:0', 'd2': None, 'p': None}, {'m': '*Vi:0', 'd1': 'Vi:0', 'd2': None, 'p': None}, {'m': '*Vi:0', 'd1': '*Vi:0', 'd2': None, 'p': None}, {'m': '*Vi:1', 'd1': None, 'd2': 'Vi:1', 'p': None}, {'m': '*Vi:1', 'd1': None, 'd2': '*Vi:1', 'p': None}, {'m': '*Vpp:0', 'd1': 'Vpp:0', 'd2': None, 'p': None}, {'m': '*Vpp:0', 'd1': '*Vpp:0', 'd2': None, 'p': None}, {'m': '#:0', 'd1': 'S[1]:0', 'd2': '*@:1', 'p': None}, {'m': '#:0', 'd1': 'S[2]:0', 'd2': '*@:1', 'p': None}, {'m': '#:0', 'd1': 'S[3]:0', 'd2': '*@:1', 'p': None}]
labs are ['NP[1](*N,RC[1])', 'PP[1](P,N)', 'RC[1](*Vpp,PP[1])', 'S[1](N,Vi)', 'S[2](*N,VP[1])', 'S[2](*N,VP[2])', 'S[2](*N,VP[3])', 'S[3](NP[1],*Vi)', 'VP[1](*Vi,PP[1])', 'VP[2](BE,Vpp)', 'VP[3](*BE,VPpp[1])', 'VPpp[1](*Vpp,PP[1])', '*@(,@)', '*@(,*@)', '*BE(BE,)', '*BE(*BE,)', '*N(N,)', '*N(*N,)', '*Vi(Vi,)', '*Vi(*Vi,)', '*Vi(,Vi)', '*Vi(,*Vi)', '*Vpp(Vpp,)', '*Vpp(*Vpp,)', '#(S[1],*@)', '#(S[2],*@)', '#(S[3],*@)']
focus_idx is [15 14 10 13]
labs_focus is ['*BE(*BE,)', '*BE(BE,)', 'VP[3](*BE,VPpp[1])', '*@(,*@)']

======================================================================
Replication complete!
Figures saved as:
  - Plots from plot_train_result() (displayed interactively)
  - figure12_g1_parsing.png

Treelet activation trajectories for each sentence:
  - sap_g1_model_dense_nocompres_S0_N_Vi.png
  - sap_g1_model_dense_nocompres_S1_N_Vi_P_N.png <-- S1 = 'N Vi P N'
  - sap_g1_model_dense_nocompres_S2_N_BE_Vpp.png
  - sap_g1_model_dense_nocompres_S3_N_BE_Vpp_P_N.png
  - sap_g1_model_dense_nocompres_S4_N_Vpp_P_N_Vi.png
======================================================================
Finished running at 2265.94s

----------------------------------------------------------------------
Final GPU Status:
----------------------------------------------------------------------
Fri Dec  5 13:19:04 2025       
+-----------------------------------------------------------------------------------------+
| NVIDIA-SMI 570.124.06             Driver Version: 570.124.06     CUDA Version: 12.8     |
|-----------------------------------------+------------------------+----------------------+
| GPU  Name                 Persistence-M | Bus-Id          Disp.A | Volatile Uncorr. ECC |
| Fan  Temp   Perf          Pwr:Usage/Cap |           Memory-Usage | GPU-Util  Compute M. |
|                                         |                        |               MIG M. |
|=========================================+========================+======================|
|   0  NVIDIA RTX A5000               On  |   00000000:4F:00.0 Off |                  Off |
| 30%   25C    P8             22W /  230W |       2MiB /  24564MiB |    100%      Default |
|                                         |                        |                  N/A |
+-----------------------------------------+------------------------+----------------------+
                                                                                         
+-----------------------------------------------------------------------------------------+
| Processes:                                                                              |
|  GPU   GI   CI              PID   Type   Process name                        GPU Memory |
|        ID   ID                                                               Usage      |
|=========================================================================================|
|  No running processes found                                                             |
+-----------------------------------------------------------------------------------------+

======================================================================
Job Completed
End Time: Fri Dec  5 01:19:04 PM EST 2025
======================================================================
