======================================================================
GSC GPU Training Job Started
======================================================================
Job ID: 552851
Node: brandal
Start Time: Wed Dec  3 12:06:05 AM EST 2025

----------------------------------------------------------------------
GPU Information:
----------------------------------------------------------------------
Wed Dec  3 00:06:05 2025       
+-----------------------------------------------------------------------------------------+
| NVIDIA-SMI 570.124.06             Driver Version: 570.124.06     CUDA Version: 12.8     |
|-----------------------------------------+------------------------+----------------------+
| GPU  Name                 Persistence-M | Bus-Id          Disp.A | Volatile Uncorr. ECC |
| Fan  Temp   Perf          Pwr:Usage/Cap |           Memory-Usage | GPU-Util  Compute M. |
|                                         |                        |               MIG M. |
|=========================================+========================+======================|
|   0  NVIDIA RTX A5000               On  |   00000000:4F:00.0 Off |                  Off |
| 30%   25C    P8             17W /  230W |       2MiB /  24564MiB |      0%      Default |
|                                         |                        |                  N/A |
+-----------------------------------------+------------------------+----------------------+
                                                                                         
+-----------------------------------------------------------------------------------------+
| Processes:                                                                              |
|  GPU   GI   CI              PID   Type   Process name                        GPU Memory |
|        ID   ID                                                               Usage      |
|=========================================================================================|
|  No running processes found                                                             |
+-----------------------------------------------------------------------------------------+

----------------------------------------------------------------------
CUDA Version:
----------------------------------------------------------------------
nvcc not found

======================================================================
Running Full Training (1000 epochs)
======================================================================
JAX detected - GPU acceleration enabled
JAX detected - GPU acceleration enabled
    Lookup tables built in 0.00s
    Fast lookups built in 0.000s (19 fillers, 12 rules)
    Building rule index for fast sentence generation...
    Rule index built in 0.000s
    BrickRole fast lookups built in 0.000s (15 roles)
Adding binary rules...
  Binary rules: 26 rules added
Adding copy rules...
  Copy rules: 38 total rules
Adding unary rules (this may take a while with large grammars)...
  Unary rules: 65 total rules
Adding expansion rules...
  Total rules: 74
Optimizing HarmonicGrammar with fast lookups...
Optimization complete!
Filler names: ['#:0', '*@:1', '*BE:0', '*N:0', '*Vi:0', '*Vi:1', '*Vpp:0', '@:1', 'BE:0', 'N:0', 'N:1', 'NP[1]:0', 'P:0', 'PP[1]:1', 'RC[1]:1', 'S[1]:0', 'S[2]:0', 'S[3]:0', 'VP[1]:1', 'VP[2]:1', 'VP[3]:1', 'VPpp[1]:1', 'Vi:0', 'Vi:1', 'Vpp:0', 'Vpp:1', '_']
Number of fillers: 27
Computing change-of-basis matrices...
  N shape: (405, 405) (0.00 GB)
  Kronecker product took 0.00 s
  Computing pseudo-inverse using fast Kronecker decomposition...
  Fast pseudo-inverse took 0.00 s (vs. minutes for direct method)
  C shape: (405, 405)
DEBUG _add_change_of_basis_matrices
  ✓ Change-of-basis complete (C: (405, 405), no S materialization)
  ✓ Memory saved by not creating S: 0.0 TB
0.010807514190673828 s for generating encodings
✓ GscNet fast lookups built in 0.001s (15 roles, 27 fillers, 405 bindings)
Initializing parameters on CPU with NumPy...
  Large grammar detected (405 bindings)
  Dense WC would be 0.0 GB - using SPARSE matrix!
  Using dok_matrix for memory-efficient construction...
__init__ sets use_sparse to be True
DEBUG: _build_model starts
  Building weight model from 74 HG rules...
  Initializing WC as LIL matrix for efficient construction...
    Processing binary and copy rules...
      Found 38 binary/copy rules
    Processing competition rules...
    Processing unary rules...
    Adding grammatical constraints...
    Converting WC from Lil to CSR for efficient operations...
      WC: 760 non-zero elements (99.5367% sparse)
      Conversion took 0.00s
    Setting weights...
    Setting biases...
  ✓ Weight model built in 0.01s (0.00 min)
DEBUG: _adjust_default_param_vals starts
DEBUG: bias2weight starts
DEBUG: bias2weight
  ✓ Final WC sparsity: 99.2897% (1,165 non-zero out of 164,025)
  ✓ Memory saved: 0.0 GB (dense) → 0.0 MB (sparse)
  ✓ Reduction: 70x
0.014663934707641602 s for initializing parameter values
    Finding equilibrium with integration (dur=10)...
0.6147940158843994 s for finding a global equilibrium point

======================================================================
MODE VERIFICATION:
======================================================================
  use_sparse: True
  WC type: scipy.sparse._csr.csr_matrix
  WC shape: (405, 405)
  WC non-zeros: 1,165 (0.7103% fill)
  dim_f used: 27
  dim_r used: 15
  num_fillers: 27
  num_roles: 15
  num_bindings: 405
======================================================================

Generating corpus with 5000 samples...
first sentence took 0.0s to generate
  Generated 500/5000 samples (1618.7 samples/s, 0.0 min remaining)
  Generated 1000/5000 samples (1799.3 samples/s, 0.0 min remaining)
  Generated 1500/5000 samples (1867.2 samples/s, 0.0 min remaining)
  Generated 2000/5000 samples (1862.3 samples/s, 0.0 min remaining)
  Generated 2500/5000 samples (1874.2 samples/s, 0.0 min remaining)
  Generated 3000/5000 samples (1900.0 samples/s, 0.0 min remaining)
  Generated 3500/5000 samples (1980.4 samples/s, 0.0 min remaining)
  Generated 4000/5000 samples (2041.5 samples/s, 0.0 min remaining)
  Generated 4500/5000 samples (2076.3 samples/s, 0.0 min remaining)
✓ Corpus generation complete in 2.4s (0.0 min)
  5 unique sentences from 5000 samples

======================================================================
Target sentence probabilities (first 10):
Sentence 0: p = 0.3436 (N Vi)
Sentence 1: p = 0.3082 (N Vi P N)
Sentence 2: p = 0.1768 (N BE Vpp)
Sentence 3: p = 0.1194 (N BE Vpp P N)
Sentence 4: p = 0.0520 (N Vpp P N Vi)
DEBUG: initialize
DEBUG: setting weights
DEBUG: setting biases
DEBUG: update bowl strength
DEBUG: setting self.train_opts
    Building mask0 using vectorized COO construction...
      Processing batch 1/1 (roles 0-10/10)...
      Total mask0 construction: 0.00s
      mask0 has 36,450 non-zero entries
    DEBUG: Checking mask0 coverage for key bindings:
      PP[1]:1/(1,1) (idx=13): mask0 row nnz=27
      PP[1]:1/(1,2) (idx=40): mask0 row nnz=54
      P:0/(1,1) (idx=12): mask0 row nnz=27
      P:0/(1,2) (idx=39): mask0 row nnz=54
      N:0/(1,1) (idx=9): mask0 row nnz=27
      N:1/(1,1) (idx=10): mask0 row nnz=27
      VP[1]:1/(1,1) (idx=18): mask0 row nnz=27
      VP[1]:1/(1,2) (idx=45): mask0 row nnz=54
DEBUG: harmoney values of illegitimate bindings set to <=4 
DEBUG: <= 8
DEBUG: update train_opts

Checking mask0:
  mask0 non-zero entries: 36,450

========================================
=== WC Statistics BEFORE Training ===
  WC type: sparse, nnz=1165
  WC sum: -818.000000
  WC diagonal sum: -2338.000000
  WC max: 2.000000, min: -10.000000
========================================

======================================================================
Training Grammar 1...
======================================================================
    DEBUG ERR: 7 trees (sum=2.000000), 55 treelets
    DEBUG KEYS: 7 tree keys selected, 55 treelet keys
      Sample tree key: (np.int64(26), np.int64(51), np.int64(80), np.int64(104), np.int64(131))... (len=15)
      Sample tree val: -0.750000
    DEBUG TREE GRAD: 7 trees, 350 nonzero grad entries, val_sum=2.0000
    DEBUG GRAD_DICT: 218 unique positions, 218 nonzero values, sum=-0.000000
    [Epoch 1] DEBUG SPARSE UPDATE:
      dWC: sum=-0.000000, nnz=218
      WC before: sum=-818.0000, nnz=1165
      WC after: sum=-818.0000, nnz=1228, change=0.000000
    Finding equilibrium with integration (dur=10)...
    DEBUG ERR: 7 trees (sum=2.000000), 58 treelets
    DEBUG KEYS: 7 tree keys selected, 58 treelet keys
      Sample tree key: (np.int64(9), np.int64(35), np.int64(78), np.int64(93), np.int64(118))... (len=15)
      Sample tree val: 0.119400
    DEBUG TREE GRAD: 7 trees, 350 nonzero grad entries, val_sum=2.0000
    DEBUG GRAD_DICT: 224 unique positions, 224 nonzero values, sum=-0.000000
    [Epoch 2] DEBUG SPARSE UPDATE:
      dWC: sum=-0.000000, nnz=224
      WC before: sum=-818.0000, nnz=1228
      WC after: sum=-818.0000, nnz=1246, change=-0.000000
    Finding equilibrium with integration (dur=10)...
    DEBUG ERR: 9 trees (sum=2.000000), 64 treelets
    DEBUG KEYS: 9 tree keys selected, 64 treelet keys
      Sample tree key: (np.int64(26), np.int64(53), np.int64(77), np.int64(104), np.int64(131))... (len=15)
      Sample tree val: -0.250000
    DEBUG TREE GRAD: 9 trees, 450 nonzero grad entries, val_sum=2.0000
    DEBUG GRAD_DICT: 247 unique positions, 247 nonzero values, sum=-0.000000
    [Epoch 3] DEBUG SPARSE UPDATE:
      dWC: sum=-0.000000, nnz=247
      WC before: sum=-818.0000, nnz=1246
      WC after: sum=-818.0000, nnz=1284, change=0.000000
    Finding equilibrium with integration (dur=10)...
    [Epoch 4] DEBUG SPARSE UPDATE:
      dWC: sum=-0.000000, nnz=243
      WC before: sum=-818.0000, nnz=1284
      WC after: sum=-818.0000, nnz=1304, change=0.000000
    Finding equilibrium with integration (dur=10)...
    [Epoch 5] DEBUG SPARSE UPDATE:
      dWC: sum=-0.000000, nnz=295
      WC before: sum=-818.0000, nnz=1304
      WC after: sum=-818.0000, nnz=1336, change=0.000000
    Finding equilibrium with integration (dur=10)...
    [Epoch 6] DEBUG SPARSE UPDATE:
      dWC: sum=-0.000000, nnz=284
      WC before: sum=-818.0000, nnz=1336
      WC after: sum=-818.0000, nnz=1356, change=0.000000
    Finding equilibrium with integration (dur=10)...
    [Epoch 7] DEBUG SPARSE UPDATE:
      dWC: sum=-0.000000, nnz=279
      WC before: sum=-818.0000, nnz=1356
      WC after: sum=-818.0000, nnz=1389, change=0.000000
    Finding equilibrium with integration (dur=10)...
    [Epoch 8] DEBUG SPARSE UPDATE:
      dWC: sum=-0.000000, nnz=323
      WC before: sum=-818.0000, nnz=1389
      WC after: sum=-818.0000, nnz=1433, change=-0.000000
    Finding equilibrium with integration (dur=10)...
    [Epoch 9] DEBUG SPARSE UPDATE:
      dWC: sum=-0.000000, nnz=272
      WC before: sum=-818.0000, nnz=1433
      WC after: sum=-818.0000, nnz=1464, change=0.000000
    Finding equilibrium with integration (dur=10)...
    [Epoch 10] DEBUG SPARSE UPDATE:
      dWC: sum=-0.000000, nnz=293
      WC before: sum=-818.0000, nnz=1464
      WC after: sum=-818.0000, nnz=1504, change=0.000000
    Finding equilibrium with integration (dur=10)...
[0010]   33.095 | 0.000 0.000 0.000 0.000 0.000 | 0.000 | 0.881 0.000
    TIMING: total=2.9s | estimate_prob=2.5s (86%) | cost_grad=0.0s (0%) | other=0.4s
    Finding equilibrium with integration (dur=10)...
    Finding equilibrium with integration (dur=10)...
    Finding equilibrium with integration (dur=10)...
    Finding equilibrium with integration (dur=10)...
    Finding equilibrium with integration (dur=10)...
    Finding equilibrium with integration (dur=10)...
    Finding equilibrium with integration (dur=10)...
    Finding equilibrium with integration (dur=10)...
    Finding equilibrium with integration (dur=10)...
    Finding equilibrium with integration (dur=10)...
[0020]   33.095 | 0.000 0.000 0.000 0.000 0.000 | 0.000 | 1.000 0.000
    TIMING: total=2.9s | estimate_prob=2.5s (86%) | cost_grad=0.0s (0%) | other=0.4s
    Finding equilibrium with integration (dur=10)...
    Finding equilibrium with integration (dur=10)...
    Finding equilibrium with integration (dur=10)...
    Finding equilibrium with integration (dur=10)...
    Finding equilibrium with integration (dur=10)...
    Finding equilibrium with integration (dur=10)...
    Finding equilibrium with integration (dur=10)...
    Finding equilibrium with integration (dur=10)...
    Finding equilibrium with integration (dur=10)...
    Finding equilibrium with integration (dur=10)...
[0030]   33.095 | 0.000 0.000 0.000 0.000 0.000 | 0.000 | 0.829 0.000
    TIMING: total=2.9s | estimate_prob=2.5s (86%) | cost_grad=0.0s (0%) | other=0.4s
    Finding equilibrium with integration (dur=10)...
    Finding equilibrium with integration (dur=10)...
    Finding equilibrium with integration (dur=10)...
    Finding equilibrium with integration (dur=10)...
    Finding equilibrium with integration (dur=10)...
    Finding equilibrium with integration (dur=10)...
    Finding equilibrium with integration (dur=10)...
    Finding equilibrium with integration (dur=10)...
    Finding equilibrium with integration (dur=10)...
    Finding equilibrium with integration (dur=10)...
[0040]   33.095 | 0.000 0.000 0.000 0.000 0.000 | 0.000 | 0.829 0.000
    TIMING: total=2.9s | estimate_prob=2.5s (86%) | cost_grad=0.0s (0%) | other=0.4s
    Finding equilibrium with integration (dur=10)...
    Finding equilibrium with integration (dur=10)...
    Finding equilibrium with integration (dur=10)...
    Finding equilibrium with integration (dur=10)...
    Finding equilibrium with integration (dur=10)...
    Finding equilibrium with integration (dur=10)...
    Finding equilibrium with integration (dur=10)...
    Finding equilibrium with integration (dur=10)...
    Finding equilibrium with integration (dur=10)...
    Finding equilibrium with integration (dur=10)...
[0050]   33.095 | 0.000 0.000 0.000 0.000 0.000 | 0.000 | 0.692 0.000
    TIMING: total=3.4s | estimate_prob=3.0s (88%) | cost_grad=0.0s (0%) | other=0.4s
    Finding equilibrium with integration (dur=10)...
    Finding equilibrium with integration (dur=10)...
    Finding equilibrium with integration (dur=10)...
    Finding equilibrium with integration (dur=10)...
    Finding equilibrium with integration (dur=10)...
    Finding equilibrium with integration (dur=10)...
    Finding equilibrium with integration (dur=10)...
    Finding equilibrium with integration (dur=10)...
    Finding equilibrium with integration (dur=10)...
    Finding equilibrium with integration (dur=10)...
[0060]   21.704 | 0.250 0.000 0.000 0.000 0.000 | 0.250 | 0.500 0.000
    TIMING: total=2.8s | estimate_prob=2.4s (84%) | cost_grad=0.0s (0%) | other=0.4s
    Finding equilibrium with integration (dur=10)...
    Finding equilibrium with integration (dur=10)...
    Finding equilibrium with integration (dur=10)...
    Finding equilibrium with integration (dur=10)...
    Finding equilibrium with integration (dur=10)...
    Finding equilibrium with integration (dur=10)...
    Finding equilibrium with integration (dur=10)...
    Finding equilibrium with integration (dur=10)...
    Finding equilibrium with integration (dur=10)...
    Finding equilibrium with integration (dur=10)...
[0070]   16.678 | 0.000 0.750 0.250 0.000 0.000 | 1.000 | 0.442 0.000
    TIMING: total=2.8s | estimate_prob=2.4s (85%) | cost_grad=0.0s (0%) | other=0.4s
    Finding equilibrium with integration (dur=10)...
    Finding equilibrium with integration (dur=10)...
    Finding equilibrium with integration (dur=10)...
    Finding equilibrium with integration (dur=10)...
    Finding equilibrium with integration (dur=10)...
    Finding equilibrium with integration (dur=10)...
    Finding equilibrium with integration (dur=10)...
    Finding equilibrium with integration (dur=10)...
    Finding equilibrium with integration (dur=10)...
    Finding equilibrium with integration (dur=10)...
[0080]   11.248 | 0.500 0.250 0.000 0.000 0.000 | 0.750 | 0.406 0.000
    TIMING: total=2.8s | estimate_prob=2.4s (86%) | cost_grad=0.0s (0%) | other=0.4s
    Finding equilibrium with integration (dur=10)...
    Finding equilibrium with integration (dur=10)...
    Finding equilibrium with integration (dur=10)...
    Finding equilibrium with integration (dur=10)...
    Finding equilibrium with integration (dur=10)...
    Finding equilibrium with integration (dur=10)...
    Finding equilibrium with integration (dur=10)...
    Finding equilibrium with integration (dur=10)...
    Finding equilibrium with integration (dur=10)...
    Finding equilibrium with integration (dur=10)...
[0090]   22.664 | 0.000 0.500 0.000 0.000 0.000 | 0.500 | 0.692 0.000
    TIMING: total=2.8s | estimate_prob=2.4s (86%) | cost_grad=0.0s (0%) | other=0.4s
    Finding equilibrium with integration (dur=10)...
    Finding equilibrium with integration (dur=10)...
    Finding equilibrium with integration (dur=10)...
    Finding equilibrium with integration (dur=10)...
    Finding equilibrium with integration (dur=10)...
    Finding equilibrium with integration (dur=10)...
    Finding equilibrium with integration (dur=10)...
    Finding equilibrium with integration (dur=10)...
    Finding equilibrium with integration (dur=10)...
    [Epoch 100] DEBUG SPARSE UPDATE:
      dWC: sum=-0.000000, nnz=195
      WC before: sum=-818.0000, nnz=1947
      WC after: sum=-818.0000, nnz=1947, change=0.000000
    Finding equilibrium with integration (dur=10)...
[0100]   11.248 | 0.500 0.250 0.000 0.000 0.000 | 0.750 | 0.250 0.000
    TIMING: total=2.8s | estimate_prob=2.4s (86%) | cost_grad=0.0s (0%) | other=0.4s
    Finding equilibrium with integration (dur=10)...
    Finding equilibrium with integration (dur=10)...
    Finding equilibrium with integration (dur=10)...
    Finding equilibrium with integration (dur=10)...
    Finding equilibrium with integration (dur=10)...
    Finding equilibrium with integration (dur=10)...
    Finding equilibrium with integration (dur=10)...
    Finding equilibrium with integration (dur=10)...
    Finding equilibrium with integration (dur=10)...
    Finding equilibrium with integration (dur=10)...
[0110]   27.234 | 0.000 0.000 0.250 0.000 0.000 | 0.250 | 0.704 0.000
    TIMING: total=2.8s | estimate_prob=2.4s (86%) | cost_grad=0.0s (0%) | other=0.4s
    Finding equilibrium with integration (dur=10)...
    Finding equilibrium with integration (dur=10)...
    Finding equilibrium with integration (dur=10)...
    Finding equilibrium with integration (dur=10)...
    Finding equilibrium with integration (dur=10)...
    Finding equilibrium with integration (dur=10)...
    Finding equilibrium with integration (dur=10)...
    Finding equilibrium with integration (dur=10)...
    Finding equilibrium with integration (dur=10)...
    Finding equilibrium with integration (dur=10)...
[0120]   21.326 | 0.750 0.000 0.000 0.000 0.000 | 0.750 | 0.406 0.000
    TIMING: total=2.8s | estimate_prob=2.4s (86%) | cost_grad=0.0s (0%) | other=0.4s
    Finding equilibrium with integration (dur=10)...
    Finding equilibrium with integration (dur=10)...
    Finding equilibrium with integration (dur=10)...
    Finding equilibrium with integration (dur=10)...
    Finding equilibrium with integration (dur=10)...
    Finding equilibrium with integration (dur=10)...
    Finding equilibrium with integration (dur=10)...
    Finding equilibrium with integration (dur=10)...
    Finding equilibrium with integration (dur=10)...
    Finding equilibrium with integration (dur=10)...
[0130]   11.148 | 0.250 0.750 0.000 0.000 0.000 | 1.000 | 0.442 0.000
    TIMING: total=2.8s | estimate_prob=2.4s (86%) | cost_grad=0.0s (0%) | other=0.4s
    Finding equilibrium with integration (dur=10)...
    Finding equilibrium with integration (dur=10)...
    Finding equilibrium with integration (dur=10)...
    Finding equilibrium with integration (dur=10)...
    Finding equilibrium with integration (dur=10)...
    Finding equilibrium with integration (dur=10)...
    Finding equilibrium with integration (dur=10)...
    Finding equilibrium with integration (dur=10)...
    Finding equilibrium with integration (dur=10)...
    Finding equilibrium with integration (dur=10)...
[0140]   22.664 | 0.000 0.500 0.000 0.000 0.000 | 0.500 | 0.520 0.000
    TIMING: total=3.2s | estimate_prob=2.8s (87%) | cost_grad=0.0s (0%) | other=0.4s
    Finding equilibrium with integration (dur=10)...
    Finding equilibrium with integration (dur=10)...
    Finding equilibrium with integration (dur=10)...
    Finding equilibrium with integration (dur=10)...
    Finding equilibrium with integration (dur=10)...
    Finding equilibrium with integration (dur=10)...
    Finding equilibrium with integration (dur=10)...
    Finding equilibrium with integration (dur=10)...
    Finding equilibrium with integration (dur=10)...
    Finding equilibrium with integration (dur=10)...
[0150]   16.803 | 0.000 0.500 0.250 0.000 0.000 | 0.750 | 0.442 0.000
    TIMING: total=2.9s | estimate_prob=2.5s (86%) | cost_grad=0.0s (0%) | other=0.4s
    Finding equilibrium with integration (dur=10)...
    Finding equilibrium with integration (dur=10)...
    Finding equilibrium with integration (dur=10)...
    Finding equilibrium with integration (dur=10)...
    Finding equilibrium with integration (dur=10)...
    Finding equilibrium with integration (dur=10)...
    Finding equilibrium with integration (dur=10)...
    Finding equilibrium with integration (dur=10)...
    Finding equilibrium with integration (dur=10)...
    Finding equilibrium with integration (dur=10)...
[0160]   11.248 | 0.500 0.250 0.000 0.000 0.000 | 0.750 | 0.296 0.000
    TIMING: total=2.9s | estimate_prob=2.5s (86%) | cost_grad=0.0s (0%) | other=0.4s
    Finding equilibrium with integration (dur=10)...
    Finding equilibrium with integration (dur=10)...
    Finding equilibrium with integration (dur=10)...
    Finding equilibrium with integration (dur=10)...
    Finding equilibrium with integration (dur=10)...
    Finding equilibrium with integration (dur=10)...
    Finding equilibrium with integration (dur=10)...
    Finding equilibrium with integration (dur=10)...
    Finding equilibrium with integration (dur=10)...
    Finding equilibrium with integration (dur=10)...
[0170]    5.411 | 0.250 0.500 0.250 0.000 0.000 | 1.000 | 0.192 0.000
    TIMING: total=2.9s | estimate_prob=2.5s (86%) | cost_grad=0.0s (0%) | other=0.4s
    Finding equilibrium with integration (dur=10)...
    Finding equilibrium with integration (dur=10)...
    Finding equilibrium with integration (dur=10)...
    Finding equilibrium with integration (dur=10)...
    Finding equilibrium with integration (dur=10)...
    Finding equilibrium with integration (dur=10)...
    Finding equilibrium with integration (dur=10)...
    Finding equilibrium with integration (dur=10)...
    Finding equilibrium with integration (dur=10)...
    Finding equilibrium with integration (dur=10)...
[0180]   22.878 | 0.000 0.250 0.000 0.000 0.000 | 0.250 | 0.631 0.000
    TIMING: total=2.9s | estimate_prob=2.5s (85%) | cost_grad=0.0s (0%) | other=0.4s
    Finding equilibrium with integration (dur=10)...
    Finding equilibrium with integration (dur=10)...
    Finding equilibrium with integration (dur=10)...
    Finding equilibrium with integration (dur=10)...
    Finding equilibrium with integration (dur=10)...
    Finding equilibrium with integration (dur=10)...
    Finding equilibrium with integration (dur=10)...
    Finding equilibrium with integration (dur=10)...
    Finding equilibrium with integration (dur=10)...
    Finding equilibrium with integration (dur=10)...
[0190]   21.466 | 0.500 0.000 0.000 0.000 0.000 | 0.500 | 0.406 0.000
    TIMING: total=2.8s | estimate_prob=2.4s (85%) | cost_grad=0.0s (0%) | other=0.4s
    Finding equilibrium with integration (dur=10)...
    Finding equilibrium with integration (dur=10)...
    Finding equilibrium with integration (dur=10)...
    Finding equilibrium with integration (dur=10)...
    Finding equilibrium with integration (dur=10)...
    Finding equilibrium with integration (dur=10)...
    Finding equilibrium with integration (dur=10)...
    Finding equilibrium with integration (dur=10)...
    Finding equilibrium with integration (dur=10)...
    [Epoch 200] DEBUG SPARSE UPDATE:
      dWC: sum=-0.000000, nnz=187
      WC before: sum=-818.0000, nnz=1977
      WC after: sum=-818.0000, nnz=1977, change=0.000000
    Finding equilibrium with integration (dur=10)...
[0200]    5.387 | 0.500 0.250 0.250 0.000 0.000 | 1.000 | 0.230 0.000
    TIMING: total=2.8s | estimate_prob=2.4s (86%) | cost_grad=0.0s (0%) | other=0.4s
    Finding equilibrium with integration (dur=10)...
    Finding equilibrium with integration (dur=10)...
    Finding equilibrium with integration (dur=10)...
    Finding equilibrium with integration (dur=10)...
    Finding equilibrium with integration (dur=10)...
    Finding equilibrium with integration (dur=10)...
    Finding equilibrium with integration (dur=10)...
    Finding equilibrium with integration (dur=10)...
    Finding equilibrium with integration (dur=10)...
    Finding equilibrium with integration (dur=10)...
[0210]   11.109 | 0.750 0.250 0.000 0.000 0.000 | 1.000 | 0.406 0.000
    TIMING: total=2.8s | estimate_prob=2.4s (86%) | cost_grad=0.0s (0%) | other=0.4s
    Finding equilibrium with integration (dur=10)...
    Finding equilibrium with integration (dur=10)...
    Finding equilibrium with integration (dur=10)...
    Finding equilibrium with integration (dur=10)...
    Finding equilibrium with integration (dur=10)...
    Finding equilibrium with integration (dur=10)...
    Finding equilibrium with integration (dur=10)...
    Finding equilibrium with integration (dur=10)...
    Finding equilibrium with integration (dur=10)...
    Finding equilibrium with integration (dur=10)...
[0220]   22.539 | 0.000 0.750 0.000 0.000 0.000 | 0.750 | 0.692 0.000
    TIMING: total=2.8s | estimate_prob=2.4s (86%) | cost_grad=0.0s (0%) | other=0.4s
    Finding equilibrium with integration (dur=10)...
    Finding equilibrium with integration (dur=10)...
    Finding equilibrium with integration (dur=10)...
    Finding equilibrium with integration (dur=10)...
    Finding equilibrium with integration (dur=10)...
    Finding equilibrium with integration (dur=10)...
    Finding equilibrium with integration (dur=10)...
    Finding equilibrium with integration (dur=10)...
    Finding equilibrium with integration (dur=10)...
    Finding equilibrium with integration (dur=10)...
[0230]   22.539 | 0.000 0.750 0.000 0.000 0.000 | 0.750 | 0.520 0.000
    TIMING: total=2.8s | estimate_prob=2.4s (86%) | cost_grad=0.0s (0%) | other=0.4s
    Finding equilibrium with integration (dur=10)...
    Finding equilibrium with integration (dur=10)...
    Finding equilibrium with integration (dur=10)...
    Finding equilibrium with integration (dur=10)...
    Finding equilibrium with integration (dur=10)...
    Finding equilibrium with integration (dur=10)...
    Finding equilibrium with integration (dur=10)...
    Finding equilibrium with integration (dur=10)...
    Finding equilibrium with integration (dur=10)...
    Finding equilibrium with integration (dur=10)...
[0240]   22.450 | 0.000 1.000 0.000 0.000 0.000 | 1.000 | 0.692 0.000
    TIMING: total=2.8s | estimate_prob=2.4s (86%) | cost_grad=0.0s (0%) | other=0.4s
    Finding equilibrium with integration (dur=10)...
    Finding equilibrium with integration (dur=10)...
    Finding equilibrium with integration (dur=10)...
    Finding equilibrium with integration (dur=10)...
    Finding equilibrium with integration (dur=10)...
    Finding equilibrium with integration (dur=10)...
    Finding equilibrium with integration (dur=10)...
    Finding equilibrium with integration (dur=10)...
    Finding equilibrium with integration (dur=10)...
    Finding equilibrium with integration (dur=10)...
[0250]   11.035 | 0.500 0.500 0.000 0.000 0.000 | 1.000 | 0.296 0.000
    TIMING: total=2.8s | estimate_prob=2.4s (86%) | cost_grad=0.0s (0%) | other=0.4s
    Finding equilibrium with integration (dur=10)...
    Finding equilibrium with integration (dur=10)...
    Finding equilibrium with integration (dur=10)...
    Finding equilibrium with integration (dur=10)...
    Finding equilibrium with integration (dur=10)...
    Finding equilibrium with integration (dur=10)...
    Finding equilibrium with integration (dur=10)...
    Finding equilibrium with integration (dur=10)...
    Finding equilibrium with integration (dur=10)...
    Finding equilibrium with integration (dur=10)...
[0260]   16.678 | 0.000 0.750 0.250 0.000 0.000 | 1.000 | 0.442 0.000
    TIMING: total=2.8s | estimate_prob=2.4s (86%) | cost_grad=0.0s (0%) | other=0.4s
    Finding equilibrium with integration (dur=10)...
    Finding equilibrium with integration (dur=10)...
    Finding equilibrium with integration (dur=10)...
    Finding equilibrium with integration (dur=10)...
    Finding equilibrium with integration (dur=10)...
    Finding equilibrium with integration (dur=10)...
    Finding equilibrium with integration (dur=10)...
    Finding equilibrium with integration (dur=10)...
    Finding equilibrium with integration (dur=10)...
    Finding equilibrium with integration (dur=10)...
[0270]   15.648 | 0.250 0.000 0.750 0.000 0.000 | 1.000 | 0.573 0.000
    TIMING: total=2.8s | estimate_prob=2.4s (85%) | cost_grad=0.0s (0%) | other=0.4s
    Finding equilibrium with integration (dur=10)...
    Finding equilibrium with integration (dur=10)...
    Finding equilibrium with integration (dur=10)...
    Finding equilibrium with integration (dur=10)...
    Finding equilibrium with integration (dur=10)...
    Finding equilibrium with integration (dur=10)...
    Finding equilibrium with integration (dur=10)...
    Finding equilibrium with integration (dur=10)...
    Finding equilibrium with integration (dur=10)...
    Finding equilibrium with integration (dur=10)...
[0280]   16.678 | 0.000 0.750 0.250 0.000 0.000 | 1.000 | 0.442 0.000
    TIMING: total=2.8s | estimate_prob=2.4s (85%) | cost_grad=0.0s (0%) | other=0.4s
    Finding equilibrium with integration (dur=10)...
    Finding equilibrium with integration (dur=10)...
    Finding equilibrium with integration (dur=10)...
    Finding equilibrium with integration (dur=10)...
    Finding equilibrium with integration (dur=10)...
    Finding equilibrium with integration (dur=10)...
    Finding equilibrium with integration (dur=10)...
    Finding equilibrium with integration (dur=10)...
    Finding equilibrium with integration (dur=10)...
    Finding equilibrium with integration (dur=10)...
[0290]   16.822 | 0.000 0.250 0.750 0.000 0.000 | 1.000 | 0.573 0.000
    TIMING: total=2.8s | estimate_prob=2.4s (86%) | cost_grad=0.0s (0%) | other=0.4s
    Finding equilibrium with integration (dur=10)...
    Finding equilibrium with integration (dur=10)...
    Finding equilibrium with integration (dur=10)...
    Finding equilibrium with integration (dur=10)...
    Finding equilibrium with integration (dur=10)...
    Finding equilibrium with integration (dur=10)...
    Finding equilibrium with integration (dur=10)...
    Finding equilibrium with integration (dur=10)...
    Finding equilibrium with integration (dur=10)...
    [Epoch 300] DEBUG SPARSE UPDATE:
      dWC: sum=-0.000000, nnz=187
      WC before: sum=-818.0000, nnz=1995
      WC after: sum=-818.0000, nnz=1995, change=0.000000
    Finding equilibrium with integration (dur=10)...
[0300]   16.678 | 0.000 0.750 0.250 0.000 0.000 | 1.000 | 0.442 0.000
    TIMING: total=2.8s | estimate_prob=2.4s (86%) | cost_grad=0.0s (0%) | other=0.4s
    Finding equilibrium with integration (dur=10)...
    Finding equilibrium with integration (dur=10)...
    Finding equilibrium with integration (dur=10)...
    Finding equilibrium with integration (dur=10)...
    Finding equilibrium with integration (dur=10)...
    Finding equilibrium with integration (dur=10)...
    Finding equilibrium with integration (dur=10)...
    Finding equilibrium with integration (dur=10)...
    Finding equilibrium with integration (dur=10)...
    Finding equilibrium with integration (dur=10)...
[0310]   22.450 | 0.000 1.000 0.000 0.000 0.000 | 1.000 | 0.692 0.000
    TIMING: total=2.8s | estimate_prob=2.4s (86%) | cost_grad=0.0s (0%) | other=0.4s
    Finding equilibrium with integration (dur=10)...
    Finding equilibrium with integration (dur=10)...
    Finding equilibrium with integration (dur=10)...
    Finding equilibrium with integration (dur=10)...
    Finding equilibrium with integration (dur=10)...
    Finding equilibrium with integration (dur=10)...
    Finding equilibrium with integration (dur=10)...
    Finding equilibrium with integration (dur=10)...
    Finding equilibrium with integration (dur=10)...
    Finding equilibrium with integration (dur=10)...
[0320]   11.035 | 0.500 0.500 0.000 0.000 0.000 | 1.000 | 0.296 0.000
    TIMING: total=2.8s | estimate_prob=2.4s (86%) | cost_grad=0.0s (0%) | other=0.4s
    Finding equilibrium with integration (dur=10)...
    Finding equilibrium with integration (dur=10)...
    Finding equilibrium with integration (dur=10)...
    Finding equilibrium with integration (dur=10)...
    Finding equilibrium with integration (dur=10)...
    Finding equilibrium with integration (dur=10)...
    Finding equilibrium with integration (dur=10)...
    Finding equilibrium with integration (dur=10)...
    Finding equilibrium with integration (dur=10)...
    Finding equilibrium with integration (dur=10)...
[0330]   20.940 | 0.000 0.500 0.000 0.000 0.250 | 0.750 | 0.640 0.000
    TIMING: total=2.8s | estimate_prob=2.4s (85%) | cost_grad=0.0s (0%) | other=0.4s
    Finding equilibrium with integration (dur=10)...
    Finding equilibrium with integration (dur=10)...
    Finding equilibrium with integration (dur=10)...
    Finding equilibrium with integration (dur=10)...
    Finding equilibrium with integration (dur=10)...
    Finding equilibrium with integration (dur=10)...
    Finding equilibrium with integration (dur=10)...
    Finding equilibrium with integration (dur=10)...
    Finding equilibrium with integration (dur=10)...
    Finding equilibrium with integration (dur=10)...
[0340]   18.581 | 0.000 0.750 0.000 0.250 0.000 | 1.000 | 0.520 0.000
    TIMING: total=2.8s | estimate_prob=2.4s (86%) | cost_grad=0.0s (0%) | other=0.4s
    Finding equilibrium with integration (dur=10)...
    Finding equilibrium with integration (dur=10)...
    Finding equilibrium with integration (dur=10)...
    Finding equilibrium with integration (dur=10)...
    Finding equilibrium with integration (dur=10)...
    Finding equilibrium with integration (dur=10)...
    Finding equilibrium with integration (dur=10)...
    Finding equilibrium with integration (dur=10)...
    Finding equilibrium with integration (dur=10)...
    Finding equilibrium with integration (dur=10)...
[0350]   22.450 | 0.000 1.000 0.000 0.000 0.000 | 1.000 | 0.692 0.000
    TIMING: total=3.0s | estimate_prob=2.5s (86%) | cost_grad=0.0s (0%) | other=0.4s
    Finding equilibrium with integration (dur=10)...
    Finding equilibrium with integration (dur=10)...
    Finding equilibrium with integration (dur=10)...
    Finding equilibrium with integration (dur=10)...
    Finding equilibrium with integration (dur=10)...
    Finding equilibrium with integration (dur=10)...
    Finding equilibrium with integration (dur=10)...
    Finding equilibrium with integration (dur=10)...
    Finding equilibrium with integration (dur=10)...
    Finding equilibrium with integration (dur=10)...
[0360]   11.148 | 0.250 0.750 0.000 0.000 0.000 | 1.000 | 0.442 0.000
    TIMING: total=2.9s | estimate_prob=2.5s (86%) | cost_grad=0.0s (0%) | other=0.4s
    Finding equilibrium with integration (dur=10)...
    Finding equilibrium with integration (dur=10)...
    Finding equilibrium with integration (dur=10)...
    Finding equilibrium with integration (dur=10)...
    Finding equilibrium with integration (dur=10)...
    Finding equilibrium with integration (dur=10)...
    Finding equilibrium with integration (dur=10)...
    Finding equilibrium with integration (dur=10)...
    Finding equilibrium with integration (dur=10)...
    Finding equilibrium with integration (dur=10)...
[0370]   18.705 | 0.000 0.500 0.000 0.250 0.000 | 0.750 | 0.520 0.000
    TIMING: total=2.8s | estimate_prob=2.4s (86%) | cost_grad=0.0s (0%) | other=0.4s
    Finding equilibrium with integration (dur=10)...
    Finding equilibrium with integration (dur=10)...
    Finding equilibrium with integration (dur=10)...
    Finding equilibrium with integration (dur=10)...
    Finding equilibrium with integration (dur=10)...
    Finding equilibrium with integration (dur=10)...
    Finding equilibrium with integration (dur=10)...
    Finding equilibrium with integration (dur=10)...
    Finding equilibrium with integration (dur=10)...
    Finding equilibrium with integration (dur=10)...
[0380]   18.581 | 0.000 0.750 0.000 0.250 0.000 | 1.000 | 0.520 0.000
    TIMING: total=2.8s | estimate_prob=2.4s (86%) | cost_grad=0.0s (0%) | other=0.4s
    Finding equilibrium with integration (dur=10)...
    Finding equilibrium with integration (dur=10)...
    Finding equilibrium with integration (dur=10)...
    Finding equilibrium with integration (dur=10)...
    Finding equilibrium with integration (dur=10)...
    Finding equilibrium with integration (dur=10)...
    Finding equilibrium with integration (dur=10)...
    Finding equilibrium with integration (dur=10)...
    Finding equilibrium with integration (dur=10)...
    Finding equilibrium with integration (dur=10)...
[0390]    5.387 | 0.500 0.250 0.250 0.000 0.000 | 1.000 | 0.230 0.000
    TIMING: total=2.8s | estimate_prob=2.4s (86%) | cost_grad=0.0s (0%) | other=0.4s
    Finding equilibrium with integration (dur=10)...
    Finding equilibrium with integration (dur=10)...
    Finding equilibrium with integration (dur=10)...
    Finding equilibrium with integration (dur=10)...
    Finding equilibrium with integration (dur=10)...
    Finding equilibrium with integration (dur=10)...
    Finding equilibrium with integration (dur=10)...
    Finding equilibrium with integration (dur=10)...
    Finding equilibrium with integration (dur=10)...
    [Epoch 400] DEBUG SPARSE UPDATE:
      dWC: sum=-0.000000, nnz=187
      WC before: sum=-818.0000, nnz=1997
      WC after: sum=-818.0000, nnz=1997, change=0.000000
    Finding equilibrium with integration (dur=10)...
[0400]   14.083 | 0.250 0.000 0.250 0.000 0.500 | 1.000 | 0.448 0.000
    TIMING: total=3.0s | estimate_prob=2.5s (86%) | cost_grad=0.0s (0%) | other=0.4s
    Finding equilibrium with integration (dur=10)...
    Finding equilibrium with integration (dur=10)...
    Finding equilibrium with integration (dur=10)...
    Finding equilibrium with integration (dur=10)...
    Finding equilibrium with integration (dur=10)...
    Finding equilibrium with integration (dur=10)...
    Finding equilibrium with integration (dur=10)...
    Finding equilibrium with integration (dur=10)...
    Finding equilibrium with integration (dur=10)...
    Finding equilibrium with integration (dur=10)...
[0410]   11.109 | 0.750 0.250 0.000 0.000 0.000 | 1.000 | 0.406 0.000
    TIMING: total=2.7s | estimate_prob=2.3s (86%) | cost_grad=0.0s (0%) | other=0.4s
    Finding equilibrium with integration (dur=10)...
    Finding equilibrium with integration (dur=10)...
    Finding equilibrium with integration (dur=10)...
    Finding equilibrium with integration (dur=10)...
    Finding equilibrium with integration (dur=10)...
    Finding equilibrium with integration (dur=10)...
    Finding equilibrium with integration (dur=10)...
    Finding equilibrium with integration (dur=10)...
    Finding equilibrium with integration (dur=10)...
    Finding equilibrium with integration (dur=10)...
[0420]   22.539 | 0.000 0.750 0.000 0.000 0.000 | 0.750 | 0.692 0.000
    TIMING: total=2.7s | estimate_prob=2.3s (86%) | cost_grad=0.0s (0%) | other=0.4s
    Finding equilibrium with integration (dur=10)...
    Finding equilibrium with integration (dur=10)...
    Finding equilibrium with integration (dur=10)...
    Finding equilibrium with integration (dur=10)...
    Finding equilibrium with integration (dur=10)...
    Finding equilibrium with integration (dur=10)...
    Finding equilibrium with integration (dur=10)...
    Finding equilibrium with integration (dur=10)...
    Finding equilibrium with integration (dur=10)...
    Finding equilibrium with integration (dur=10)...
[0430]   11.762 | 0.250 0.000 0.500 0.250 0.000 | 1.000 | 0.454 0.000
    TIMING: total=2.8s | estimate_prob=2.4s (86%) | cost_grad=0.0s (0%) | other=0.4s
    Finding equilibrium with integration (dur=10)...
    Finding equilibrium with integration (dur=10)...
    Finding equilibrium with integration (dur=10)...
    Finding equilibrium with integration (dur=10)...
    Finding equilibrium with integration (dur=10)...
    Finding equilibrium with integration (dur=10)...
    Finding equilibrium with integration (dur=10)...
    Finding equilibrium with integration (dur=10)...
    Finding equilibrium with integration (dur=10)...
    Finding equilibrium with integration (dur=10)...
[0440]   12.844 | 0.000 0.500 0.250 0.250 0.000 | 1.000 | 0.344 0.000
    TIMING: total=2.8s | estimate_prob=2.4s (86%) | cost_grad=0.0s (0%) | other=0.4s
    Finding equilibrium with integration (dur=10)...
    Finding equilibrium with integration (dur=10)...
    Finding equilibrium with integration (dur=10)...
    Finding equilibrium with integration (dur=10)...
    Finding equilibrium with integration (dur=10)...
    Finding equilibrium with integration (dur=10)...
    Finding equilibrium with integration (dur=10)...
    Finding equilibrium with integration (dur=10)...
    Finding equilibrium with integration (dur=10)...
    Finding equilibrium with integration (dur=10)...
[0450]   22.450 | 0.000 1.000 0.000 0.000 0.000 | 1.000 | 0.692 0.000
    TIMING: total=2.8s | estimate_prob=2.4s (86%) | cost_grad=0.0s (0%) | other=0.4s
    Finding equilibrium with integration (dur=10)...
    Finding equilibrium with integration (dur=10)...
    Finding equilibrium with integration (dur=10)...
    Finding equilibrium with integration (dur=10)...
    Finding equilibrium with integration (dur=10)...
    Finding equilibrium with integration (dur=10)...
    Finding equilibrium with integration (dur=10)...
    Finding equilibrium with integration (dur=10)...
    Finding equilibrium with integration (dur=10)...
    Finding equilibrium with integration (dur=10)...
[0460]   16.822 | 0.000 0.250 0.750 0.000 0.000 | 1.000 | 0.573 0.000
    TIMING: total=2.8s | estimate_prob=2.4s (86%) | cost_grad=0.0s (0%) | other=0.4s
    Finding equilibrium with integration (dur=10)...
    Finding equilibrium with integration (dur=10)...
    Finding equilibrium with integration (dur=10)...
    Finding equilibrium with integration (dur=10)...
    Finding equilibrium with integration (dur=10)...
    Finding equilibrium with integration (dur=10)...
    Finding equilibrium with integration (dur=10)...
    Finding equilibrium with integration (dur=10)...
    Finding equilibrium with integration (dur=10)...
    Finding equilibrium with integration (dur=10)...
[0470]   22.539 | 0.000 0.750 0.000 0.000 0.000 | 0.750 | 0.520 0.000
    TIMING: total=2.8s | estimate_prob=2.4s (86%) | cost_grad=0.0s (0%) | other=0.4s
    Finding equilibrium with integration (dur=10)...
    Finding equilibrium with integration (dur=10)...
    Finding equilibrium with integration (dur=10)...
    Finding equilibrium with integration (dur=10)...
    Finding equilibrium with integration (dur=10)...
    Finding equilibrium with integration (dur=10)...
    Finding equilibrium with integration (dur=10)...
    Finding equilibrium with integration (dur=10)...
    Finding equilibrium with integration (dur=10)...
    Finding equilibrium with integration (dur=10)...
[0480]   19.980 | 0.250 0.000 0.000 0.000 0.250 | 0.500 | 0.698 0.000
    TIMING: total=2.8s | estimate_prob=2.4s (86%) | cost_grad=0.0s (0%) | other=0.4s
    Finding equilibrium with integration (dur=10)...
    Finding equilibrium with integration (dur=10)...
    Finding equilibrium with integration (dur=10)...
    Finding equilibrium with integration (dur=10)...
    Finding equilibrium with integration (dur=10)...
    Finding equilibrium with integration (dur=10)...
    Finding equilibrium with integration (dur=10)...
    Finding equilibrium with integration (dur=10)...
    Finding equilibrium with integration (dur=10)...
    Finding equilibrium with integration (dur=10)...
[0490]    7.528 | 0.250 0.250 0.000 0.250 0.000 | 0.750 | 0.329 0.000
    TIMING: total=2.8s | estimate_prob=2.4s (86%) | cost_grad=0.0s (0%) | other=0.4s
    Finding equilibrium with integration (dur=10)...
    Finding equilibrium with integration (dur=10)...
    Finding equilibrium with integration (dur=10)...
    Finding equilibrium with integration (dur=10)...
    Finding equilibrium with integration (dur=10)...
    Finding equilibrium with integration (dur=10)...
    Finding equilibrium with integration (dur=10)...
    Finding equilibrium with integration (dur=10)...
    Finding equilibrium with integration (dur=10)...
    [Epoch 500] DEBUG SPARSE UPDATE:
      dWC: sum=-0.000000, nnz=187
      WC before: sum=-818.0000, nnz=2005
      WC after: sum=-818.0000, nnz=2005, change=0.000000
    Finding equilibrium with integration (dur=10)...
[0500]   18.788 | 0.000 0.250 0.000 0.750 0.000 | 1.000 | 0.631 0.000
    TIMING: total=2.8s | estimate_prob=2.4s (86%) | cost_grad=0.0s (0%) | other=0.4s
    Finding equilibrium with integration (dur=10)...
    Finding equilibrium with integration (dur=10)...
    Finding equilibrium with integration (dur=10)...
    Finding equilibrium with integration (dur=10)...
    Finding equilibrium with integration (dur=10)...
    Finding equilibrium with integration (dur=10)...
    Finding equilibrium with integration (dur=10)...
    Finding equilibrium with integration (dur=10)...
    Finding equilibrium with integration (dur=10)...
    Finding equilibrium with integration (dur=10)...
[0510]   21.228 | 1.000 0.000 0.000 0.000 0.000 | 1.000 | 0.656 0.000
    TIMING: total=2.8s | estimate_prob=2.4s (86%) | cost_grad=0.0s (0%) | other=0.4s
    Finding equilibrium with integration (dur=10)...
    Finding equilibrium with integration (dur=10)...
    Finding equilibrium with integration (dur=10)...
    Finding equilibrium with integration (dur=10)...
    Finding equilibrium with integration (dur=10)...
    Finding equilibrium with integration (dur=10)...
    Finding equilibrium with integration (dur=10)...
    Finding equilibrium with integration (dur=10)...
    Finding equilibrium with integration (dur=10)...
    Finding equilibrium with integration (dur=10)...
[0520]   22.450 | 0.000 1.000 0.000 0.000 0.000 | 1.000 | 0.692 0.000
    TIMING: total=2.8s | estimate_prob=2.4s (85%) | cost_grad=0.0s (0%) | other=0.4s
    Finding equilibrium with integration (dur=10)...
    Finding equilibrium with integration (dur=10)...
    Finding equilibrium with integration (dur=10)...
    Finding equilibrium with integration (dur=10)...
    Finding equilibrium with integration (dur=10)...
    Finding equilibrium with integration (dur=10)...
    Finding equilibrium with integration (dur=10)...
    Finding equilibrium with integration (dur=10)...
    Finding equilibrium with integration (dur=10)...
    Finding equilibrium with integration (dur=10)...
[0530]   23.070 | 0.000 0.000 0.500 0.500 0.000 | 1.000 | 0.704 0.000
    TIMING: total=2.8s | estimate_prob=2.4s (85%) | cost_grad=0.0s (0%) | other=0.4s
    Finding equilibrium with integration (dur=10)...
    Finding equilibrium with integration (dur=10)...
    Finding equilibrium with integration (dur=10)...
    Finding equilibrium with integration (dur=10)...
    Finding equilibrium with integration (dur=10)...
    Finding equilibrium with integration (dur=10)...
    Finding equilibrium with integration (dur=10)...
    Finding equilibrium with integration (dur=10)...
    Finding equilibrium with integration (dur=10)...
    Finding equilibrium with integration (dur=10)...
[0540]   16.894 | 0.000 0.250 0.500 0.000 0.000 | 0.750 | 0.344 0.000
    TIMING: total=2.8s | estimate_prob=2.4s (86%) | cost_grad=0.0s (0%) | other=0.4s
    Finding equilibrium with integration (dur=10)...
    Finding equilibrium with integration (dur=10)...
    Finding equilibrium with integration (dur=10)...
    Finding equilibrium with integration (dur=10)...
    Finding equilibrium with integration (dur=10)...
    Finding equilibrium with integration (dur=10)...
    Finding equilibrium with integration (dur=10)...
    Finding equilibrium with integration (dur=10)...
    Finding equilibrium with integration (dur=10)...
    Finding equilibrium with integration (dur=10)...
[0550]   22.450 | 0.000 1.000 0.000 0.000 0.000 | 1.000 | 0.692 0.000
    TIMING: total=2.9s | estimate_prob=2.5s (86%) | cost_grad=0.0s (0%) | other=0.4s
    Finding equilibrium with integration (dur=10)...
    Finding equilibrium with integration (dur=10)...
    Finding equilibrium with integration (dur=10)...
    Finding equilibrium with integration (dur=10)...
    Finding equilibrium with integration (dur=10)...
    Finding equilibrium with integration (dur=10)...
    Finding equilibrium with integration (dur=10)...
    Finding equilibrium with integration (dur=10)...
    Finding equilibrium with integration (dur=10)...
    Finding equilibrium with integration (dur=10)...
[0560]   15.720 | 0.250 0.000 0.500 0.000 0.000 | 0.750 | 0.323 0.000
    TIMING: total=2.8s | estimate_prob=2.4s (85%) | cost_grad=0.0s (0%) | other=0.4s
    Finding equilibrium with integration (dur=10)...
    Finding equilibrium with integration (dur=10)...
    Finding equilibrium with integration (dur=10)...
    Finding equilibrium with integration (dur=10)...
    Finding equilibrium with integration (dur=10)...
    Finding equilibrium with integration (dur=10)...
    Finding equilibrium with integration (dur=10)...
    Finding equilibrium with integration (dur=10)...
    Finding equilibrium with integration (dur=10)...
    Finding equilibrium with integration (dur=10)...
[0570]   15.465 | 0.750 0.000 0.250 0.000 0.000 | 1.000 | 0.480 0.000
    TIMING: total=2.8s | estimate_prob=2.4s (86%) | cost_grad=0.0s (0%) | other=0.4s
    Finding equilibrium with integration (dur=10)...
    Finding equilibrium with integration (dur=10)...
    Finding equilibrium with integration (dur=10)...
    Finding equilibrium with integration (dur=10)...
    Finding equilibrium with integration (dur=10)...
    Finding equilibrium with integration (dur=10)...
    Finding equilibrium with integration (dur=10)...
    Finding equilibrium with integration (dur=10)...
    Finding equilibrium with integration (dur=10)...
    Finding equilibrium with integration (dur=10)...
[0580]   11.273 | 0.250 0.500 0.000 0.000 0.000 | 0.750 | 0.442 0.000
    TIMING: total=2.9s | estimate_prob=2.5s (86%) | cost_grad=0.0s (0%) | other=0.4s
    Finding equilibrium with integration (dur=10)...
    Finding equilibrium with integration (dur=10)...
    Finding equilibrium with integration (dur=10)...
    Finding equilibrium with integration (dur=10)...
    Finding equilibrium with integration (dur=10)...
    Finding equilibrium with integration (dur=10)...
    Finding equilibrium with integration (dur=10)...
    Finding equilibrium with integration (dur=10)...
    Finding equilibrium with integration (dur=10)...
    Finding equilibrium with integration (dur=10)...
[0590]   15.465 | 0.750 0.000 0.250 0.000 0.000 | 1.000 | 0.480 0.000
    TIMING: total=2.9s | estimate_prob=2.5s (86%) | cost_grad=0.0s (0%) | other=0.4s
    Finding equilibrium with integration (dur=10)...
    Finding equilibrium with integration (dur=10)...
    Finding equilibrium with integration (dur=10)...
    Finding equilibrium with integration (dur=10)...
    Finding equilibrium with integration (dur=10)...
    Finding equilibrium with integration (dur=10)...
    Finding equilibrium with integration (dur=10)...
    Finding equilibrium with integration (dur=10)...
    Finding equilibrium with integration (dur=10)...
    [Epoch 600] DEBUG SPARSE UPDATE:
      dWC: sum=-0.000000, nnz=187
      WC before: sum=-818.0000, nnz=2011
      WC after: sum=-818.0000, nnz=2011, change=0.000000
    Finding equilibrium with integration (dur=10)...
[0600]   15.465 | 0.750 0.000 0.250 0.000 0.000 | 1.000 | 0.480 0.000
    TIMING: total=2.8s | estimate_prob=2.4s (86%) | cost_grad=0.0s (0%) | other=0.4s
    Finding equilibrium with integration (dur=10)...
    Finding equilibrium with integration (dur=10)...
    Finding equilibrium with integration (dur=10)...
    Finding equilibrium with integration (dur=10)...
    Finding equilibrium with integration (dur=10)...
    Finding equilibrium with integration (dur=10)...
    Finding equilibrium with integration (dur=10)...
    Finding equilibrium with integration (dur=10)...
    Finding equilibrium with integration (dur=10)...
    Finding equilibrium with integration (dur=10)...
[0610]   17.507 | 0.500 0.000 0.000 0.250 0.000 | 0.750 | 0.381 0.000
    TIMING: total=2.8s | estimate_prob=2.4s (86%) | cost_grad=0.0s (0%) | other=0.4s
    Finding equilibrium with integration (dur=10)...
    Finding equilibrium with integration (dur=10)...
    Finding equilibrium with integration (dur=10)...
    Finding equilibrium with integration (dur=10)...
    Finding equilibrium with integration (dur=10)...
    Finding equilibrium with integration (dur=10)...
    Finding equilibrium with integration (dur=10)...
    Finding equilibrium with integration (dur=10)...
    Finding equilibrium with integration (dur=10)...
    Finding equilibrium with integration (dur=10)...
[0620]   17.195 | 0.000 0.250 0.000 0.250 0.250 | 0.750 | 0.579 0.000
    TIMING: total=2.8s | estimate_prob=2.4s (86%) | cost_grad=0.0s (0%) | other=0.4s
    Finding equilibrium with integration (dur=10)...
    Finding equilibrium with integration (dur=10)...
    Finding equilibrium with integration (dur=10)...
    Finding equilibrium with integration (dur=10)...
    Finding equilibrium with integration (dur=10)...
    Finding equilibrium with integration (dur=10)...
    Finding equilibrium with integration (dur=10)...
    Finding equilibrium with integration (dur=10)...
    Finding equilibrium with integration (dur=10)...
    Finding equilibrium with integration (dur=10)...
[0630]   16.894 | 0.000 0.250 0.500 0.000 0.000 | 0.750 | 0.344 0.000
    TIMING: total=2.9s | estimate_prob=2.5s (86%) | cost_grad=0.0s (0%) | other=0.4s
    Finding equilibrium with integration (dur=10)...
    Finding equilibrium with integration (dur=10)...
    Finding equilibrium with integration (dur=10)...
    Finding equilibrium with integration (dur=10)...
    Finding equilibrium with integration (dur=10)...
    Finding equilibrium with integration (dur=10)...
    Finding equilibrium with integration (dur=10)...
    Finding equilibrium with integration (dur=10)...
    Finding equilibrium with integration (dur=10)...
    Finding equilibrium with integration (dur=10)...
[0640]   21.228 | 1.000 0.000 0.000 0.000 0.000 | 1.000 | 0.656 0.000
    TIMING: total=2.9s | estimate_prob=2.5s (86%) | cost_grad=0.0s (0%) | other=0.4s
    Finding equilibrium with integration (dur=10)...
    Finding equilibrium with integration (dur=10)...
    Finding equilibrium with integration (dur=10)...
    Finding equilibrium with integration (dur=10)...
    Finding equilibrium with integration (dur=10)...
    Finding equilibrium with integration (dur=10)...
    Finding equilibrium with integration (dur=10)...
    Finding equilibrium with integration (dur=10)...
    Finding equilibrium with integration (dur=10)...
    Finding equilibrium with integration (dur=10)...
[0650]   16.678 | 0.000 0.750 0.250 0.000 0.000 | 1.000 | 0.442 0.000
    TIMING: total=2.9s | estimate_prob=2.5s (86%) | cost_grad=0.0s (0%) | other=0.4s
    Finding equilibrium with integration (dur=10)...
    Finding equilibrium with integration (dur=10)...
    Finding equilibrium with integration (dur=10)...
    Finding equilibrium with integration (dur=10)...
    Finding equilibrium with integration (dur=10)...
    Finding equilibrium with integration (dur=10)...
    Finding equilibrium with integration (dur=10)...
    Finding equilibrium with integration (dur=10)...
    Finding equilibrium with integration (dur=10)...
    Finding equilibrium with integration (dur=10)...
[0660]   15.465 | 0.750 0.000 0.250 0.000 0.000 | 1.000 | 0.480 0.000
    TIMING: total=2.8s | estimate_prob=2.4s (86%) | cost_grad=0.0s (0%) | other=0.4s
    Finding equilibrium with integration (dur=10)...
    Finding equilibrium with integration (dur=10)...
    Finding equilibrium with integration (dur=10)...
    Finding equilibrium with integration (dur=10)...
    Finding equilibrium with integration (dur=10)...
    Finding equilibrium with integration (dur=10)...
    Finding equilibrium with integration (dur=10)...
    Finding equilibrium with integration (dur=10)...
    Finding equilibrium with integration (dur=10)...
    Finding equilibrium with integration (dur=10)...
[0670]   18.788 | 0.000 0.250 0.000 0.750 0.000 | 1.000 | 0.631 0.000
    TIMING: total=2.8s | estimate_prob=2.4s (86%) | cost_grad=0.0s (0%) | other=0.4s
    Finding equilibrium with integration (dur=10)...
    Finding equilibrium with integration (dur=10)...
    Finding equilibrium with integration (dur=10)...
    Finding equilibrium with integration (dur=10)...
    Finding equilibrium with integration (dur=10)...
    Finding equilibrium with integration (dur=10)...
    Finding equilibrium with integration (dur=10)...
    Finding equilibrium with integration (dur=10)...
    Finding equilibrium with integration (dur=10)...
    Finding equilibrium with integration (dur=10)...
[0680]   15.482 | 0.500 0.000 0.500 0.000 0.000 | 1.000 | 0.480 0.000
    TIMING: total=2.9s | estimate_prob=2.5s (86%) | cost_grad=0.0s (0%) | other=0.4s
    Finding equilibrium with integration (dur=10)...
    Finding equilibrium with integration (dur=10)...
    Finding equilibrium with integration (dur=10)...
    Finding equilibrium with integration (dur=10)...
    Finding equilibrium with integration (dur=10)...
    Finding equilibrium with integration (dur=10)...
    Finding equilibrium with integration (dur=10)...
    Finding equilibrium with integration (dur=10)...
    Finding equilibrium with integration (dur=10)...
    Finding equilibrium with integration (dur=10)...
[0690]   21.228 | 1.000 0.000 0.000 0.000 0.000 | 1.000 | 0.656 0.000
    TIMING: total=2.9s | estimate_prob=2.5s (86%) | cost_grad=0.0s (0%) | other=0.4s
    Finding equilibrium with integration (dur=10)...
    Finding equilibrium with integration (dur=10)...
    Finding equilibrium with integration (dur=10)...
    Finding equilibrium with integration (dur=10)...
    Finding equilibrium with integration (dur=10)...
    Finding equilibrium with integration (dur=10)...
    Finding equilibrium with integration (dur=10)...
    Finding equilibrium with integration (dur=10)...
    Finding equilibrium with integration (dur=10)...
    [Epoch 700] DEBUG SPARSE UPDATE:
      dWC: sum=-0.000000, nnz=187
      WC before: sum=-818.0000, nnz=2019
      WC after: sum=-818.0000, nnz=2019, change=0.000000
    Finding equilibrium with integration (dur=10)...
[0700]   15.482 | 0.500 0.000 0.500 0.000 0.000 | 1.000 | 0.480 0.000
    TIMING: total=3.6s | estimate_prob=3.0s (82%) | cost_grad=0.0s (0%) | other=0.6s
    Finding equilibrium with integration (dur=10)...
    Finding equilibrium with integration (dur=10)...
    Finding equilibrium with integration (dur=10)...
    Finding equilibrium with integration (dur=10)...
    Finding equilibrium with integration (dur=10)...
    Finding equilibrium with integration (dur=10)...
    Finding equilibrium with integration (dur=10)...
    Finding equilibrium with integration (dur=10)...
    Finding equilibrium with integration (dur=10)...
    Finding equilibrium with integration (dur=10)...
[0710]   12.975 | 0.000 0.250 0.250 0.500 0.000 | 1.000 | 0.454 0.000
    TIMING: total=2.9s | estimate_prob=2.5s (86%) | cost_grad=0.0s (0%) | other=0.4s
    Finding equilibrium with integration (dur=10)...
    Finding equilibrium with integration (dur=10)...
    Finding equilibrium with integration (dur=10)...
    Finding equilibrium with integration (dur=10)...
    Finding equilibrium with integration (dur=10)...
    Finding equilibrium with integration (dur=10)...
    Finding equilibrium with integration (dur=10)...
    Finding equilibrium with integration (dur=10)...
    Finding equilibrium with integration (dur=10)...
    Finding equilibrium with integration (dur=10)...
[0720]   28.971 | 0.000 0.000 0.000 1.000 0.000 | 1.000 | 0.881 0.000
    TIMING: total=2.8s | estimate_prob=2.4s (85%) | cost_grad=0.0s (0%) | other=0.4s
    Finding equilibrium with integration (dur=10)...
    Finding equilibrium with integration (dur=10)...
    Finding equilibrium with integration (dur=10)...
    Finding equilibrium with integration (dur=10)...
    Finding equilibrium with integration (dur=10)...
    Finding equilibrium with integration (dur=10)...
    Finding equilibrium with integration (dur=10)...
    Finding equilibrium with integration (dur=10)...
    Finding equilibrium with integration (dur=10)...
    Finding equilibrium with integration (dur=10)...
[0730]    5.387 | 0.500 0.250 0.250 0.000 0.000 | 1.000 | 0.230 0.000
    TIMING: total=3.0s | estimate_prob=2.5s (86%) | cost_grad=0.0s (0%) | other=0.4s
    Finding equilibrium with integration (dur=10)...
    Finding equilibrium with integration (dur=10)...
    Finding equilibrium with integration (dur=10)...
    Finding equilibrium with integration (dur=10)...
    Finding equilibrium with integration (dur=10)...
    Finding equilibrium with integration (dur=10)...
    Finding equilibrium with integration (dur=10)...
    Finding equilibrium with integration (dur=10)...
    Finding equilibrium with integration (dur=10)...
    Finding equilibrium with integration (dur=10)...
[0740]    5.411 | 0.250 0.500 0.250 0.000 0.000 | 1.000 | 0.192 0.000
    TIMING: total=2.8s | estimate_prob=2.4s (86%) | cost_grad=0.0s (0%) | other=0.4s
    Finding equilibrium with integration (dur=10)...
    Finding equilibrium with integration (dur=10)...
    Finding equilibrium with integration (dur=10)...
    Finding equilibrium with integration (dur=10)...
    Finding equilibrium with integration (dur=10)...
    Finding equilibrium with integration (dur=10)...
    Finding equilibrium with integration (dur=10)...
    Finding equilibrium with integration (dur=10)...
    Finding equilibrium with integration (dur=10)...
    Finding equilibrium with integration (dur=10)...
[0750]   21.228 | 1.000 0.000 0.000 0.000 0.000 | 1.000 | 0.656 0.000
    TIMING: total=2.8s | estimate_prob=2.4s (86%) | cost_grad=0.0s (0%) | other=0.4s
    Finding equilibrium with integration (dur=10)...
    Finding equilibrium with integration (dur=10)...
    Finding equilibrium with integration (dur=10)...
    Finding equilibrium with integration (dur=10)...
    Finding equilibrium with integration (dur=10)...
    Finding equilibrium with integration (dur=10)...
    Finding equilibrium with integration (dur=10)...
    Finding equilibrium with integration (dur=10)...
    Finding equilibrium with integration (dur=10)...
    Finding equilibrium with integration (dur=10)...
[0760]   12.844 | 0.000 0.500 0.250 0.250 0.000 | 1.000 | 0.344 0.000
    TIMING: total=2.8s | estimate_prob=2.4s (86%) | cost_grad=0.0s (0%) | other=0.4s
    Finding equilibrium with integration (dur=10)...
    Finding equilibrium with integration (dur=10)...
    Finding equilibrium with integration (dur=10)...
    Finding equilibrium with integration (dur=10)...
    Finding equilibrium with integration (dur=10)...
    Finding equilibrium with integration (dur=10)...
    Finding equilibrium with integration (dur=10)...
    Finding equilibrium with integration (dur=10)...
    Finding equilibrium with integration (dur=10)...
    Finding equilibrium with integration (dur=10)...
[0770]    5.387 | 0.500 0.250 0.250 0.000 0.000 | 1.000 | 0.230 0.000
    TIMING: total=2.8s | estimate_prob=2.4s (86%) | cost_grad=0.0s (0%) | other=0.4s
    Finding equilibrium with integration (dur=10)...
    Finding equilibrium with integration (dur=10)...
    Finding equilibrium with integration (dur=10)...
    Finding equilibrium with integration (dur=10)...
    Finding equilibrium with integration (dur=10)...
    Finding equilibrium with integration (dur=10)...
    Finding equilibrium with integration (dur=10)...
    Finding equilibrium with integration (dur=10)...
    Finding equilibrium with integration (dur=10)...
    Finding equilibrium with integration (dur=10)...
[0780]    1.667 | 0.250 0.250 0.250 0.250 0.000 | 1.000 | 0.204 0.000
    TIMING: total=2.9s | estimate_prob=2.5s (86%) | cost_grad=0.0s (0%) | other=0.4s
    Finding equilibrium with integration (dur=10)...
    Finding equilibrium with integration (dur=10)...
    Finding equilibrium with integration (dur=10)...
    Finding equilibrium with integration (dur=10)...
    Finding equilibrium with integration (dur=10)...
    Finding equilibrium with integration (dur=10)...
    Finding equilibrium with integration (dur=10)...
    Finding equilibrium with integration (dur=10)...
    Finding equilibrium with integration (dur=10)...
    Finding equilibrium with integration (dur=10)...
[0790]   15.648 | 0.250 0.000 0.750 0.000 0.000 | 1.000 | 0.573 0.000
    TIMING: total=2.8s | estimate_prob=2.4s (86%) | cost_grad=0.0s (0%) | other=0.4s
    Finding equilibrium with integration (dur=10)...
    Finding equilibrium with integration (dur=10)...
    Finding equilibrium with integration (dur=10)...
    Finding equilibrium with integration (dur=10)...
    Finding equilibrium with integration (dur=10)...
    Finding equilibrium with integration (dur=10)...
    Finding equilibrium with integration (dur=10)...
    Finding equilibrium with integration (dur=10)...
    Finding equilibrium with integration (dur=10)...
    [Epoch 800] DEBUG SPARSE UPDATE:
      dWC: sum=-0.000000, nnz=191
      WC before: sum=-818.0000, nnz=2023
      WC after: sum=-818.0000, nnz=2023, change=0.000000
    Finding equilibrium with integration (dur=10)...
[0800]   17.507 | 0.500 0.000 0.000 0.250 0.000 | 0.750 | 0.329 0.000
    TIMING: total=2.8s | estimate_prob=2.4s (86%) | cost_grad=0.0s (0%) | other=0.4s
    Finding equilibrium with integration (dur=10)...
    Finding equilibrium with integration (dur=10)...
    Finding equilibrium with integration (dur=10)...
    Finding equilibrium with integration (dur=10)...
    Finding equilibrium with integration (dur=10)...
    Finding equilibrium with integration (dur=10)...
    Finding equilibrium with integration (dur=10)...
    Finding equilibrium with integration (dur=10)...
    Finding equilibrium with integration (dur=10)...
    Finding equilibrium with integration (dur=10)...
[0810]   23.144 | 0.000 0.000 0.250 0.750 0.000 | 1.000 | 0.704 0.000
    TIMING: total=2.8s | estimate_prob=2.4s (86%) | cost_grad=0.0s (0%) | other=0.4s
    Finding equilibrium with integration (dur=10)...
    Finding equilibrium with integration (dur=10)...
    Finding equilibrium with integration (dur=10)...
    Finding equilibrium with integration (dur=10)...
    Finding equilibrium with integration (dur=10)...
    Finding equilibrium with integration (dur=10)...
    Finding equilibrium with integration (dur=10)...
    Finding equilibrium with integration (dur=10)...
    Finding equilibrium with integration (dur=10)...
    Finding equilibrium with integration (dur=10)...
[0820]   29.006 | 0.000 0.000 0.000 0.750 0.000 | 0.750 | 0.631 0.000
    TIMING: total=2.8s | estimate_prob=2.4s (86%) | cost_grad=0.0s (0%) | other=0.4s
    Finding equilibrium with integration (dur=10)...
    Finding equilibrium with integration (dur=10)...
    Finding equilibrium with integration (dur=10)...
    Finding equilibrium with integration (dur=10)...
    Finding equilibrium with integration (dur=10)...
    Finding equilibrium with integration (dur=10)...
    Finding equilibrium with integration (dur=10)...
    Finding equilibrium with integration (dur=10)...
    Finding equilibrium with integration (dur=10)...
    Finding equilibrium with integration (dur=10)...
[0830]   11.148 | 0.250 0.750 0.000 0.000 0.000 | 1.000 | 0.442 0.000
    TIMING: total=2.8s | estimate_prob=2.4s (86%) | cost_grad=0.0s (0%) | other=0.4s
    Finding equilibrium with integration (dur=10)...
    Finding equilibrium with integration (dur=10)...
    Finding equilibrium with integration (dur=10)...
    Finding equilibrium with integration (dur=10)...
    Finding equilibrium with integration (dur=10)...
    Finding equilibrium with integration (dur=10)...
    Finding equilibrium with integration (dur=10)...
    Finding equilibrium with integration (dur=10)...
    Finding equilibrium with integration (dur=10)...
    Finding equilibrium with integration (dur=10)...
[0840]   20.904 | 0.000 0.500 0.000 0.000 0.500 | 1.000 | 0.640 0.000
    TIMING: total=3.0s | estimate_prob=2.5s (86%) | cost_grad=0.0s (0%) | other=0.4s
    Finding equilibrium with integration (dur=10)...
    Finding equilibrium with integration (dur=10)...
    Finding equilibrium with integration (dur=10)...
    Finding equilibrium with integration (dur=10)...
    Finding equilibrium with integration (dur=10)...
    Finding equilibrium with integration (dur=10)...
    Finding equilibrium with integration (dur=10)...
    Finding equilibrium with integration (dur=10)...
    Finding equilibrium with integration (dur=10)...
    Finding equilibrium with integration (dur=10)...
[0850]   15.604 | 0.500 0.000 0.250 0.000 0.000 | 0.750 | 0.308 0.000
    TIMING: total=2.8s | estimate_prob=2.4s (86%) | cost_grad=0.0s (0%) | other=0.4s
    Finding equilibrium with integration (dur=10)...
    Finding equilibrium with integration (dur=10)...
    Finding equilibrium with integration (dur=10)...
    Finding equilibrium with integration (dur=10)...
    Finding equilibrium with integration (dur=10)...
    Finding equilibrium with integration (dur=10)...
    Finding equilibrium with integration (dur=10)...
    Finding equilibrium with integration (dur=10)...
    Finding equilibrium with integration (dur=10)...
    Finding equilibrium with integration (dur=10)...
[0860]   11.148 | 0.250 0.750 0.000 0.000 0.000 | 1.000 | 0.442 0.000
    TIMING: total=2.9s | estimate_prob=2.5s (86%) | cost_grad=0.0s (0%) | other=0.4s
    Finding equilibrium with integration (dur=10)...
    Finding equilibrium with integration (dur=10)...
    Finding equilibrium with integration (dur=10)...
    Finding equilibrium with integration (dur=10)...
    Finding equilibrium with integration (dur=10)...
    Finding equilibrium with integration (dur=10)...
    Finding equilibrium with integration (dur=10)...
    Finding equilibrium with integration (dur=10)...
    Finding equilibrium with integration (dur=10)...
    Finding equilibrium with integration (dur=10)...
[0870]   11.334 | 0.000 0.250 0.250 0.250 0.250 | 1.000 | 0.344 0.000
    TIMING: total=2.9s | estimate_prob=2.5s (86%) | cost_grad=0.0s (0%) | other=0.4s
    Finding equilibrium with integration (dur=10)...
    Finding equilibrium with integration (dur=10)...
    Finding equilibrium with integration (dur=10)...
    Finding equilibrium with integration (dur=10)...
    Finding equilibrium with integration (dur=10)...
    Finding equilibrium with integration (dur=10)...
    Finding equilibrium with integration (dur=10)...
    Finding equilibrium with integration (dur=10)...
    Finding equilibrium with integration (dur=10)...
    Finding equilibrium with integration (dur=10)...
[0880]   18.623 | 0.000 0.500 0.000 0.500 0.000 | 1.000 | 0.520 0.000
    TIMING: total=2.9s | estimate_prob=2.5s (86%) | cost_grad=0.0s (0%) | other=0.4s
    Finding equilibrium with integration (dur=10)...
    Finding equilibrium with integration (dur=10)...
    Finding equilibrium with integration (dur=10)...
    Finding equilibrium with integration (dur=10)...
    Finding equilibrium with integration (dur=10)...
    Finding equilibrium with integration (dur=10)...
    Finding equilibrium with integration (dur=10)...
    Finding equilibrium with integration (dur=10)...
    Finding equilibrium with integration (dur=10)...
    Finding equilibrium with integration (dur=10)...
[0890]   18.581 | 0.000 0.750 0.000 0.250 0.000 | 1.000 | 0.520 0.000
    TIMING: total=2.8s | estimate_prob=2.4s (86%) | cost_grad=0.0s (0%) | other=0.4s
    Finding equilibrium with integration (dur=10)...
    Finding equilibrium with integration (dur=10)...
    Finding equilibrium with integration (dur=10)...
    Finding equilibrium with integration (dur=10)...
    Finding equilibrium with integration (dur=10)...
    Finding equilibrium with integration (dur=10)...
    Finding equilibrium with integration (dur=10)...
    Finding equilibrium with integration (dur=10)...
    Finding equilibrium with integration (dur=10)...
    [Epoch 900] DEBUG SPARSE UPDATE:
      dWC: sum=-0.000000, nnz=187
      WC before: sum=-818.0000, nnz=2023
      WC after: sum=-818.0000, nnz=2023, change=0.000000
    Finding equilibrium with integration (dur=10)...
[0900]    5.387 | 0.500 0.250 0.250 0.000 0.000 | 1.000 | 0.230 0.000
    TIMING: total=2.8s | estimate_prob=2.4s (86%) | cost_grad=0.0s (0%) | other=0.4s
    Finding equilibrium with integration (dur=10)...
    Finding equilibrium with integration (dur=10)...
    Finding equilibrium with integration (dur=10)...
    Finding equilibrium with integration (dur=10)...
    Finding equilibrium with integration (dur=10)...
    Finding equilibrium with integration (dur=10)...
    Finding equilibrium with integration (dur=10)...
    Finding equilibrium with integration (dur=10)...
    Finding equilibrium with integration (dur=10)...
    Finding equilibrium with integration (dur=10)...
[0910]   11.035 | 0.500 0.500 0.000 0.000 0.000 | 1.000 | 0.296 0.000
    TIMING: total=2.8s | estimate_prob=2.4s (85%) | cost_grad=0.0s (0%) | other=0.4s
    Finding equilibrium with integration (dur=10)...
    Finding equilibrium with integration (dur=10)...
    Finding equilibrium with integration (dur=10)...
    Finding equilibrium with integration (dur=10)...
    Finding equilibrium with integration (dur=10)...
    Finding equilibrium with integration (dur=10)...
    Finding equilibrium with integration (dur=10)...
    Finding equilibrium with integration (dur=10)...
    Finding equilibrium with integration (dur=10)...
    Finding equilibrium with integration (dur=10)...
[0920]   15.604 | 0.500 0.000 0.250 0.000 0.000 | 0.750 | 0.308 0.000
    TIMING: total=2.8s | estimate_prob=2.4s (86%) | cost_grad=0.0s (0%) | other=0.4s
    Finding equilibrium with integration (dur=10)...
    Finding equilibrium with integration (dur=10)...
    Finding equilibrium with integration (dur=10)...
    Finding equilibrium with integration (dur=10)...
    Finding equilibrium with integration (dur=10)...
    Finding equilibrium with integration (dur=10)...
    Finding equilibrium with integration (dur=10)...
    Finding equilibrium with integration (dur=10)...
    Finding equilibrium with integration (dur=10)...
    Finding equilibrium with integration (dur=10)...
[0930]   21.228 | 1.000 0.000 0.000 0.000 0.000 | 1.000 | 0.656 0.000
    TIMING: total=2.8s | estimate_prob=2.4s (85%) | cost_grad=0.0s (0%) | other=0.4s
    Finding equilibrium with integration (dur=10)...
    Finding equilibrium with integration (dur=10)...
    Finding equilibrium with integration (dur=10)...
    Finding equilibrium with integration (dur=10)...
    Finding equilibrium with integration (dur=10)...
    Finding equilibrium with integration (dur=10)...
    Finding equilibrium with integration (dur=10)...
    Finding equilibrium with integration (dur=10)...
    Finding equilibrium with integration (dur=10)...
    Finding equilibrium with integration (dur=10)...
[0940]    3.901 | 0.250 0.250 0.250 0.000 0.250 | 1.000 | 0.198 0.000
    TIMING: total=2.9s | estimate_prob=2.5s (86%) | cost_grad=0.0s (0%) | other=0.4s
    Finding equilibrium with integration (dur=10)...
    Finding equilibrium with integration (dur=10)...
    Finding equilibrium with integration (dur=10)...
    Finding equilibrium with integration (dur=10)...
    Finding equilibrium with integration (dur=10)...
    Finding equilibrium with integration (dur=10)...
    Finding equilibrium with integration (dur=10)...
    Finding equilibrium with integration (dur=10)...
    Finding equilibrium with integration (dur=10)...
    Finding equilibrium with integration (dur=10)...
[0950]    5.387 | 0.500 0.250 0.250 0.000 0.000 | 1.000 | 0.230 0.000
    TIMING: total=2.8s | estimate_prob=2.4s (86%) | cost_grad=0.0s (0%) | other=0.4s
    Finding equilibrium with integration (dur=10)...
    Finding equilibrium with integration (dur=10)...
    Finding equilibrium with integration (dur=10)...
    Finding equilibrium with integration (dur=10)...
    Finding equilibrium with integration (dur=10)...
    Finding equilibrium with integration (dur=10)...
    Finding equilibrium with integration (dur=10)...
    Finding equilibrium with integration (dur=10)...
    Finding equilibrium with integration (dur=10)...
    Finding equilibrium with integration (dur=10)...
[0960]   15.170 | 0.000 0.250 0.500 0.000 0.250 | 1.000 | 0.344 0.000
    TIMING: total=2.9s | estimate_prob=2.5s (86%) | cost_grad=0.0s (0%) | other=0.4s
    Finding equilibrium with integration (dur=10)...
    Finding equilibrium with integration (dur=10)...
    Finding equilibrium with integration (dur=10)...
    Finding equilibrium with integration (dur=10)...
    Finding equilibrium with integration (dur=10)...
    Finding equilibrium with integration (dur=10)...
    Finding equilibrium with integration (dur=10)...
    Finding equilibrium with integration (dur=10)...
    Finding equilibrium with integration (dur=10)...
    Finding equilibrium with integration (dur=10)...
[0970]   11.035 | 0.500 0.500 0.000 0.000 0.000 | 1.000 | 0.296 0.000
    TIMING: total=2.8s | estimate_prob=2.4s (86%) | cost_grad=0.0s (0%) | other=0.4s
    Finding equilibrium with integration (dur=10)...
    Finding equilibrium with integration (dur=10)...
    Finding equilibrium with integration (dur=10)...
    Finding equilibrium with integration (dur=10)...
    Finding equilibrium with integration (dur=10)...
    Finding equilibrium with integration (dur=10)...
    Finding equilibrium with integration (dur=10)...
    Finding equilibrium with integration (dur=10)...
    Finding equilibrium with integration (dur=10)...
    Finding equilibrium with integration (dur=10)...
[0980]   15.465 | 0.750 0.000 0.250 0.000 0.000 | 1.000 | 0.480 0.000
    TIMING: total=2.8s | estimate_prob=2.4s (85%) | cost_grad=0.0s (0%) | other=0.4s
    Finding equilibrium with integration (dur=10)...
    Finding equilibrium with integration (dur=10)...
    Finding equilibrium with integration (dur=10)...
    Finding equilibrium with integration (dur=10)...
    Finding equilibrium with integration (dur=10)...
    Finding equilibrium with integration (dur=10)...
    Finding equilibrium with integration (dur=10)...
    Finding equilibrium with integration (dur=10)...
    Finding equilibrium with integration (dur=10)...
    Finding equilibrium with integration (dur=10)...
[0990]   11.109 | 0.750 0.250 0.000 0.000 0.000 | 1.000 | 0.406 0.000
    TIMING: total=2.8s | estimate_prob=2.4s (86%) | cost_grad=0.0s (0%) | other=0.4s
    Finding equilibrium with integration (dur=10)...
    Finding equilibrium with integration (dur=10)...
    Finding equilibrium with integration (dur=10)...
    Finding equilibrium with integration (dur=10)...
    Finding equilibrium with integration (dur=10)...
    Finding equilibrium with integration (dur=10)...
    Finding equilibrium with integration (dur=10)...
    Finding equilibrium with integration (dur=10)...
    Finding equilibrium with integration (dur=10)...
    [Epoch 1000] DEBUG SPARSE UPDATE:
      dWC: sum=-0.000000, nnz=187
      WC before: sum=-818.0000, nnz=2023
      WC after: sum=-818.0000, nnz=2023, change=-0.000000
    Finding equilibrium with integration (dur=10)...
[1000]   22.450 | 0.000 1.000 0.000 0.000 0.000 | 1.000 | 0.692 0.000
    TIMING: total=2.8s | estimate_prob=2.4s (86%) | cost_grad=0.0s (0%) | other=0.4s

======================================================================
Training complete!

========================================
=== WC Statistics AFTER Training ===
  WC type: sparse, nnz=2023
  WC sum: -818.000000
  WC diagonal sum: -2338.000000
  WC max: 5.860000, min: -10.000000
========================================
Final KL divergence: 16.068 (SD = 5.681)
Final production accuracy: 0.980 (SD = 0.068)

Final learned probabilities Q(S):
Sentence 0: Q = 0.335
Sentence 1: Q = 0.302
Sentence 2: Q = 0.180
Sentence 3: Q = 0.117
Sentence 4: Q = 0.045

======================================================================
DEBUG: Analyzing model structure for sparse vs dense comparison
======================================================================

======================================================================
DEBUG: WC Structure Analysis
======================================================================
  WC type: sparse
  WC nnz: 2,023
  WC sparsity: 98.7667%
  WC sum: -818.000000
  WC max: 5.860000, min: -10.000000

  Checking treelet weights:
    PP[1]:1 <-> P:0: Found 1 non-zero weights
      PP[1]:1/(1,1) <-> PP[1]:1/(1,1): -10.0000
    VP[1]:1 <-> Vi:0: NO WEIGHTS FOUND!
    S[2]:0 <-> N:0: NO WEIGHTS FOUND!

  Checking binding connectivity:
    P:0/(1,3) (idx=66): row_nnz=4, col_nnz=4, row_sum=-3.0100
    N:1/(1,4) (idx=91): row_nnz=5, col_nnz=5, row_sum=-3.9600
    PP[1]:1/(2,3) (idx=202): row_nnz=25, col_nnz=25, row_sum=4.6000
    VP[1]:1/(3,2) (idx=288): row_nnz=20, col_nnz=20, row_sum=-2.2750

  mask0 nnz: 36,450
======================================================================


======================================================================
DEBUG: Detailed parsing of 'N Vi P N' (S1)
======================================================================
Target bindings for S1: ['N:0/(1,1)', 'Vi:0/(1,2)', 'P:0/(1,3)', 'N:1/(1,4)', '@:1/(1,5)', '*N:0/(2,1)', '*Vi:0/(2,2)', 'PP[1]:1/(2,3)', '*@:1/(2,4)', '*N:0/(3,1)', 'VP[1]:1/(3,2)', '*@:1/(3,3)', 'S[2]:0/(4,1)', '*@:1/(4,2)', '#:0/(5,1)']

======================================================================
DEBUG: Parsing 'N Vi P N'
======================================================================
  WC type: sparse

  Word 1: N

  DEBUG run_word(N, pos=1):
    extC sum=4.0000, max=2.0000, nnz=2
    WC is sparse, nnz=2023
    WC.dot(actC): sum=-56.7563, max=2.2434
    Input bindings: ['N:0/(1,1)', 'N:1/(1,1)']
    After run: top 5 activations: [('N:0/(1,1)', np.float64(0.8032239673969854)), ('*N:0/(2,1)', np.float64(0.6128961755840122)), ('#:0/(5,1)', np.float64(0.527298902348581)), ('S[1]:0/(2,1)', np.float64(0.5200728844133975)), ('*@:1/(2,4)', np.float64(0.5012919408473745))]

  Word 2: Vi

  DEBUG run_word(Vi, pos=2):
    extC sum=4.0000, max=2.0000, nnz=2
    WC is sparse, nnz=2023
    WC.dot(actC): sum=-48.7459, max=3.4968
    Input bindings: ['Vi:0/(1,2)', 'Vi:1/(1,2)']
    After run: top 5 activations: [('N:0/(1,1)', np.float64(0.6939221590738597)), ('Vi:1/(1,2)', np.float64(0.6922425396892268)), ('*@:1/(2,4)', np.float64(0.635626737926594)), ('S[1]:0/(2,1)', np.float64(0.612897070893196)), ('Vi:0/(1,2)', np.float64(0.609251015946461))]

  Word 3: P

  DEBUG run_word(P, pos=3):
    extC sum=2.0000, max=2.0000, nnz=1
    WC is sparse, nnz=2023
    WC.dot(actC): sum=-33.9859, max=2.6725
    Input bindings: ['P:0/(1,3)']
    After run: top 5 activations: [('Vi:1/(1,2)', np.float64(0.8215461661563287)), ('*@:1/(2,4)', np.float64(0.8070831051749663)), ('N:0/(1,1)', np.float64(0.8013566442036524)), ('PP[1]:1/(2,3)', np.float64(0.7525286552091764)), ('P:0/(1,3)', np.float64(0.7109843165607816))]

  Word 4: N

  DEBUG run_word(N, pos=4):
    extC sum=4.0000, max=2.0000, nnz=2
    WC is sparse, nnz=2023
    WC.dot(actC): sum=-25.4754, max=3.3201
    Input bindings: ['N:0/(1,4)', 'N:1/(1,4)']
    After run: top 5 activations: [('Vi:1/(1,2)', np.float64(0.920821781011028)), ('*@:1/(2,4)', np.float64(0.8918881302910275)), ('#:0/(5,1)', np.float64(0.8641579615219258)), ('N:0/(1,1)', np.float64(0.8609655384248363)), ('*@:1/(4,2)', np.float64(0.8488454060987851))]

  Wrapup:

  Final parse (grid point): ['N:0/(1,1)', 'Vi:1/(1,2)', '@:1/(1,3)', '@:1/(1,4)', '@:1/(1,5)', 'S[1]:0/(2,1)', '*@:1/(2,2)', '*@:1/(2,3)', '*@:1/(2,4)', '#:0/(3,1)']...
  ✗ INCORRECT PARSE
    Missing: {'*Vi:0/(2,2)', 'N:1/(1,4)', 'VP[1]:1/(3,2)', '*N:0/(3,1)', '*N:0/(2,1)', 'S[2]:0/(4,1)', 'P:0/(1,3)', 'PP[1]:1/(2,3)', 'Vi:0/(1,2)'}
    Extra: {'Vi:1/(1,2)', '@:1/(1,4)', '*@:1/(2,2)', '*@:1/(3,2)', '*@:1/(2,3)', 'S[1]:0/(2,1)', '#:0/(3,1)', '#:0/(4,1)', '@:1/(1,3)'}
======================================================================


======================================================================
Generating training plots (Figure 11)...
Note: plot_train_result() will display 3 separate plots
======================================================================

======================================================================
Testing parsing accuracy (Figure 12)...
======================================================================
Sentence 0 ACC = 1.000 (N Vi)
Sentence 1 ACC = 0.000 (N Vi P N)
Sentence 2 ACC = 0.500 (N BE Vpp)
Sentence 3 ACC = 1.000 (N BE Vpp P N)
Sentence 4 ACC = 0.500 (N Vpp P N Vi)
Commitment t= 1: Overall accuracy = 0.600
  S0 (N Vi): 1.000
  S1 (N Vi P N): 0.000
  S2 (N BE Vpp): 0.500
  S3 (N BE Vpp P N): 1.000
  S4 (N Vpp P N Vi): 0.500
Sentence 0 ACC = 0.900 (N Vi)
Sentence 1 ACC = 0.000 (N Vi P N)
Sentence 2 ACC = 0.600 (N BE Vpp)
Sentence 3 ACC = 1.000 (N BE Vpp P N)
Sentence 4 ACC = 0.900 (N Vpp P N Vi)
Commitment t= 2: Overall accuracy = 0.680
  S0 (N Vi): 0.900
  S1 (N Vi P N): 0.000
  S2 (N BE Vpp): 0.600
  S3 (N BE Vpp P N): 1.000
  S4 (N Vpp P N Vi): 0.900
Sentence 0 ACC = 1.000 (N Vi)
Sentence 1 ACC = 0.000 (N Vi P N)
Sentence 2 ACC = 0.900 (N BE Vpp)
Sentence 3 ACC = 1.000 (N BE Vpp P N)
Sentence 4 ACC = 0.800 (N Vpp P N Vi)
Commitment t= 3: Overall accuracy = 0.740
  S0 (N Vi): 1.000
  S1 (N Vi P N): 0.000
  S2 (N BE Vpp): 0.900
  S3 (N BE Vpp P N): 1.000
  S4 (N Vpp P N Vi): 0.800
Sentence 0 ACC = 1.000 (N Vi)
Sentence 1 ACC = 0.000 (N Vi P N)
Sentence 2 ACC = 1.000 (N BE Vpp)
Sentence 3 ACC = 1.000 (N BE Vpp P N)
Sentence 4 ACC = 0.800 (N Vpp P N Vi)
Commitment t= 4: Overall accuracy = 0.760
  S0 (N Vi): 1.000
  S1 (N Vi P N): 0.000
  S2 (N BE Vpp): 1.000
  S3 (N BE Vpp P N): 1.000
  S4 (N Vpp P N Vi): 0.800
Sentence 0 ACC = 1.000 (N Vi)
Sentence 1 ACC = 0.000 (N Vi P N)
Sentence 2 ACC = 1.000 (N BE Vpp)
Sentence 3 ACC = 0.600 (N BE Vpp P N)
Sentence 4 ACC = 0.300 (N Vpp P N Vi)
Commitment t= 5: Overall accuracy = 0.580
  S0 (N Vi): 1.000
  S1 (N Vi P N): 0.000
  S2 (N BE Vpp): 1.000
  S3 (N BE Vpp P N): 0.600
  S4 (N Vpp P N Vi): 0.300
Sentence 0 ACC = 1.000 (N Vi)
Sentence 1 ACC = 0.100 (N Vi P N)
Sentence 2 ACC = 1.000 (N BE Vpp)
Sentence 3 ACC = 0.700 (N BE Vpp P N)
Sentence 4 ACC = 0.000 (N Vpp P N Vi)
Commitment t= 6: Overall accuracy = 0.560
  S0 (N Vi): 1.000
  S1 (N Vi P N): 0.100
  S2 (N BE Vpp): 1.000
  S3 (N BE Vpp P N): 0.700
  S4 (N Vpp P N Vi): 0.000
Sentence 0 ACC = 1.000 (N Vi)
Sentence 1 ACC = 0.000 (N Vi P N)
Sentence 2 ACC = 1.000 (N BE Vpp)
Sentence 3 ACC = 0.300 (N BE Vpp P N)
Sentence 4 ACC = 0.000 (N Vpp P N Vi)
Commitment t= 7: Overall accuracy = 0.460
  S0 (N Vi): 1.000
  S1 (N Vi P N): 0.000
  S2 (N BE Vpp): 1.000
  S3 (N BE Vpp P N): 0.300
  S4 (N Vpp P N Vi): 0.000
Sentence 0 ACC = 1.000 (N Vi)
Sentence 1 ACC = 0.000 (N Vi P N)
Sentence 2 ACC = 1.000 (N BE Vpp)
Sentence 3 ACC = 0.300 (N BE Vpp P N)
Sentence 4 ACC = 0.000 (N Vpp P N Vi)
Commitment t= 8: Overall accuracy = 0.460
  S0 (N Vi): 1.000
  S1 (N Vi P N): 0.000
  S2 (N BE Vpp): 1.000
  S3 (N BE Vpp P N): 0.300
  S4 (N Vpp P N Vi): 0.000
Sentence 0 ACC = 1.000 (N Vi)
Sentence 1 ACC = 0.000 (N Vi P N)
Sentence 2 ACC = 1.000 (N BE Vpp)
Sentence 3 ACC = 0.400 (N BE Vpp P N)
Sentence 4 ACC = 0.000 (N Vpp P N Vi)
Commitment t= 9: Overall accuracy = 0.480
  S0 (N Vi): 1.000
  S1 (N Vi P N): 0.000
  S2 (N BE Vpp): 1.000
  S3 (N BE Vpp P N): 0.400
  S4 (N Vpp P N Vi): 0.000
Sentence 0 ACC = 1.000 (N Vi)
Sentence 1 ACC = 0.000 (N Vi P N)
Sentence 2 ACC = 0.600 (N BE Vpp)
Sentence 3 ACC = 0.200 (N BE Vpp P N)
Sentence 4 ACC = 0.000 (N Vpp P N Vi)
Commitment t=10: Overall accuracy = 0.360
  S0 (N Vi): 1.000
  S1 (N Vi P N): 0.000
  S2 (N BE Vpp): 0.600
  S3 (N BE Vpp P N): 0.200
  S4 (N Vpp P N Vi): 0.000
Sentence 0 ACC = 1.000 (N Vi)
Sentence 1 ACC = 0.000 (N Vi P N)
Sentence 2 ACC = 0.400 (N BE Vpp)
Sentence 3 ACC = 0.100 (N BE Vpp P N)
Sentence 4 ACC = 0.000 (N Vpp P N Vi)
Commitment t=11: Overall accuracy = 0.300
  S0 (N Vi): 1.000
  S1 (N Vi P N): 0.000
  S2 (N BE Vpp): 0.400
  S3 (N BE Vpp P N): 0.100
  S4 (N Vpp P N Vi): 0.000
Sentence 0 ACC = 1.000 (N Vi)
Sentence 1 ACC = 0.000 (N Vi P N)
Sentence 2 ACC = 0.300 (N BE Vpp)
Sentence 3 ACC = 0.400 (N BE Vpp P N)
Sentence 4 ACC = 0.000 (N Vpp P N Vi)
Commitment t=12: Overall accuracy = 0.340
  S0 (N Vi): 1.000
  S1 (N Vi P N): 0.000
  S2 (N BE Vpp): 0.300
  S3 (N BE Vpp P N): 0.400
  S4 (N Vpp P N Vi): 0.000

======================================================================
Generating treelet activation trajectories for each sentence type...
======================================================================

=== CORPUS SENTENCE ORDER ===
S0: N Vi
S1: N Vi P N
S2: N BE Vpp
S3: N BE Vpp P N
S4: N Vpp P N Vi
======================================================================

Generating plots for Sentence 0: N Vi
rules are [{'m': 'NP[1]:0', 'd1': '*N:0', 'd2': 'RC[1]:1', 'p': np.float64(1.0)}, {'m': 'PP[1]:1', 'd1': 'P:0', 'd2': 'N:1', 'p': np.float64(1.0)}, {'m': 'RC[1]:1', 'd1': '*Vpp:0', 'd2': 'PP[1]:1', 'p': np.float64(1.0)}, {'m': 'S[1]:0', 'd1': 'N:0', 'd2': 'Vi:1', 'p': np.float64(0.35)}, {'m': 'S[2]:0', 'd1': '*N:0', 'd2': 'VP[1]:1', 'p': np.float64(0.3)}, {'m': 'S[2]:0', 'd1': '*N:0', 'd2': 'VP[2]:1', 'p': np.float64(0.18)}, {'m': 'S[2]:0', 'd1': '*N:0', 'd2': 'VP[3]:1', 'p': np.float64(0.12)}, {'m': 'S[3]:0', 'd1': 'NP[1]:0', 'd2': '*Vi:1', 'p': np.float64(0.05)}, {'m': 'VP[1]:1', 'd1': '*Vi:0', 'd2': 'PP[1]:1', 'p': np.float64(0.5)}, {'m': 'VP[2]:1', 'd1': 'BE:0', 'd2': 'Vpp:1', 'p': np.float64(0.3)}, {'m': 'VP[3]:1', 'd1': '*BE:0', 'd2': 'VPpp[1]:1', 'p': np.float64(0.2)}, {'m': 'VPpp[1]:1', 'd1': '*Vpp:0', 'd2': 'PP[1]:1', 'p': np.float64(1.0)}, {'m': '*@:1', 'd1': None, 'd2': '@:1', 'p': None}, {'m': '*@:1', 'd1': None, 'd2': '*@:1', 'p': None}, {'m': '*BE:0', 'd1': 'BE:0', 'd2': None, 'p': None}, {'m': '*BE:0', 'd1': '*BE:0', 'd2': None, 'p': None}, {'m': '*N:0', 'd1': 'N:0', 'd2': None, 'p': None}, {'m': '*N:0', 'd1': '*N:0', 'd2': None, 'p': None}, {'m': '*Vi:0', 'd1': 'Vi:0', 'd2': None, 'p': None}, {'m': '*Vi:0', 'd1': '*Vi:0', 'd2': None, 'p': None}, {'m': '*Vi:1', 'd1': None, 'd2': 'Vi:1', 'p': None}, {'m': '*Vi:1', 'd1': None, 'd2': '*Vi:1', 'p': None}, {'m': '*Vpp:0', 'd1': 'Vpp:0', 'd2': None, 'p': None}, {'m': '*Vpp:0', 'd1': '*Vpp:0', 'd2': None, 'p': None}, {'m': '#:0', 'd1': 'S[1]:0', 'd2': '*@:1', 'p': None}, {'m': '#:0', 'd1': 'S[2]:0', 'd2': '*@:1', 'p': None}, {'m': '#:0', 'd1': 'S[3]:0', 'd2': '*@:1', 'p': None}]
labs are ['NP[1](*N,RC[1])', 'PP[1](P,N)', 'RC[1](*Vpp,PP[1])', 'S[1](N,Vi)', 'S[2](*N,VP[1])', 'S[2](*N,VP[2])', 'S[2](*N,VP[3])', 'S[3](NP[1],*Vi)', 'VP[1](*Vi,PP[1])', 'VP[2](BE,Vpp)', 'VP[3](*BE,VPpp[1])', 'VPpp[1](*Vpp,PP[1])', '*@(,@)', '*@(,*@)', '*BE(BE,)', '*BE(*BE,)', '*N(N,)', '*N(*N,)', '*Vi(Vi,)', '*Vi(*Vi,)', '*Vi(,Vi)', '*Vi(,*Vi)', '*Vpp(Vpp,)', '*Vpp(*Vpp,)', '#(S[1],*@)', '#(S[2],*@)', '#(S[3],*@)']
focus_idx is [ 3 16 20 17]
labs_focus is ['S[1](N,Vi)', '*N(N,)', '*Vi(,Vi)', '*N(*N,)']
rules are [{'m': 'NP[1]:0', 'd1': '*N:0', 'd2': 'RC[1]:1', 'p': np.float64(1.0)}, {'m': 'PP[1]:1', 'd1': 'P:0', 'd2': 'N:1', 'p': np.float64(1.0)}, {'m': 'RC[1]:1', 'd1': '*Vpp:0', 'd2': 'PP[1]:1', 'p': np.float64(1.0)}, {'m': 'S[1]:0', 'd1': 'N:0', 'd2': 'Vi:1', 'p': np.float64(0.35)}, {'m': 'S[2]:0', 'd1': '*N:0', 'd2': 'VP[1]:1', 'p': np.float64(0.3)}, {'m': 'S[2]:0', 'd1': '*N:0', 'd2': 'VP[2]:1', 'p': np.float64(0.18)}, {'m': 'S[2]:0', 'd1': '*N:0', 'd2': 'VP[3]:1', 'p': np.float64(0.12)}, {'m': 'S[3]:0', 'd1': 'NP[1]:0', 'd2': '*Vi:1', 'p': np.float64(0.05)}, {'m': 'VP[1]:1', 'd1': '*Vi:0', 'd2': 'PP[1]:1', 'p': np.float64(0.5)}, {'m': 'VP[2]:1', 'd1': 'BE:0', 'd2': 'Vpp:1', 'p': np.float64(0.3)}, {'m': 'VP[3]:1', 'd1': '*BE:0', 'd2': 'VPpp[1]:1', 'p': np.float64(0.2)}, {'m': 'VPpp[1]:1', 'd1': '*Vpp:0', 'd2': 'PP[1]:1', 'p': np.float64(1.0)}, {'m': '*@:1', 'd1': None, 'd2': '@:1', 'p': None}, {'m': '*@:1', 'd1': None, 'd2': '*@:1', 'p': None}, {'m': '*BE:0', 'd1': 'BE:0', 'd2': None, 'p': None}, {'m': '*BE:0', 'd1': '*BE:0', 'd2': None, 'p': None}, {'m': '*N:0', 'd1': 'N:0', 'd2': None, 'p': None}, {'m': '*N:0', 'd1': '*N:0', 'd2': None, 'p': None}, {'m': '*Vi:0', 'd1': 'Vi:0', 'd2': None, 'p': None}, {'m': '*Vi:0', 'd1': '*Vi:0', 'd2': None, 'p': None}, {'m': '*Vi:1', 'd1': None, 'd2': 'Vi:1', 'p': None}, {'m': '*Vi:1', 'd1': None, 'd2': '*Vi:1', 'p': None}, {'m': '*Vpp:0', 'd1': 'Vpp:0', 'd2': None, 'p': None}, {'m': '*Vpp:0', 'd1': '*Vpp:0', 'd2': None, 'p': None}, {'m': '#:0', 'd1': 'S[1]:0', 'd2': '*@:1', 'p': None}, {'m': '#:0', 'd1': 'S[2]:0', 'd2': '*@:1', 'p': None}, {'m': '#:0', 'd1': 'S[3]:0', 'd2': '*@:1', 'p': None}]
labs are ['NP[1](*N,RC[1])', 'PP[1](P,N)', 'RC[1](*Vpp,PP[1])', 'S[1](N,Vi)', 'S[2](*N,VP[1])', 'S[2](*N,VP[2])', 'S[2](*N,VP[3])', 'S[3](NP[1],*Vi)', 'VP[1](*Vi,PP[1])', 'VP[2](BE,Vpp)', 'VP[3](*BE,VPpp[1])', 'VPpp[1](*Vpp,PP[1])', '*@(,@)', '*@(,*@)', '*BE(BE,)', '*BE(*BE,)', '*N(N,)', '*N(*N,)', '*Vi(Vi,)', '*Vi(*Vi,)', '*Vi(,Vi)', '*Vi(,*Vi)', '*Vpp(Vpp,)', '*Vpp(*Vpp,)', '#(S[1],*@)', '#(S[2],*@)', '#(S[3],*@)']
focus_idx is [13 12 25 26]
labs_focus is ['*@(,*@)', '*@(,@)', '#(S[2],*@)', '#(S[3],*@)']

Generating plots for Sentence 1: N Vi P N
rules are [{'m': 'NP[1]:0', 'd1': '*N:0', 'd2': 'RC[1]:1', 'p': np.float64(1.0)}, {'m': 'PP[1]:1', 'd1': 'P:0', 'd2': 'N:1', 'p': np.float64(1.0)}, {'m': 'RC[1]:1', 'd1': '*Vpp:0', 'd2': 'PP[1]:1', 'p': np.float64(1.0)}, {'m': 'S[1]:0', 'd1': 'N:0', 'd2': 'Vi:1', 'p': np.float64(0.35)}, {'m': 'S[2]:0', 'd1': '*N:0', 'd2': 'VP[1]:1', 'p': np.float64(0.3)}, {'m': 'S[2]:0', 'd1': '*N:0', 'd2': 'VP[2]:1', 'p': np.float64(0.18)}, {'m': 'S[2]:0', 'd1': '*N:0', 'd2': 'VP[3]:1', 'p': np.float64(0.12)}, {'m': 'S[3]:0', 'd1': 'NP[1]:0', 'd2': '*Vi:1', 'p': np.float64(0.05)}, {'m': 'VP[1]:1', 'd1': '*Vi:0', 'd2': 'PP[1]:1', 'p': np.float64(0.5)}, {'m': 'VP[2]:1', 'd1': 'BE:0', 'd2': 'Vpp:1', 'p': np.float64(0.3)}, {'m': 'VP[3]:1', 'd1': '*BE:0', 'd2': 'VPpp[1]:1', 'p': np.float64(0.2)}, {'m': 'VPpp[1]:1', 'd1': '*Vpp:0', 'd2': 'PP[1]:1', 'p': np.float64(1.0)}, {'m': '*@:1', 'd1': None, 'd2': '@:1', 'p': None}, {'m': '*@:1', 'd1': None, 'd2': '*@:1', 'p': None}, {'m': '*BE:0', 'd1': 'BE:0', 'd2': None, 'p': None}, {'m': '*BE:0', 'd1': '*BE:0', 'd2': None, 'p': None}, {'m': '*N:0', 'd1': 'N:0', 'd2': None, 'p': None}, {'m': '*N:0', 'd1': '*N:0', 'd2': None, 'p': None}, {'m': '*Vi:0', 'd1': 'Vi:0', 'd2': None, 'p': None}, {'m': '*Vi:0', 'd1': '*Vi:0', 'd2': None, 'p': None}, {'m': '*Vi:1', 'd1': None, 'd2': 'Vi:1', 'p': None}, {'m': '*Vi:1', 'd1': None, 'd2': '*Vi:1', 'p': None}, {'m': '*Vpp:0', 'd1': 'Vpp:0', 'd2': None, 'p': None}, {'m': '*Vpp:0', 'd1': '*Vpp:0', 'd2': None, 'p': None}, {'m': '#:0', 'd1': 'S[1]:0', 'd2': '*@:1', 'p': None}, {'m': '#:0', 'd1': 'S[2]:0', 'd2': '*@:1', 'p': None}, {'m': '#:0', 'd1': 'S[3]:0', 'd2': '*@:1', 'p': None}]
labs are ['NP[1](*N,RC[1])', 'PP[1](P,N)', 'RC[1](*Vpp,PP[1])', 'S[1](N,Vi)', 'S[2](*N,VP[1])', 'S[2](*N,VP[2])', 'S[2](*N,VP[3])', 'S[3](NP[1],*Vi)', 'VP[1](*Vi,PP[1])', 'VP[2](BE,Vpp)', 'VP[3](*BE,VPpp[1])', 'VPpp[1](*Vpp,PP[1])', '*@(,@)', '*@(,*@)', '*BE(BE,)', '*BE(*BE,)', '*N(N,)', '*N(*N,)', '*Vi(Vi,)', '*Vi(*Vi,)', '*Vi(,Vi)', '*Vi(,*Vi)', '*Vpp(Vpp,)', '*Vpp(*Vpp,)', '#(S[1],*@)', '#(S[2],*@)', '#(S[3],*@)']
focus_idx is [ 3 16 20 17]
labs_focus is ['S[1](N,Vi)', '*N(N,)', '*Vi(,Vi)', '*N(*N,)']
rules are [{'m': 'NP[1]:0', 'd1': '*N:0', 'd2': 'RC[1]:1', 'p': np.float64(1.0)}, {'m': 'PP[1]:1', 'd1': 'P:0', 'd2': 'N:1', 'p': np.float64(1.0)}, {'m': 'RC[1]:1', 'd1': '*Vpp:0', 'd2': 'PP[1]:1', 'p': np.float64(1.0)}, {'m': 'S[1]:0', 'd1': 'N:0', 'd2': 'Vi:1', 'p': np.float64(0.35)}, {'m': 'S[2]:0', 'd1': '*N:0', 'd2': 'VP[1]:1', 'p': np.float64(0.3)}, {'m': 'S[2]:0', 'd1': '*N:0', 'd2': 'VP[2]:1', 'p': np.float64(0.18)}, {'m': 'S[2]:0', 'd1': '*N:0', 'd2': 'VP[3]:1', 'p': np.float64(0.12)}, {'m': 'S[3]:0', 'd1': 'NP[1]:0', 'd2': '*Vi:1', 'p': np.float64(0.05)}, {'m': 'VP[1]:1', 'd1': '*Vi:0', 'd2': 'PP[1]:1', 'p': np.float64(0.5)}, {'m': 'VP[2]:1', 'd1': 'BE:0', 'd2': 'Vpp:1', 'p': np.float64(0.3)}, {'m': 'VP[3]:1', 'd1': '*BE:0', 'd2': 'VPpp[1]:1', 'p': np.float64(0.2)}, {'m': 'VPpp[1]:1', 'd1': '*Vpp:0', 'd2': 'PP[1]:1', 'p': np.float64(1.0)}, {'m': '*@:1', 'd1': None, 'd2': '@:1', 'p': None}, {'m': '*@:1', 'd1': None, 'd2': '*@:1', 'p': None}, {'m': '*BE:0', 'd1': 'BE:0', 'd2': None, 'p': None}, {'m': '*BE:0', 'd1': '*BE:0', 'd2': None, 'p': None}, {'m': '*N:0', 'd1': 'N:0', 'd2': None, 'p': None}, {'m': '*N:0', 'd1': '*N:0', 'd2': None, 'p': None}, {'m': '*Vi:0', 'd1': 'Vi:0', 'd2': None, 'p': None}, {'m': '*Vi:0', 'd1': '*Vi:0', 'd2': None, 'p': None}, {'m': '*Vi:1', 'd1': None, 'd2': 'Vi:1', 'p': None}, {'m': '*Vi:1', 'd1': None, 'd2': '*Vi:1', 'p': None}, {'m': '*Vpp:0', 'd1': 'Vpp:0', 'd2': None, 'p': None}, {'m': '*Vpp:0', 'd1': '*Vpp:0', 'd2': None, 'p': None}, {'m': '#:0', 'd1': 'S[1]:0', 'd2': '*@:1', 'p': None}, {'m': '#:0', 'd1': 'S[2]:0', 'd2': '*@:1', 'p': None}, {'m': '#:0', 'd1': 'S[3]:0', 'd2': '*@:1', 'p': None}]
labs are ['NP[1](*N,RC[1])', 'PP[1](P,N)', 'RC[1](*Vpp,PP[1])', 'S[1](N,Vi)', 'S[2](*N,VP[1])', 'S[2](*N,VP[2])', 'S[2](*N,VP[3])', 'S[3](NP[1],*Vi)', 'VP[1](*Vi,PP[1])', 'VP[2](BE,Vpp)', 'VP[3](*BE,VPpp[1])', 'VPpp[1](*Vpp,PP[1])', '*@(,@)', '*@(,*@)', '*BE(BE,)', '*BE(*BE,)', '*N(N,)', '*N(*N,)', '*Vi(Vi,)', '*Vi(*Vi,)', '*Vi(,Vi)', '*Vi(,*Vi)', '*Vpp(Vpp,)', '*Vpp(*Vpp,)', '#(S[1],*@)', '#(S[2],*@)', '#(S[3],*@)']
focus_idx is [13 12 25 24]
labs_focus is ['*@(,*@)', '*@(,@)', '#(S[2],*@)', '#(S[1],*@)']

Generating plots for Sentence 2: N BE Vpp
rules are [{'m': 'NP[1]:0', 'd1': '*N:0', 'd2': 'RC[1]:1', 'p': np.float64(1.0)}, {'m': 'PP[1]:1', 'd1': 'P:0', 'd2': 'N:1', 'p': np.float64(1.0)}, {'m': 'RC[1]:1', 'd1': '*Vpp:0', 'd2': 'PP[1]:1', 'p': np.float64(1.0)}, {'m': 'S[1]:0', 'd1': 'N:0', 'd2': 'Vi:1', 'p': np.float64(0.35)}, {'m': 'S[2]:0', 'd1': '*N:0', 'd2': 'VP[1]:1', 'p': np.float64(0.3)}, {'m': 'S[2]:0', 'd1': '*N:0', 'd2': 'VP[2]:1', 'p': np.float64(0.18)}, {'m': 'S[2]:0', 'd1': '*N:0', 'd2': 'VP[3]:1', 'p': np.float64(0.12)}, {'m': 'S[3]:0', 'd1': 'NP[1]:0', 'd2': '*Vi:1', 'p': np.float64(0.05)}, {'m': 'VP[1]:1', 'd1': '*Vi:0', 'd2': 'PP[1]:1', 'p': np.float64(0.5)}, {'m': 'VP[2]:1', 'd1': 'BE:0', 'd2': 'Vpp:1', 'p': np.float64(0.3)}, {'m': 'VP[3]:1', 'd1': '*BE:0', 'd2': 'VPpp[1]:1', 'p': np.float64(0.2)}, {'m': 'VPpp[1]:1', 'd1': '*Vpp:0', 'd2': 'PP[1]:1', 'p': np.float64(1.0)}, {'m': '*@:1', 'd1': None, 'd2': '@:1', 'p': None}, {'m': '*@:1', 'd1': None, 'd2': '*@:1', 'p': None}, {'m': '*BE:0', 'd1': 'BE:0', 'd2': None, 'p': None}, {'m': '*BE:0', 'd1': '*BE:0', 'd2': None, 'p': None}, {'m': '*N:0', 'd1': 'N:0', 'd2': None, 'p': None}, {'m': '*N:0', 'd1': '*N:0', 'd2': None, 'p': None}, {'m': '*Vi:0', 'd1': 'Vi:0', 'd2': None, 'p': None}, {'m': '*Vi:0', 'd1': '*Vi:0', 'd2': None, 'p': None}, {'m': '*Vi:1', 'd1': None, 'd2': 'Vi:1', 'p': None}, {'m': '*Vi:1', 'd1': None, 'd2': '*Vi:1', 'p': None}, {'m': '*Vpp:0', 'd1': 'Vpp:0', 'd2': None, 'p': None}, {'m': '*Vpp:0', 'd1': '*Vpp:0', 'd2': None, 'p': None}, {'m': '#:0', 'd1': 'S[1]:0', 'd2': '*@:1', 'p': None}, {'m': '#:0', 'd1': 'S[2]:0', 'd2': '*@:1', 'p': None}, {'m': '#:0', 'd1': 'S[3]:0', 'd2': '*@:1', 'p': None}]
labs are ['NP[1](*N,RC[1])', 'PP[1](P,N)', 'RC[1](*Vpp,PP[1])', 'S[1](N,Vi)', 'S[2](*N,VP[1])', 'S[2](*N,VP[2])', 'S[2](*N,VP[3])', 'S[3](NP[1],*Vi)', 'VP[1](*Vi,PP[1])', 'VP[2](BE,Vpp)', 'VP[3](*BE,VPpp[1])', 'VPpp[1](*Vpp,PP[1])', '*@(,@)', '*@(,*@)', '*BE(BE,)', '*BE(*BE,)', '*N(N,)', '*N(*N,)', '*Vi(Vi,)', '*Vi(*Vi,)', '*Vi(,Vi)', '*Vi(,*Vi)', '*Vpp(Vpp,)', '*Vpp(*Vpp,)', '#(S[1],*@)', '#(S[2],*@)', '#(S[3],*@)']
focus_idx is [16 17  3  6]
labs_focus is ['*N(N,)', '*N(*N,)', 'S[1](N,Vi)', 'S[2](*N,VP[3])']
rules are [{'m': 'NP[1]:0', 'd1': '*N:0', 'd2': 'RC[1]:1', 'p': np.float64(1.0)}, {'m': 'PP[1]:1', 'd1': 'P:0', 'd2': 'N:1', 'p': np.float64(1.0)}, {'m': 'RC[1]:1', 'd1': '*Vpp:0', 'd2': 'PP[1]:1', 'p': np.float64(1.0)}, {'m': 'S[1]:0', 'd1': 'N:0', 'd2': 'Vi:1', 'p': np.float64(0.35)}, {'m': 'S[2]:0', 'd1': '*N:0', 'd2': 'VP[1]:1', 'p': np.float64(0.3)}, {'m': 'S[2]:0', 'd1': '*N:0', 'd2': 'VP[2]:1', 'p': np.float64(0.18)}, {'m': 'S[2]:0', 'd1': '*N:0', 'd2': 'VP[3]:1', 'p': np.float64(0.12)}, {'m': 'S[3]:0', 'd1': 'NP[1]:0', 'd2': '*Vi:1', 'p': np.float64(0.05)}, {'m': 'VP[1]:1', 'd1': '*Vi:0', 'd2': 'PP[1]:1', 'p': np.float64(0.5)}, {'m': 'VP[2]:1', 'd1': 'BE:0', 'd2': 'Vpp:1', 'p': np.float64(0.3)}, {'m': 'VP[3]:1', 'd1': '*BE:0', 'd2': 'VPpp[1]:1', 'p': np.float64(0.2)}, {'m': 'VPpp[1]:1', 'd1': '*Vpp:0', 'd2': 'PP[1]:1', 'p': np.float64(1.0)}, {'m': '*@:1', 'd1': None, 'd2': '@:1', 'p': None}, {'m': '*@:1', 'd1': None, 'd2': '*@:1', 'p': None}, {'m': '*BE:0', 'd1': 'BE:0', 'd2': None, 'p': None}, {'m': '*BE:0', 'd1': '*BE:0', 'd2': None, 'p': None}, {'m': '*N:0', 'd1': 'N:0', 'd2': None, 'p': None}, {'m': '*N:0', 'd1': '*N:0', 'd2': None, 'p': None}, {'m': '*Vi:0', 'd1': 'Vi:0', 'd2': None, 'p': None}, {'m': '*Vi:0', 'd1': '*Vi:0', 'd2': None, 'p': None}, {'m': '*Vi:1', 'd1': None, 'd2': 'Vi:1', 'p': None}, {'m': '*Vi:1', 'd1': None, 'd2': '*Vi:1', 'p': None}, {'m': '*Vpp:0', 'd1': 'Vpp:0', 'd2': None, 'p': None}, {'m': '*Vpp:0', 'd1': '*Vpp:0', 'd2': None, 'p': None}, {'m': '#:0', 'd1': 'S[1]:0', 'd2': '*@:1', 'p': None}, {'m': '#:0', 'd1': 'S[2]:0', 'd2': '*@:1', 'p': None}, {'m': '#:0', 'd1': 'S[3]:0', 'd2': '*@:1', 'p': None}]
labs are ['NP[1](*N,RC[1])', 'PP[1](P,N)', 'RC[1](*Vpp,PP[1])', 'S[1](N,Vi)', 'S[2](*N,VP[1])', 'S[2](*N,VP[2])', 'S[2](*N,VP[3])', 'S[3](NP[1],*Vi)', 'VP[1](*Vi,PP[1])', 'VP[2](BE,Vpp)', 'VP[3](*BE,VPpp[1])', 'VPpp[1](*Vpp,PP[1])', '*@(,@)', '*@(,*@)', '*BE(BE,)', '*BE(*BE,)', '*N(N,)', '*N(*N,)', '*Vi(Vi,)', '*Vi(*Vi,)', '*Vi(,Vi)', '*Vi(,*Vi)', '*Vpp(Vpp,)', '*Vpp(*Vpp,)', '#(S[1],*@)', '#(S[2],*@)', '#(S[3],*@)']
focus_idx is [13 12 25 24]
labs_focus is ['*@(,*@)', '*@(,@)', '#(S[2],*@)', '#(S[1],*@)']

Generating plots for Sentence 3: N BE Vpp P N
rules are [{'m': 'NP[1]:0', 'd1': '*N:0', 'd2': 'RC[1]:1', 'p': np.float64(1.0)}, {'m': 'PP[1]:1', 'd1': 'P:0', 'd2': 'N:1', 'p': np.float64(1.0)}, {'m': 'RC[1]:1', 'd1': '*Vpp:0', 'd2': 'PP[1]:1', 'p': np.float64(1.0)}, {'m': 'S[1]:0', 'd1': 'N:0', 'd2': 'Vi:1', 'p': np.float64(0.35)}, {'m': 'S[2]:0', 'd1': '*N:0', 'd2': 'VP[1]:1', 'p': np.float64(0.3)}, {'m': 'S[2]:0', 'd1': '*N:0', 'd2': 'VP[2]:1', 'p': np.float64(0.18)}, {'m': 'S[2]:0', 'd1': '*N:0', 'd2': 'VP[3]:1', 'p': np.float64(0.12)}, {'m': 'S[3]:0', 'd1': 'NP[1]:0', 'd2': '*Vi:1', 'p': np.float64(0.05)}, {'m': 'VP[1]:1', 'd1': '*Vi:0', 'd2': 'PP[1]:1', 'p': np.float64(0.5)}, {'m': 'VP[2]:1', 'd1': 'BE:0', 'd2': 'Vpp:1', 'p': np.float64(0.3)}, {'m': 'VP[3]:1', 'd1': '*BE:0', 'd2': 'VPpp[1]:1', 'p': np.float64(0.2)}, {'m': 'VPpp[1]:1', 'd1': '*Vpp:0', 'd2': 'PP[1]:1', 'p': np.float64(1.0)}, {'m': '*@:1', 'd1': None, 'd2': '@:1', 'p': None}, {'m': '*@:1', 'd1': None, 'd2': '*@:1', 'p': None}, {'m': '*BE:0', 'd1': 'BE:0', 'd2': None, 'p': None}, {'m': '*BE:0', 'd1': '*BE:0', 'd2': None, 'p': None}, {'m': '*N:0', 'd1': 'N:0', 'd2': None, 'p': None}, {'m': '*N:0', 'd1': '*N:0', 'd2': None, 'p': None}, {'m': '*Vi:0', 'd1': 'Vi:0', 'd2': None, 'p': None}, {'m': '*Vi:0', 'd1': '*Vi:0', 'd2': None, 'p': None}, {'m': '*Vi:1', 'd1': None, 'd2': 'Vi:1', 'p': None}, {'m': '*Vi:1', 'd1': None, 'd2': '*Vi:1', 'p': None}, {'m': '*Vpp:0', 'd1': 'Vpp:0', 'd2': None, 'p': None}, {'m': '*Vpp:0', 'd1': '*Vpp:0', 'd2': None, 'p': None}, {'m': '#:0', 'd1': 'S[1]:0', 'd2': '*@:1', 'p': None}, {'m': '#:0', 'd1': 'S[2]:0', 'd2': '*@:1', 'p': None}, {'m': '#:0', 'd1': 'S[3]:0', 'd2': '*@:1', 'p': None}]
labs are ['NP[1](*N,RC[1])', 'PP[1](P,N)', 'RC[1](*Vpp,PP[1])', 'S[1](N,Vi)', 'S[2](*N,VP[1])', 'S[2](*N,VP[2])', 'S[2](*N,VP[3])', 'S[3](NP[1],*Vi)', 'VP[1](*Vi,PP[1])', 'VP[2](BE,Vpp)', 'VP[3](*BE,VPpp[1])', 'VPpp[1](*Vpp,PP[1])', '*@(,@)', '*@(,*@)', '*BE(BE,)', '*BE(*BE,)', '*N(N,)', '*N(*N,)', '*Vi(Vi,)', '*Vi(*Vi,)', '*Vi(,Vi)', '*Vi(,*Vi)', '*Vpp(Vpp,)', '*Vpp(*Vpp,)', '#(S[1],*@)', '#(S[2],*@)', '#(S[3],*@)']
focus_idx is [16 17  3  5]
labs_focus is ['*N(N,)', '*N(*N,)', 'S[1](N,Vi)', 'S[2](*N,VP[2])']
rules are [{'m': 'NP[1]:0', 'd1': '*N:0', 'd2': 'RC[1]:1', 'p': np.float64(1.0)}, {'m': 'PP[1]:1', 'd1': 'P:0', 'd2': 'N:1', 'p': np.float64(1.0)}, {'m': 'RC[1]:1', 'd1': '*Vpp:0', 'd2': 'PP[1]:1', 'p': np.float64(1.0)}, {'m': 'S[1]:0', 'd1': 'N:0', 'd2': 'Vi:1', 'p': np.float64(0.35)}, {'m': 'S[2]:0', 'd1': '*N:0', 'd2': 'VP[1]:1', 'p': np.float64(0.3)}, {'m': 'S[2]:0', 'd1': '*N:0', 'd2': 'VP[2]:1', 'p': np.float64(0.18)}, {'m': 'S[2]:0', 'd1': '*N:0', 'd2': 'VP[3]:1', 'p': np.float64(0.12)}, {'m': 'S[3]:0', 'd1': 'NP[1]:0', 'd2': '*Vi:1', 'p': np.float64(0.05)}, {'m': 'VP[1]:1', 'd1': '*Vi:0', 'd2': 'PP[1]:1', 'p': np.float64(0.5)}, {'m': 'VP[2]:1', 'd1': 'BE:0', 'd2': 'Vpp:1', 'p': np.float64(0.3)}, {'m': 'VP[3]:1', 'd1': '*BE:0', 'd2': 'VPpp[1]:1', 'p': np.float64(0.2)}, {'m': 'VPpp[1]:1', 'd1': '*Vpp:0', 'd2': 'PP[1]:1', 'p': np.float64(1.0)}, {'m': '*@:1', 'd1': None, 'd2': '@:1', 'p': None}, {'m': '*@:1', 'd1': None, 'd2': '*@:1', 'p': None}, {'m': '*BE:0', 'd1': 'BE:0', 'd2': None, 'p': None}, {'m': '*BE:0', 'd1': '*BE:0', 'd2': None, 'p': None}, {'m': '*N:0', 'd1': 'N:0', 'd2': None, 'p': None}, {'m': '*N:0', 'd1': '*N:0', 'd2': None, 'p': None}, {'m': '*Vi:0', 'd1': 'Vi:0', 'd2': None, 'p': None}, {'m': '*Vi:0', 'd1': '*Vi:0', 'd2': None, 'p': None}, {'m': '*Vi:1', 'd1': None, 'd2': 'Vi:1', 'p': None}, {'m': '*Vi:1', 'd1': None, 'd2': '*Vi:1', 'p': None}, {'m': '*Vpp:0', 'd1': 'Vpp:0', 'd2': None, 'p': None}, {'m': '*Vpp:0', 'd1': '*Vpp:0', 'd2': None, 'p': None}, {'m': '#:0', 'd1': 'S[1]:0', 'd2': '*@:1', 'p': None}, {'m': '#:0', 'd1': 'S[2]:0', 'd2': '*@:1', 'p': None}, {'m': '#:0', 'd1': 'S[3]:0', 'd2': '*@:1', 'p': None}]
labs are ['NP[1](*N,RC[1])', 'PP[1](P,N)', 'RC[1](*Vpp,PP[1])', 'S[1](N,Vi)', 'S[2](*N,VP[1])', 'S[2](*N,VP[2])', 'S[2](*N,VP[3])', 'S[3](NP[1],*Vi)', 'VP[1](*Vi,PP[1])', 'VP[2](BE,Vpp)', 'VP[3](*BE,VPpp[1])', 'VPpp[1](*Vpp,PP[1])', '*@(,@)', '*@(,*@)', '*BE(BE,)', '*BE(*BE,)', '*N(N,)', '*N(*N,)', '*Vi(Vi,)', '*Vi(*Vi,)', '*Vi(,Vi)', '*Vi(,*Vi)', '*Vpp(Vpp,)', '*Vpp(*Vpp,)', '#(S[1],*@)', '#(S[2],*@)', '#(S[3],*@)']
focus_idx is [13 12 25 24]
labs_focus is ['*@(,*@)', '*@(,@)', '#(S[2],*@)', '#(S[1],*@)']

Generating plots for Sentence 4: N Vpp P N Vi
rules are [{'m': 'NP[1]:0', 'd1': '*N:0', 'd2': 'RC[1]:1', 'p': np.float64(1.0)}, {'m': 'PP[1]:1', 'd1': 'P:0', 'd2': 'N:1', 'p': np.float64(1.0)}, {'m': 'RC[1]:1', 'd1': '*Vpp:0', 'd2': 'PP[1]:1', 'p': np.float64(1.0)}, {'m': 'S[1]:0', 'd1': 'N:0', 'd2': 'Vi:1', 'p': np.float64(0.35)}, {'m': 'S[2]:0', 'd1': '*N:0', 'd2': 'VP[1]:1', 'p': np.float64(0.3)}, {'m': 'S[2]:0', 'd1': '*N:0', 'd2': 'VP[2]:1', 'p': np.float64(0.18)}, {'m': 'S[2]:0', 'd1': '*N:0', 'd2': 'VP[3]:1', 'p': np.float64(0.12)}, {'m': 'S[3]:0', 'd1': 'NP[1]:0', 'd2': '*Vi:1', 'p': np.float64(0.05)}, {'m': 'VP[1]:1', 'd1': '*Vi:0', 'd2': 'PP[1]:1', 'p': np.float64(0.5)}, {'m': 'VP[2]:1', 'd1': 'BE:0', 'd2': 'Vpp:1', 'p': np.float64(0.3)}, {'m': 'VP[3]:1', 'd1': '*BE:0', 'd2': 'VPpp[1]:1', 'p': np.float64(0.2)}, {'m': 'VPpp[1]:1', 'd1': '*Vpp:0', 'd2': 'PP[1]:1', 'p': np.float64(1.0)}, {'m': '*@:1', 'd1': None, 'd2': '@:1', 'p': None}, {'m': '*@:1', 'd1': None, 'd2': '*@:1', 'p': None}, {'m': '*BE:0', 'd1': 'BE:0', 'd2': None, 'p': None}, {'m': '*BE:0', 'd1': '*BE:0', 'd2': None, 'p': None}, {'m': '*N:0', 'd1': 'N:0', 'd2': None, 'p': None}, {'m': '*N:0', 'd1': '*N:0', 'd2': None, 'p': None}, {'m': '*Vi:0', 'd1': 'Vi:0', 'd2': None, 'p': None}, {'m': '*Vi:0', 'd1': '*Vi:0', 'd2': None, 'p': None}, {'m': '*Vi:1', 'd1': None, 'd2': 'Vi:1', 'p': None}, {'m': '*Vi:1', 'd1': None, 'd2': '*Vi:1', 'p': None}, {'m': '*Vpp:0', 'd1': 'Vpp:0', 'd2': None, 'p': None}, {'m': '*Vpp:0', 'd1': '*Vpp:0', 'd2': None, 'p': None}, {'m': '#:0', 'd1': 'S[1]:0', 'd2': '*@:1', 'p': None}, {'m': '#:0', 'd1': 'S[2]:0', 'd2': '*@:1', 'p': None}, {'m': '#:0', 'd1': 'S[3]:0', 'd2': '*@:1', 'p': None}]
labs are ['NP[1](*N,RC[1])', 'PP[1](P,N)', 'RC[1](*Vpp,PP[1])', 'S[1](N,Vi)', 'S[2](*N,VP[1])', 'S[2](*N,VP[2])', 'S[2](*N,VP[3])', 'S[3](NP[1],*Vi)', 'VP[1](*Vi,PP[1])', 'VP[2](BE,Vpp)', 'VP[3](*BE,VPpp[1])', 'VPpp[1](*Vpp,PP[1])', '*@(,@)', '*@(,*@)', '*BE(BE,)', '*BE(*BE,)', '*N(N,)', '*N(*N,)', '*Vi(Vi,)', '*Vi(*Vi,)', '*Vi(,Vi)', '*Vi(,*Vi)', '*Vpp(Vpp,)', '*Vpp(*Vpp,)', '#(S[1],*@)', '#(S[2],*@)', '#(S[3],*@)']
focus_idx is [16 17  3  4]
labs_focus is ['*N(N,)', '*N(*N,)', 'S[1](N,Vi)', 'S[2](*N,VP[1])']
rules are [{'m': 'NP[1]:0', 'd1': '*N:0', 'd2': 'RC[1]:1', 'p': np.float64(1.0)}, {'m': 'PP[1]:1', 'd1': 'P:0', 'd2': 'N:1', 'p': np.float64(1.0)}, {'m': 'RC[1]:1', 'd1': '*Vpp:0', 'd2': 'PP[1]:1', 'p': np.float64(1.0)}, {'m': 'S[1]:0', 'd1': 'N:0', 'd2': 'Vi:1', 'p': np.float64(0.35)}, {'m': 'S[2]:0', 'd1': '*N:0', 'd2': 'VP[1]:1', 'p': np.float64(0.3)}, {'m': 'S[2]:0', 'd1': '*N:0', 'd2': 'VP[2]:1', 'p': np.float64(0.18)}, {'m': 'S[2]:0', 'd1': '*N:0', 'd2': 'VP[3]:1', 'p': np.float64(0.12)}, {'m': 'S[3]:0', 'd1': 'NP[1]:0', 'd2': '*Vi:1', 'p': np.float64(0.05)}, {'m': 'VP[1]:1', 'd1': '*Vi:0', 'd2': 'PP[1]:1', 'p': np.float64(0.5)}, {'m': 'VP[2]:1', 'd1': 'BE:0', 'd2': 'Vpp:1', 'p': np.float64(0.3)}, {'m': 'VP[3]:1', 'd1': '*BE:0', 'd2': 'VPpp[1]:1', 'p': np.float64(0.2)}, {'m': 'VPpp[1]:1', 'd1': '*Vpp:0', 'd2': 'PP[1]:1', 'p': np.float64(1.0)}, {'m': '*@:1', 'd1': None, 'd2': '@:1', 'p': None}, {'m': '*@:1', 'd1': None, 'd2': '*@:1', 'p': None}, {'m': '*BE:0', 'd1': 'BE:0', 'd2': None, 'p': None}, {'m': '*BE:0', 'd1': '*BE:0', 'd2': None, 'p': None}, {'m': '*N:0', 'd1': 'N:0', 'd2': None, 'p': None}, {'m': '*N:0', 'd1': '*N:0', 'd2': None, 'p': None}, {'m': '*Vi:0', 'd1': 'Vi:0', 'd2': None, 'p': None}, {'m': '*Vi:0', 'd1': '*Vi:0', 'd2': None, 'p': None}, {'m': '*Vi:1', 'd1': None, 'd2': 'Vi:1', 'p': None}, {'m': '*Vi:1', 'd1': None, 'd2': '*Vi:1', 'p': None}, {'m': '*Vpp:0', 'd1': 'Vpp:0', 'd2': None, 'p': None}, {'m': '*Vpp:0', 'd1': '*Vpp:0', 'd2': None, 'p': None}, {'m': '#:0', 'd1': 'S[1]:0', 'd2': '*@:1', 'p': None}, {'m': '#:0', 'd1': 'S[2]:0', 'd2': '*@:1', 'p': None}, {'m': '#:0', 'd1': 'S[3]:0', 'd2': '*@:1', 'p': None}]
labs are ['NP[1](*N,RC[1])', 'PP[1](P,N)', 'RC[1](*Vpp,PP[1])', 'S[1](N,Vi)', 'S[2](*N,VP[1])', 'S[2](*N,VP[2])', 'S[2](*N,VP[3])', 'S[3](NP[1],*Vi)', 'VP[1](*Vi,PP[1])', 'VP[2](BE,Vpp)', 'VP[3](*BE,VPpp[1])', 'VPpp[1](*Vpp,PP[1])', '*@(,@)', '*@(,*@)', '*BE(BE,)', '*BE(*BE,)', '*N(N,)', '*N(*N,)', '*Vi(Vi,)', '*Vi(*Vi,)', '*Vi(,Vi)', '*Vi(,*Vi)', '*Vpp(Vpp,)', '*Vpp(*Vpp,)', '#(S[1],*@)', '#(S[2],*@)', '#(S[3],*@)']
focus_idx is [15 14 10 13]
labs_focus is ['*BE(*BE,)', '*BE(BE,)', 'VP[3](*BE,VPpp[1])', '*@(,*@)']

======================================================================
Replication complete!
Figures saved as:
  - Plots from plot_train_result() (displayed interactively)
  - figure12_g1_parsing.png

Treelet activation trajectories for each sentence:
  - sap_test_on_g1_sparse_model_S0_N_Vi.png
  - sap_test_on_g1_sparse_model_S1_N_Vi_P_N.png <-- S1 = 'N Vi P N'
  - sap_test_on_g1_sparse_model_S2_N_BE_Vpp.png
  - sap_test_on_g1_sparse_model_S3_N_BE_Vpp_P_N.png
  - sap_test_on_g1_sparse_model_S4_N_Vpp_P_N_Vi.png
======================================================================
Finished running at 3338.99s

----------------------------------------------------------------------
Final GPU Status:
----------------------------------------------------------------------
Wed Dec  3 01:01:50 2025       
+-----------------------------------------------------------------------------------------+
| NVIDIA-SMI 570.124.06             Driver Version: 570.124.06     CUDA Version: 12.8     |
|-----------------------------------------+------------------------+----------------------+
| GPU  Name                 Persistence-M | Bus-Id          Disp.A | Volatile Uncorr. ECC |
| Fan  Temp   Perf          Pwr:Usage/Cap |           Memory-Usage | GPU-Util  Compute M. |
|                                         |                        |               MIG M. |
|=========================================+========================+======================|
|   0  NVIDIA RTX A5000               On  |   00000000:4F:00.0 Off |                  Off |
| 30%   24C    P8             17W /  230W |       2MiB /  24564MiB |      0%      Default |
|                                         |                        |                  N/A |
+-----------------------------------------+------------------------+----------------------+
                                                                                         
+-----------------------------------------------------------------------------------------+
| Processes:                                                                              |
|  GPU   GI   CI              PID   Type   Process name                        GPU Memory |
|        ID   ID                                                               Usage      |
|=========================================================================================|
|  No running processes found                                                             |
+-----------------------------------------------------------------------------------------+

======================================================================
Job Completed
End Time: Wed Dec  3 01:01:51 AM EST 2025
======================================================================
