JAX not found - running in CPU mode. Install with: pip install jax jaxlib
JAX not found - running in CPU mode. Install with: pip install jax jaxlib
Global random seed set to 41 for testing
    Lookup tables built in 0.00s
    BrickRole fast lookups built in 0.000s (15 roles)
Adding binary rules...
  Binary rules: 26 rules added
Adding copy rules...
  Copy rules: 38 total rules
Adding unary rules (this may take a while with large grammars)...
  Unary rules: 65 total rules
Adding expansion rules...
  Total rules: 74
Optimizing HarmonicGrammar with fast lookups...
    Fast lookups built in 0.000s (27 fillers, 29 rules)
    Building rule index for fast sentence generation...
    Rule index built in 0.000s
Optimization complete!
Filler names: ['#:0', '*@:1', '*BE:0', '*N:0', '*Vi:0', '*Vi:1', '*Vpp:0', '@:1', 'BE:0', 'N:0', 'N:1', 'NP[1]:0', 'P:0', 'PP[1]:1', 'RC[1]:1', 'S[1]:0', 'S[2]:0', 'S[3]:0', 'VP[1]:1', 'VP[2]:1', 'VP[3]:1', 'VPpp[1]:1', 'Vi:0', 'Vi:1', 'Vpp:0', 'Vpp:1', '_']
Number of fillers: 27
GscNet.__init__: np.random.seed(1024) called, position=624
Computing change-of-basis matrices...
  N shape: (405, 405) (0.00 GB)
  Kronecker product took 0.00 s
  Computing pseudo-inverse using fast Kronecker decomposition...
  Fast pseudo-inverse took 0.00 s (vs. minutes for direct method)
  C shape: (405, 405)
DEBUG _add_change_of_basis_matrices
  ✓ Change-of-basis complete (C: (405, 405), no S materialization)
  ✓ Memory saved by not creating S: 0.0 TB
0.013704299926757812 s for generating encodings
✓ GscNet fast lookups built in 0.001s (15 roles, 27 fillers, 405 bindings)
Initializing parameters on CPU with NumPy...
  Large grammar detected (405 bindings)
  Dense WC would be 0.0 GB - using SPARSE matrix!
  Using dok_matrix for memory-efficient construction...
__init__ sets use_sparse to be True
DEBUG: _build_model starts
  Building weight model from 74 HG rules...
  Initializing WC as LIL matrix for efficient construction...
    Processing binary and copy rules...
      Found 38 binary/copy rules
    Processing competition rules...
    Processing unary rules...
    Adding grammatical constraints...
    Converting WC from Lil to CSR for efficient operations...
      WC: 760 non-zero elements (99.5367% sparse)
      Conversion took 0.00s
    Setting weights...
    Setting biases...
  ✓ Weight model built in 0.01s (0.00 min)
DEBUG: _adjust_default_param_vals starts
DEBUG: bias2weight starts
DEBUG: bias2weight
  ✓ Final WC sparsity: 99.2897% (1,165 non-zero out of 164,025)
  ✓ Memory saved: 0.0 GB (dense) → 0.0 MB (sparse)
  ✓ Reduction: 70x
0.016635894775390625 s for initializing parameter values
    Finding equilibrium with integration (dur=10)...
    Random state position after get_ep: 456
0.4778480529785156 s for finding a global equilibrium point

======================================================================
MODE VERIFICATION:
======================================================================
  use_sparse: True
  WC type: scipy.sparse.csr.csr_matrix
  WC shape: (405, 405)
  WC non-zeros: 1,165 (0.7103% fill)
  dim_f used: 27
  dim_r used: 15
  num_fillers: 27
  num_roles: 15
  num_bindings: 405
======================================================================

Generating corpus with 5000 samples...
first sentence took 0.0s to generate
  Generated 500/5000 samples (1343.5 samples/s, 0.1 min remaining)
  Generated 1000/5000 samples (1369.8 samples/s, 0.0 min remaining)
  Generated 1500/5000 samples (1384.1 samples/s, 0.0 min remaining)
  Generated 2000/5000 samples (1360.3 samples/s, 0.0 min remaining)
  Generated 2500/5000 samples (1353.5 samples/s, 0.0 min remaining)
  Generated 3000/5000 samples (1349.2 samples/s, 0.0 min remaining)
  Generated 3500/5000 samples (1352.0 samples/s, 0.0 min remaining)
  Generated 4000/5000 samples (1353.6 samples/s, 0.0 min remaining)
  Generated 4500/5000 samples (1344.3 samples/s, 0.0 min remaining)
✓ Corpus generation complete in 3.7s (0.1 min)
  5 unique sentences from 5000 samples
  Random state position after corpus: 230

======================================================================
Target sentence probabilities (first 10):
Sentence 0: p = 0.3436 (N Vi)
Sentence 1: p = 0.3082 (N Vi P N)
Sentence 2: p = 0.1768 (N BE Vpp)
Sentence 3: p = 0.1194 (N BE Vpp P N)
Sentence 4: p = 0.0520 (N Vpp P N Vi)
      Processing all roles in batches...
      Processing batch 1/2 (roles 0-10/15)...
      Total mask0 construction: 0.00s
      mask0 has 40,095 non-zero entries

Checking mask0:
  mask0 non-zero entries: 40,095

========================================
=== WC Statistics BEFORE Training ===
  WC type: sparse, nnz=1165
  WC sum: -1308.000000
  WC diagonal sum: -2828.000000
  WC max: 2.000000, min: -10.000000
  First 10 non-zero entries (row, col, val):
    (0, 0): -10.000000
    (1, 1): -10.000000
    (2, 2): -10.000000
    (2, 137): 2.000000
    (2, 155): 2.000000
    (3, 3): -10.000000
    (3, 138): 2.000000
    (3, 146): 2.000000
    (3, 151): 2.000000
    (4, 4): -10.000000
========================================

=== Dynamics Test ===
  WC.dot(test_actC) sum: -636.8202978977
  WC.dot(test_actC) first 5: [-3.74540119 -9.50714306 -5.42979096 -3.56107319  1.36228328]
========================================

======================================================================
Training Grammar 1...
======================================================================
RANDOM STATE AT FIRST train2() CALL: position=230
PRE-TRAINING: Removed 15 explicit zeros from WC
INIT WC (SPARSE): sum=-1308.0000000000, abssum=4348.0000000000, nnz=1150
INIT bC: sum=0.0000000000, abssum=0.0000000000
    [Epoch 1] GRADIENT DIAG (SPARSE): trees=7, positions=385, val_sum=-0.000000
      grad_dict: 232 unique positions, 231 non-zero values, sum=-0.000000
      WARNING: 1 values smaller than 1e-10!
      SPARSE dWC: nnz=232, sum=-0.000000
      Gradient targets: 158 existing WC positions (grad_sum=48.9876)
                        74 NEW positions (grad_sum=21.0312)
      Current WC nnz: 1150
    Finding equilibrium with integration (dur=10)...
    Random state position after get_ep: 402
    [Epoch 2] GRADIENT DIAG (SPARSE): trees=8, positions=440, val_sum=-0.000000
      grad_dict: 233 unique positions, 232 non-zero values, sum=-0.000000
      WARNING: 1 values smaller than 1e-10!
      SPARSE dWC: nnz=233, sum=-0.000000
      Gradient targets: 215 existing WC positions (grad_sum=62.0348)
                        18 NEW positions (grad_sum=4.5000)
      Current WC nnz: 1224
    Finding equilibrium with integration (dur=10)...
    Random state position after get_ep: 206
    [Epoch 3] GRADIENT DIAG (SPARSE): trees=9, positions=495, val_sum=-0.000000
      grad_dict: 254 unique positions, 253 non-zero values, sum=-0.000000
      WARNING: 1 values smaller than 1e-10!
      SPARSE dWC: nnz=254, sum=-0.000000
      Gradient targets: 226 existing WC positions (grad_sum=46.0872)
                        28 NEW positions (grad_sum=9.5000)
      Current WC nnz: 1242
    Finding equilibrium with integration (dur=10)...
    Random state position after get_ep: 22
    [Epoch 4] GRADIENT DIAG (SPARSE): trees=9, positions=495, val_sum=-0.000000
      grad_dict: 237 unique positions, 236 non-zero values, sum=-0.000000
      WARNING: 1 values smaller than 1e-10!
      SPARSE dWC: nnz=237, sum=-0.000000
      Gradient targets: 215 existing WC positions (grad_sum=59.7068)
                        22 NEW positions (grad_sum=6.0000)
      Current WC nnz: 1270
    Finding equilibrium with integration (dur=10)...
    Random state position after get_ep: 210
    [Epoch 5] GRADIENT DIAG (SPARSE): trees=7, positions=385, val_sum=-0.000000
      grad_dict: 215 unique positions, 214 non-zero values, sum=-0.000000
      WARNING: 1 values smaller than 1e-10!
      SPARSE dWC: nnz=215, sum=-0.000000
      Gradient targets: 209 existing WC positions (grad_sum=36.4268)
                        6 NEW positions (grad_sum=2.5000)
      Current WC nnz: 1292
    Finding equilibrium with integration (dur=10)...
    Random state position after get_ep: 422
INIT WC (SPARSE): sum=-1308.0000000000, abssum=4357.1936000000, nnz=1298
INIT bC: sum=0.0000000000, abssum=0.0000000000
    Finding equilibrium with integration (dur=10)...
    Random state position after get_ep: 278
    Finding equilibrium with integration (dur=10)...
    Random state position after get_ep: 46
    Finding equilibrium with integration (dur=10)...
    Random state position after get_ep: 98
    Finding equilibrium with integration (dur=10)...
    Random state position after get_ep: 154
    Finding equilibrium with integration (dur=10)...
    Random state position after get_ep: 258
[0010]   23.193 | 0.000 0.000 0.250 0.500 0.000 | 0.750 | 0.631 0.000
    TIMING: total=3.6s | estimate_prob=3.1s (84%) | cost_grad=0.0s (0%) | other=0.6s
INIT WC (SPARSE): sum=-1308.0000000000, abssum=4357.7032000000, nnz=1310
INIT bC: sum=0.0000000000, abssum=0.0000000000
    Finding equilibrium with integration (dur=10)...
    Random state position after get_ep: 2
    Finding equilibrium with integration (dur=10)...
    Random state position after get_ep: 538
    Finding equilibrium with integration (dur=10)...
    Random state position after get_ep: 282
    Finding equilibrium with integration (dur=10)...
    Random state position after get_ep: 62
    Finding equilibrium with integration (dur=10)...
    Random state position after get_ep: 82
INIT WC (SPARSE): sum=-1308.0000000000, abssum=4359.3540000000, nnz=1330
INIT bC: sum=0.0000000000, abssum=0.0000000000
    Finding equilibrium with integration (dur=10)...
    Random state position after get_ep: 226
    Finding equilibrium with integration (dur=10)...
    Random state position after get_ep: 334
    Finding equilibrium with integration (dur=10)...
    Random state position after get_ep: 418
    Finding equilibrium with integration (dur=10)...
    Random state position after get_ep: 298
    Finding equilibrium with integration (dur=10)...
    Random state position after get_ep: 358
[0020]   22.539 | 0.000 0.750 0.000 0.000 0.000 | 0.750 | 0.692 0.000
    TIMING: total=4.1s | estimate_prob=3.6s (87%) | cost_grad=0.0s (0%) | other=0.6s
INIT WC (SPARSE): sum=-1308.0000000000, abssum=4360.1752000000, nnz=1330
INIT bC: sum=0.0000000000, abssum=0.0000000000
    Finding equilibrium with integration (dur=10)...
    Random state position after get_ep: 318
    Finding equilibrium with integration (dur=10)...
    Random state position after get_ep: 602
    Finding equilibrium with integration (dur=10)...
    Random state position after get_ep: 78
    Finding equilibrium with integration (dur=10)...
    Random state position after get_ep: 46
    Finding equilibrium with integration (dur=10)...
    Random state position after get_ep: 450
INIT WC (SPARSE): sum=-1308.0000000000, abssum=4360.8260000000, nnz=1330
INIT bC: sum=0.0000000000, abssum=0.0000000000
    Finding equilibrium with integration (dur=10)...
    Random state position after get_ep: 222
    Finding equilibrium with integration (dur=10)...
    Random state position after get_ep: 190
    Finding equilibrium with integration (dur=10)...
    Random state position after get_ep: 78
    Finding equilibrium with integration (dur=10)...
    Random state position after get_ep: 138
    Finding equilibrium with integration (dur=10)...
    Random state position after get_ep: 246
[0030]   27.040 | 0.000 0.000 0.750 0.000 0.000 | 0.750 | 0.573 0.000
    TIMING: total=3.4s | estimate_prob=2.9s (85%) | cost_grad=0.0s (0%) | other=0.5s
INIT WC (SPARSE): sum=-1308.0000000000, abssum=4361.4112000000, nnz=1332
INIT bC: sum=0.0000000000, abssum=0.0000000000
    Finding equilibrium with integration (dur=10)...
    Random state position after get_ep: 614
    Finding equilibrium with integration (dur=10)...
    Random state position after get_ep: 518
    Finding equilibrium with integration (dur=10)...
    Random state position after get_ep: 422
    Finding equilibrium with integration (dur=10)...
    Random state position after get_ep: 398
    Finding equilibrium with integration (dur=10)...
    Random state position after get_ep: 18
INIT WC (SPARSE): sum=-1308.0000000000, abssum=4362.2248000000, nnz=1340
INIT bC: sum=0.0000000000, abssum=0.0000000000
    Finding equilibrium with integration (dur=10)...
    Random state position after get_ep: 266
    Finding equilibrium with integration (dur=10)...
    Random state position after get_ep: 218
    Finding equilibrium with integration (dur=10)...
    Random state position after get_ep: 534
    Finding equilibrium with integration (dur=10)...
    Random state position after get_ep: 274
    Finding equilibrium with integration (dur=10)...
    Random state position after get_ep: 30
[0040]   15.648 | 0.250 0.000 0.750 0.000 0.000 | 1.000 | 0.573 0.000
    TIMING: total=3.7s | estimate_prob=3.2s (86%) | cost_grad=0.0s (0%) | other=0.5s
INIT WC (SPARSE): sum=-1308.0000000000, abssum=4363.1128000000, nnz=1356
INIT bC: sum=0.0000000000, abssum=0.0000000000
    Finding equilibrium with integration (dur=10)...
    Random state position after get_ep: 198
    Finding equilibrium with integration (dur=10)...
    Random state position after get_ep: 578
    Finding equilibrium with integration (dur=10)...
    Random state position after get_ep: 278
    Finding equilibrium with integration (dur=10)...
    Random state position after get_ep: 10
    Finding equilibrium with integration (dur=10)...
    Random state position after get_ep: 206
INIT WC (SPARSE): sum=-1308.0000000000, abssum=4363.5680000000, nnz=1362
INIT bC: sum=0.0000000000, abssum=0.0000000000
    Finding equilibrium with integration (dur=10)...
    Random state position after get_ep: 198
    Finding equilibrium with integration (dur=10)...
    Random state position after get_ep: 250
    Finding equilibrium with integration (dur=10)...
    Random state position after get_ep: 150
    Finding equilibrium with integration (dur=10)...
    Random state position after get_ep: 130
    Finding equilibrium with integration (dur=10)...
    Random state position after get_ep: 422
[0050]   22.450 | 0.000 1.000 0.000 0.000 0.000 | 1.000 | 0.692 0.000
    TIMING: total=3.8s | estimate_prob=3.2s (85%) | cost_grad=0.0s (0%) | other=0.6s
INIT WC (SPARSE): sum=-1308.0000000000, abssum=4364.7520000000, nnz=1366
INIT bC: sum=0.0000000000, abssum=0.0000000000
    Finding equilibrium with integration (dur=10)...
    Random state position after get_ep: 578
    Finding equilibrium with integration (dur=10)...
    Random state position after get_ep: 18
    Finding equilibrium with integration (dur=10)...
    Random state position after get_ep: 214
    Finding equilibrium with integration (dur=10)...
    Random state position after get_ep: 246
    Finding equilibrium with integration (dur=10)...
    Random state position after get_ep: 582
INIT WC (SPARSE): sum=-1308.0000000000, abssum=4365.8476000000, nnz=1370
INIT bC: sum=0.0000000000, abssum=0.0000000000
    Finding equilibrium with integration (dur=10)...
    Random state position after get_ep: 482
    Finding equilibrium with integration (dur=10)...
    Random state position after get_ep: 554
    Finding equilibrium with integration (dur=10)...
    Random state position after get_ep: 130
    Finding equilibrium with integration (dur=10)...
    Random state position after get_ep: 262
    Finding equilibrium with integration (dur=10)...
    Random state position after get_ep: 486
[0060]   27.413 | 0.000 0.000 0.000 0.250 0.250 | 0.500 | 0.579 0.000
    TIMING: total=3.4s | estimate_prob=2.9s (85%) | cost_grad=0.0s (0%) | other=0.5s
INIT WC (SPARSE): sum=-1308.0000000000, abssum=4367.2224000000, nnz=1386
INIT bC: sum=0.0000000000, abssum=0.0000000000
    Finding equilibrium with integration (dur=10)...
    Random state position after get_ep: 382
    Finding equilibrium with integration (dur=10)...
    Random state position after get_ep: 54
    Finding equilibrium with integration (dur=10)...
    Random state position after get_ep: 334
    Finding equilibrium with integration (dur=10)...
    Random state position after get_ep: 622
    Finding equilibrium with integration (dur=10)...
    Random state position after get_ep: 538
INIT WC (SPARSE): sum=-1308.0000000000, abssum=4367.4252000000, nnz=1396
INIT bC: sum=0.0000000000, abssum=0.0000000000
    Finding equilibrium with integration (dur=10)...
    Random state position after get_ep: 518
    Finding equilibrium with integration (dur=10)...
    Random state position after get_ep: 298
    Finding equilibrium with integration (dur=10)...
    Random state position after get_ep: 98
    Finding equilibrium with integration (dur=10)...
    Random state position after get_ep: 282
    Finding equilibrium with integration (dur=10)...
    Random state position after get_ep: 382
[0070]   21.228 | 1.000 0.000 0.000 0.000 0.000 | 1.000 | 0.656 0.000
    TIMING: total=3.6s | estimate_prob=3.1s (85%) | cost_grad=0.0s (0%) | other=0.5s
INIT WC (SPARSE): sum=-1308.0000000000, abssum=4367.2656000000, nnz=1400
INIT bC: sum=0.0000000000, abssum=0.0000000000
    Finding equilibrium with integration (dur=10)...
    Random state position after get_ep: 354
    Finding equilibrium with integration (dur=10)...
    Random state position after get_ep: 470
    Finding equilibrium with integration (dur=10)...
    Random state position after get_ep: 618
    Finding equilibrium with integration (dur=10)...
    Random state position after get_ep: 62
    Finding equilibrium with integration (dur=10)...
    Random state position after get_ep: 502
INIT WC (SPARSE): sum=-1308.0000000000, abssum=4368.2420000000, nnz=1404
INIT bC: sum=0.0000000000, abssum=0.0000000000
    Finding equilibrium with integration (dur=10)...
    Random state position after get_ep: 342
    Finding equilibrium with integration (dur=10)...
    Random state position after get_ep: 402
    Finding equilibrium with integration (dur=10)...
    Random state position after get_ep: 10
    Finding equilibrium with integration (dur=10)...
    Random state position after get_ep: 474
    Finding equilibrium with integration (dur=10)...
    Random state position after get_ep: 270
[0080]   26.989 | 0.000 0.000 1.000 0.000 0.000 | 1.000 | 0.823 0.000
    TIMING: total=3.4s | estimate_prob=2.9s (86%) | cost_grad=0.0s (0%) | other=0.5s
INIT WC (SPARSE): sum=-1308.0000000000, abssum=4368.5840000000, nnz=1404
INIT bC: sum=0.0000000000, abssum=0.0000000000
    Finding equilibrium with integration (dur=10)...
    Random state position after get_ep: 170
    Finding equilibrium with integration (dur=10)...
    Random state position after get_ep: 574
    Finding equilibrium with integration (dur=10)...
    Random state position after get_ep: 378
    Finding equilibrium with integration (dur=10)...
    Random state position after get_ep: 86
    Finding equilibrium with integration (dur=10)...
    Random state position after get_ep: 390
INIT WC (SPARSE): sum=-1308.0000000000, abssum=4369.4080000000, nnz=1414
INIT bC: sum=0.0000000000, abssum=0.0000000000
    Finding equilibrium with integration (dur=10)...
    Random state position after get_ep: 326
    Finding equilibrium with integration (dur=10)...
    Random state position after get_ep: 622
    Finding equilibrium with integration (dur=10)...
    Random state position after get_ep: 254
    Finding equilibrium with integration (dur=10)...
    Random state position after get_ep: 446
    Finding equilibrium with integration (dur=10)...
    Random state position after get_ep: 70
[0090]   15.648 | 0.250 0.000 0.750 0.000 0.000 | 1.000 | 0.573 0.000
    TIMING: total=4.8s | estimate_prob=4.2s (88%) | cost_grad=0.0s (0%) | other=0.6s
INIT WC (SPARSE): sum=-1308.0000000000, abssum=4369.3272000000, nnz=1418
INIT bC: sum=0.0000000000, abssum=0.0000000000
    Finding equilibrium with integration (dur=10)...
    Random state position after get_ep: 30
    Finding equilibrium with integration (dur=10)...
    Random state position after get_ep: 390
    Finding equilibrium with integration (dur=10)...
    Random state position after get_ep: 174
    Finding equilibrium with integration (dur=10)...
    Random state position after get_ep: 266
    Finding equilibrium with integration (dur=10)...
    Random state position after get_ep: 318
INIT WC (SPARSE): sum=-1308.0000000000, abssum=4370.0792000000, nnz=1418
INIT bC: sum=0.0000000000, abssum=0.0000000000
    Finding equilibrium with integration (dur=10)...
    Random state position after get_ep: 518
    Finding equilibrium with integration (dur=10)...
    Random state position after get_ep: 2
    Finding equilibrium with integration (dur=10)...
    Random state position after get_ep: 482
    Finding equilibrium with integration (dur=10)...
    Random state position after get_ep: 270
    Finding equilibrium with integration (dur=10)...
    Random state position after get_ep: 502
[0100]   15.648 | 0.250 0.000 0.750 0.000 0.000 | 1.000 | 0.573 0.000
    TIMING: total=3.7s | estimate_prob=3.2s (87%) | cost_grad=0.0s (0%) | other=0.5s
INIT WC (SPARSE): sum=-1308.0000000000, abssum=4370.0080000000, nnz=1418
INIT bC: sum=0.0000000000, abssum=0.0000000000
    [Epoch 101] GRADIENT DIAG (SPARSE): trees=5, positions=275, val_sum=-0.000000
      grad_dict: 202 unique positions, 201 non-zero values, sum=-0.000000
      WARNING: 1 values smaller than 1e-10!
      SPARSE dWC: nnz=202, sum=-0.000000
      Gradient targets: 202 existing WC positions (grad_sum=57.3384)
                        0 NEW positions (grad_sum=0.0000)
      Current WC nnz: 1418
    Finding equilibrium with integration (dur=10)...
    Random state position after get_ep: 258
    Finding equilibrium with integration (dur=10)...
    Random state position after get_ep: 422
    Finding equilibrium with integration (dur=10)...
    Random state position after get_ep: 370
    Finding equilibrium with integration (dur=10)...
    Random state position after get_ep: 38
    Finding equilibrium with integration (dur=10)...
    Random state position after get_ep: 230
INIT WC (SPARSE): sum=-1308.0000000000, abssum=4370.1880000000, nnz=1418
INIT bC: sum=0.0000000000, abssum=0.0000000000
    Finding equilibrium with integration (dur=10)...
    Random state position after get_ep: 142
    Finding equilibrium with integration (dur=10)...
    Random state position after get_ep: 406
    Finding equilibrium with integration (dur=10)...
    Random state position after get_ep: 298
    Finding equilibrium with integration (dur=10)...
    Random state position after get_ep: 290
    Finding equilibrium with integration (dur=10)...
    Random state position after get_ep: 502
[0110]   21.551 | 0.000 0.000 0.250 0.250 0.250 | 0.750 | 0.579 0.000
    TIMING: total=3.2s | estimate_prob=2.7s (85%) | cost_grad=0.0s (0%) | other=0.5s
INIT WC (SPARSE): sum=-1308.0000000000, abssum=4371.7888000000, nnz=1418
INIT bC: sum=0.0000000000, abssum=0.0000000000
    Finding equilibrium with integration (dur=10)...
    Random state position after get_ep: 226
    Finding equilibrium with integration (dur=10)...
    Random state position after get_ep: 146
    Finding equilibrium with integration (dur=10)...
    Random state position after get_ep: 342
    Finding equilibrium with integration (dur=10)...
    Random state position after get_ep: 370
    Finding equilibrium with integration (dur=10)...
    Random state position after get_ep: 34
INIT WC (SPARSE): sum=-1308.0000000000, abssum=4371.6520000000, nnz=1422
INIT bC: sum=0.0000000000, abssum=0.0000000000
    Finding equilibrium with integration (dur=10)...
    Random state position after get_ep: 474
    Finding equilibrium with integration (dur=10)...
    Random state position after get_ep: 166
    Finding equilibrium with integration (dur=10)...
    Random state position after get_ep: 174
    Finding equilibrium with integration (dur=10)...
    Random state position after get_ep: 278
    Finding equilibrium with integration (dur=10)...
    Random state position after get_ep: 298
[0120]   11.248 | 0.500 0.250 0.000 0.000 0.000 | 0.750 | 0.296 0.000
    TIMING: total=3.7s | estimate_prob=3.2s (85%) | cost_grad=0.0s (0%) | other=0.5s
INIT WC (SPARSE): sum=-1308.0000000000, abssum=4372.0760000000, nnz=1422
INIT bC: sum=0.0000000000, abssum=0.0000000000
    Finding equilibrium with integration (dur=10)...
    Random state position after get_ep: 426
    Finding equilibrium with integration (dur=10)...
    Random state position after get_ep: 462
    Finding equilibrium with integration (dur=10)...
    Random state position after get_ep: 546
    Finding equilibrium with integration (dur=10)...
    Random state position after get_ep: 510
    Finding equilibrium with integration (dur=10)...
    Random state position after get_ep: 98
INIT WC (SPARSE): sum=-1308.0000000000, abssum=4372.4000000000, nnz=1422
INIT bC: sum=0.0000000000, abssum=0.0000000000
    Finding equilibrium with integration (dur=10)...
    Random state position after get_ep: 106
    Finding equilibrium with integration (dur=10)...
    Random state position after get_ep: 302
    Finding equilibrium with integration (dur=10)...
    Random state position after get_ep: 410
    Finding equilibrium with integration (dur=10)...
    Random state position after get_ep: 246
    Finding equilibrium with integration (dur=10)...
    Random state position after get_ep: 538
[0130]   11.109 | 0.750 0.250 0.000 0.000 0.000 | 1.000 | 0.406 0.000
    TIMING: total=3.7s | estimate_prob=3.2s (86%) | cost_grad=0.0s (0%) | other=0.5s
INIT WC (SPARSE): sum=-1308.0000000000, abssum=4372.8768000000, nnz=1424
INIT bC: sum=0.0000000000, abssum=0.0000000000
    Finding equilibrium with integration (dur=10)...
    Random state position after get_ep: 194
    Finding equilibrium with integration (dur=10)...
    Random state position after get_ep: 114
    Finding equilibrium with integration (dur=10)...
    Random state position after get_ep: 226
    Finding equilibrium with integration (dur=10)...
    Random state position after get_ep: 494
    Finding equilibrium with integration (dur=10)...
    Random state position after get_ep: 314
INIT WC (SPARSE): sum=-1308.0000000000, abssum=4373.1480000000, nnz=1424
INIT bC: sum=0.0000000000, abssum=0.0000000000
    Finding equilibrium with integration (dur=10)...
    Random state position after get_ep: 450
    Finding equilibrium with integration (dur=10)...
    Random state position after get_ep: 362
    Finding equilibrium with integration (dur=10)...
    Random state position after get_ep: 106
    Finding equilibrium with integration (dur=10)...
    Random state position after get_ep: 114
    Finding equilibrium with integration (dur=10)...
    Random state position after get_ep: 238
[0140]   26.989 | 0.000 0.000 1.000 0.000 0.000 | 1.000 | 0.823 0.000
    TIMING: total=4.4s | estimate_prob=3.9s (88%) | cost_grad=0.0s (0%) | other=0.5s
INIT WC (SPARSE): sum=-1308.0000000000, abssum=4372.8904000000, nnz=1424
INIT bC: sum=0.0000000000, abssum=0.0000000000
    Finding equilibrium with integration (dur=10)...
    Random state position after get_ep: 18
    Finding equilibrium with integration (dur=10)...
    Random state position after get_ep: 170
    Finding equilibrium with integration (dur=10)...
    Random state position after get_ep: 282
    Finding equilibrium with integration (dur=10)...
    Random state position after get_ep: 26
    Finding equilibrium with integration (dur=10)...
    Random state position after get_ep: 574
INIT WC (SPARSE): sum=-1308.0000000000, abssum=4372.7960000000, nnz=1424
INIT bC: sum=0.0000000000, abssum=0.0000000000
    Finding equilibrium with integration (dur=10)...
    Random state position after get_ep: 114
    Finding equilibrium with integration (dur=10)...
    Random state position after get_ep: 82
    Finding equilibrium with integration (dur=10)...
    Random state position after get_ep: 122
    Finding equilibrium with integration (dur=10)...
    Random state position after get_ep: 58
    Finding equilibrium with integration (dur=10)...
    Random state position after get_ep: 94
[0150]   15.482 | 0.500 0.000 0.500 0.000 0.000 | 1.000 | 0.480 0.000
    TIMING: total=3.8s | estimate_prob=3.3s (86%) | cost_grad=0.0s (0%) | other=0.5s
INIT WC (SPARSE): sum=-1308.0000000000, abssum=4373.3400000000, nnz=1424
INIT bC: sum=0.0000000000, abssum=0.0000000000
    Finding equilibrium with integration (dur=10)...
    Random state position after get_ep: 206
    Finding equilibrium with integration (dur=10)...
    Random state position after get_ep: 406
    Finding equilibrium with integration (dur=10)...
    Random state position after get_ep: 550
    Finding equilibrium with integration (dur=10)...
    Random state position after get_ep: 562
    Finding equilibrium with integration (dur=10)...
    Random state position after get_ep: 562
INIT WC (SPARSE): sum=-1308.0000000000, abssum=4374.6440000000, nnz=1426
INIT bC: sum=0.0000000000, abssum=0.0000000000
    Finding equilibrium with integration (dur=10)...
    Random state position after get_ep: 314
    Finding equilibrium with integration (dur=10)...
    Random state position after get_ep: 70
    Finding equilibrium with integration (dur=10)...
    Random state position after get_ep: 218
    Finding equilibrium with integration (dur=10)...
    Random state position after get_ep: 38
    Finding equilibrium with integration (dur=10)...
    Random state position after get_ep: 74
[0160]   15.843 | 0.250 0.000 0.250 0.000 0.000 | 0.500 | 0.250 0.000
    TIMING: total=3.4s | estimate_prob=3.0s (86%) | cost_grad=0.0s (0%) | other=0.5s
INIT WC (SPARSE): sum=-1308.0000000000, abssum=4375.2680000000, nnz=1426
INIT bC: sum=0.0000000000, abssum=0.0000000000
    Finding equilibrium with integration (dur=10)...
    Random state position after get_ep: 198
    Finding equilibrium with integration (dur=10)...
    Random state position after get_ep: 266
    Finding equilibrium with integration (dur=10)...
    Random state position after get_ep: 70
    Finding equilibrium with integration (dur=10)...
    Random state position after get_ep: 358
    Finding equilibrium with integration (dur=10)...
    Random state position after get_ep: 122
INIT WC (SPARSE): sum=-1308.0000000000, abssum=4375.1920000000, nnz=1426
INIT bC: sum=0.0000000000, abssum=0.0000000000
    Finding equilibrium with integration (dur=10)...
    Random state position after get_ep: 54
    Finding equilibrium with integration (dur=10)...
    Random state position after get_ep: 598
    Finding equilibrium with integration (dur=10)...
    Random state position after get_ep: 222
    Finding equilibrium with integration (dur=10)...
    Random state position after get_ep: 458
    Finding equilibrium with integration (dur=10)...
    Random state position after get_ep: 410
[0170]   15.720 | 0.250 0.000 0.500 0.000 0.000 | 0.750 | 0.323 0.000
    TIMING: total=4.6s | estimate_prob=3.9s (85%) | cost_grad=0.0s (0%) | other=0.7s
INIT WC (SPARSE): sum=-1308.0000000000, abssum=4376.3160000000, nnz=1426
INIT bC: sum=0.0000000000, abssum=0.0000000000
    Finding equilibrium with integration (dur=10)...
    Random state position after get_ep: 546
    Finding equilibrium with integration (dur=10)...
    Random state position after get_ep: 82
    Finding equilibrium with integration (dur=10)...
    Random state position after get_ep: 258
    Finding equilibrium with integration (dur=10)...
    Random state position after get_ep: 618
    Finding equilibrium with integration (dur=10)...
    Random state position after get_ep: 314
INIT WC (SPARSE): sum=-1308.0000000000, abssum=4376.2400000000, nnz=1426
INIT bC: sum=0.0000000000, abssum=0.0000000000
    Finding equilibrium with integration (dur=10)...
    Random state position after get_ep: 438
    Finding equilibrium with integration (dur=10)...
    Random state position after get_ep: 90
    Finding equilibrium with integration (dur=10)...
    Random state position after get_ep: 246
    Finding equilibrium with integration (dur=10)...
    Random state position after get_ep: 466
    Finding equilibrium with integration (dur=10)...
    Random state position after get_ep: 430
[0180]   16.803 | 0.000 0.500 0.250 0.000 0.000 | 0.750 | 0.442 0.000
    TIMING: total=3.3s | estimate_prob=2.9s (86%) | cost_grad=0.0s (0%) | other=0.5s
INIT WC (SPARSE): sum=-1308.0000000000, abssum=4376.6640000000, nnz=1426
INIT bC: sum=0.0000000000, abssum=0.0000000000
    Finding equilibrium with integration (dur=10)...
    Random state position after get_ep: 214
    Finding equilibrium with integration (dur=10)...
    Random state position after get_ep: 222
    Finding equilibrium with integration (dur=10)...
    Random state position after get_ep: 446
    Finding equilibrium with integration (dur=10)...
    Random state position after get_ep: 214
    Finding equilibrium with integration (dur=10)...
    Random state position after get_ep: 394
INIT WC (SPARSE): sum=-1308.0000000000, abssum=4376.8880000000, nnz=1426
INIT bC: sum=0.0000000000, abssum=0.0000000000
    Finding equilibrium with integration (dur=10)...
    Random state position after get_ep: 246
    Finding equilibrium with integration (dur=10)...
    Random state position after get_ep: 462
    Finding equilibrium with integration (dur=10)...
    Random state position after get_ep: 34
    Finding equilibrium with integration (dur=10)...
    Random state position after get_ep: 594
    Finding equilibrium with integration (dur=10)...
    Random state position after get_ep: 150
[0190]   15.482 | 0.500 0.000 0.500 0.000 0.000 | 1.000 | 0.480 0.000
    TIMING: total=3.6s | estimate_prob=3.1s (87%) | cost_grad=0.0s (0%) | other=0.5s
INIT WC (SPARSE): sum=-1308.0000000000, abssum=4376.3120000000, nnz=1426
INIT bC: sum=0.0000000000, abssum=0.0000000000
    Finding equilibrium with integration (dur=10)...
    Random state position after get_ep: 202
    Finding equilibrium with integration (dur=10)...
    Random state position after get_ep: 534
    Finding equilibrium with integration (dur=10)...
    Random state position after get_ep: 114
    Finding equilibrium with integration (dur=10)...
    Random state position after get_ep: 530
    Finding equilibrium with integration (dur=10)...
    Random state position after get_ep: 86
INIT WC (SPARSE): sum=-1308.0000000000, abssum=4377.7360000000, nnz=1426
INIT bC: sum=0.0000000000, abssum=0.0000000000
    Finding equilibrium with integration (dur=10)...
    Random state position after get_ep: 278
    Finding equilibrium with integration (dur=10)...
    Random state position after get_ep: 114
    Finding equilibrium with integration (dur=10)...
    Random state position after get_ep: 410
    Finding equilibrium with integration (dur=10)...
    Random state position after get_ep: 202
    Finding equilibrium with integration (dur=10)...
    Random state position after get_ep: 618
[0200]   15.482 | 0.500 0.000 0.500 0.000 0.000 | 1.000 | 0.480 0.000
    TIMING: total=3.3s | estimate_prob=2.8s (86%) | cost_grad=0.0s (0%) | other=0.5s
INIT WC (SPARSE): sum=-1308.0000000000, abssum=4377.0600000000, nnz=1426
INIT bC: sum=0.0000000000, abssum=0.0000000000
    [Epoch 201] GRADIENT DIAG (SPARSE): trees=6, positions=330, val_sum=-0.000000
      grad_dict: 204 unique positions, 203 non-zero values, sum=-0.000000
      WARNING: 1 values smaller than 1e-10!
      SPARSE dWC: nnz=204, sum=-0.000000
      Gradient targets: 204 existing WC positions (grad_sum=49.6768)
                        0 NEW positions (grad_sum=0.0000)
      Current WC nnz: 1426
    Finding equilibrium with integration (dur=10)...
    Random state position after get_ep: 14
    Finding equilibrium with integration (dur=10)...
    Random state position after get_ep: 42
    Finding equilibrium with integration (dur=10)...
    Random state position after get_ep: 50
    Finding equilibrium with integration (dur=10)...
    Random state position after get_ep: 554
    Finding equilibrium with integration (dur=10)...
    Random state position after get_ep: 346
INIT WC (SPARSE): sum=-1308.0000000000, abssum=4377.6840000000, nnz=1428
INIT bC: sum=0.0000000000, abssum=0.0000000000
    Finding equilibrium with integration (dur=10)...
    Random state position after get_ep: 66
    Finding equilibrium with integration (dur=10)...
    Random state position after get_ep: 414
    Finding equilibrium with integration (dur=10)...
    Random state position after get_ep: 370
    Finding equilibrium with integration (dur=10)...
    Random state position after get_ep: 422
    Finding equilibrium with integration (dur=10)...
    Random state position after get_ep: 358
[0210]   22.450 | 0.000 1.000 0.000 0.000 0.000 | 1.000 | 0.692 0.000
    TIMING: total=3.3s | estimate_prob=2.9s (85%) | cost_grad=0.0s (0%) | other=0.5s
INIT WC (SPARSE): sum=-1308.0000000000, abssum=4378.0080000000, nnz=1428
INIT bC: sum=0.0000000000, abssum=0.0000000000
    Finding equilibrium with integration (dur=10)...
    Random state position after get_ep: 494
    Finding equilibrium with integration (dur=10)...
    Random state position after get_ep: 598
    Finding equilibrium with integration (dur=10)...
    Random state position after get_ep: 558
    Finding equilibrium with integration (dur=10)...
    Random state position after get_ep: 46
    Finding equilibrium with integration (dur=10)...
    Random state position after get_ep: 430
INIT WC (SPARSE): sum=-1308.0000000000, abssum=4377.9320000000, nnz=1428
INIT bC: sum=0.0000000000, abssum=0.0000000000
    Finding equilibrium with integration (dur=10)...
    Random state position after get_ep: 422
    Finding equilibrium with integration (dur=10)...
    Random state position after get_ep: 38
    Finding equilibrium with integration (dur=10)...
    Random state position after get_ep: 354
    Finding equilibrium with integration (dur=10)...
    Random state position after get_ep: 330
    Finding equilibrium with integration (dur=10)...
    Random state position after get_ep: 526
[0220]   31.314 | 0.000 0.000 0.000 0.000 0.750 | 0.750 | 0.948 0.000
    TIMING: total=3.1s | estimate_prob=2.6s (85%) | cost_grad=0.0s (0%) | other=0.5s
INIT WC (SPARSE): sum=-1308.0000000000, abssum=4378.4992000000, nnz=1428
INIT bC: sum=0.0000000000, abssum=0.0000000000
    Finding equilibrium with integration (dur=10)...
    Random state position after get_ep: 38
    Finding equilibrium with integration (dur=10)...
    Random state position after get_ep: 118
    Finding equilibrium with integration (dur=10)...
    Random state position after get_ep: 466
    Finding equilibrium with integration (dur=10)...
    Random state position after get_ep: 210
    Finding equilibrium with integration (dur=10)...
    Random state position after get_ep: 354
INIT WC (SPARSE): sum=-1308.0000000000, abssum=4378.5560000000, nnz=1428
INIT bC: sum=0.0000000000, abssum=0.0000000000
    Finding equilibrium with integration (dur=10)...
    Random state position after get_ep: 90
    Finding equilibrium with integration (dur=10)...
    Random state position after get_ep: 618
    Finding equilibrium with integration (dur=10)...
    Random state position after get_ep: 614
    Finding equilibrium with integration (dur=10)...
    Random state position after get_ep: 358
    Finding equilibrium with integration (dur=10)...
    Random state position after get_ep: 138
[0230]    7.314 | 0.250 0.500 0.000 0.250 0.000 | 1.000 | 0.270 0.000
    TIMING: total=3.9s | estimate_prob=3.2s (84%) | cost_grad=0.0s (0%) | other=0.6s
INIT WC (SPARSE): sum=-1308.0000000000, abssum=4378.1040000000, nnz=1428
INIT bC: sum=0.0000000000, abssum=0.0000000000
    Finding equilibrium with integration (dur=10)...
    Random state position after get_ep: 58
    Finding equilibrium with integration (dur=10)...
    Random state position after get_ep: 538
    Finding equilibrium with integration (dur=10)...
    Random state position after get_ep: 506
    Finding equilibrium with integration (dur=10)...
    Random state position after get_ep: 38
    Finding equilibrium with integration (dur=10)...
    Random state position after get_ep: 390
INIT WC (SPARSE): sum=-1308.0000000000, abssum=4378.1280000000, nnz=1428
INIT bC: sum=0.0000000000, abssum=0.0000000000
    Finding equilibrium with integration (dur=10)...
    Random state position after get_ep: 590
    Finding equilibrium with integration (dur=10)...
    Random state position after get_ep: 62
    Finding equilibrium with integration (dur=10)...
    Random state position after get_ep: 2
    Finding equilibrium with integration (dur=10)...
    Random state position after get_ep: 254
    Finding equilibrium with integration (dur=10)...
    Random state position after get_ep: 502
[0240]   21.228 | 1.000 0.000 0.000 0.000 0.000 | 1.000 | 0.656 0.000
    TIMING: total=3.8s | estimate_prob=3.2s (86%) | cost_grad=0.0s (0%) | other=0.5s
INIT WC (SPARSE): sum=-1308.0000000000, abssum=4377.7520000000, nnz=1428
INIT bC: sum=0.0000000000, abssum=0.0000000000
    Finding equilibrium with integration (dur=10)...
    Random state position after get_ep: 50
    Finding equilibrium with integration (dur=10)...
    Random state position after get_ep: 390
    Finding equilibrium with integration (dur=10)...
    Random state position after get_ep: 510
    Finding equilibrium with integration (dur=10)...
    Random state position after get_ep: 482
    Finding equilibrium with integration (dur=10)...
    Random state position after get_ep: 522
INIT WC (SPARSE): sum=-1308.0000000000, abssum=4377.7832000000, nnz=1428
INIT bC: sum=0.0000000000, abssum=0.0000000000
    Finding equilibrium with integration (dur=10)...
    Random state position after get_ep: 582
    Finding equilibrium with integration (dur=10)...
    Random state position after get_ep: 194
    Finding equilibrium with integration (dur=10)...
    Random state position after get_ep: 322
    Finding equilibrium with integration (dur=10)...
    Random state position after get_ep: 250
    Finding equilibrium with integration (dur=10)...
    Random state position after get_ep: 162
[0250]   11.109 | 0.750 0.250 0.000 0.000 0.000 | 1.000 | 0.406 0.000
    TIMING: total=4.4s | estimate_prob=3.9s (88%) | cost_grad=0.0s (0%) | other=0.5s
INIT WC (SPARSE): sum=-1308.0000000000, abssum=4378.5000000000, nnz=1428
INIT bC: sum=0.0000000000, abssum=0.0000000000
    Finding equilibrium with integration (dur=10)...
    Random state position after get_ep: 30
    Finding equilibrium with integration (dur=10)...
    Random state position after get_ep: 402
    Finding equilibrium with integration (dur=10)...
    Random state position after get_ep: 322
    Finding equilibrium with integration (dur=10)...
    Random state position after get_ep: 34
    Finding equilibrium with integration (dur=10)...
    Random state position after get_ep: 426
INIT WC (SPARSE): sum=-1308.0000000000, abssum=4378.9240000000, nnz=1428
INIT bC: sum=0.0000000000, abssum=0.0000000000
    Finding equilibrium with integration (dur=10)...
    Random state position after get_ep: 582
    Finding equilibrium with integration (dur=10)...
    Random state position after get_ep: 470
    Finding equilibrium with integration (dur=10)...
    Random state position after get_ep: 598
    Finding equilibrium with integration (dur=10)...
    Random state position after get_ep: 298
    Finding equilibrium with integration (dur=10)...
    Random state position after get_ep: 466
[0260]   15.465 | 0.750 0.000 0.250 0.000 0.000 | 1.000 | 0.480 0.000
    TIMING: total=3.1s | estimate_prob=2.7s (86%) | cost_grad=0.0s (0%) | other=0.4s
INIT WC (SPARSE): sum=-1308.0000000000, abssum=4378.7008000000, nnz=1430
INIT bC: sum=0.0000000000, abssum=0.0000000000
    Finding equilibrium with integration (dur=10)...
    Random state position after get_ep: 198
    Finding equilibrium with integration (dur=10)...
    Random state position after get_ep: 118
    Finding equilibrium with integration (dur=10)...
    Random state position after get_ep: 242
    Finding equilibrium with integration (dur=10)...
    Random state position after get_ep: 174
    Finding equilibrium with integration (dur=10)...
    Random state position after get_ep: 62
INIT WC (SPARSE): sum=-1308.0000000000, abssum=4379.6720000000, nnz=1430
INIT bC: sum=0.0000000000, abssum=0.0000000000
    Finding equilibrium with integration (dur=10)...
    Random state position after get_ep: 426
    Finding equilibrium with integration (dur=10)...
    Random state position after get_ep: 166
    Finding equilibrium with integration (dur=10)...
    Random state position after get_ep: 194
    Finding equilibrium with integration (dur=10)...
    Random state position after get_ep: 218
    Finding equilibrium with integration (dur=10)...
    Random state position after get_ep: 454
[0270]   22.539 | 0.000 0.750 0.000 0.000 0.000 | 0.750 | 0.692 0.000
    TIMING: total=3.1s | estimate_prob=2.6s (85%) | cost_grad=0.0s (0%) | other=0.5s
INIT WC (SPARSE): sum=-1308.0000000000, abssum=4379.2960000000, nnz=1430
INIT bC: sum=0.0000000000, abssum=0.0000000000
    Finding equilibrium with integration (dur=10)...
    Random state position after get_ep: 102
    Finding equilibrium with integration (dur=10)...
    Random state position after get_ep: 214
    Finding equilibrium with integration (dur=10)...
    Random state position after get_ep: 210
    Finding equilibrium with integration (dur=10)...
    Random state position after get_ep: 170
    Finding equilibrium with integration (dur=10)...
    Random state position after get_ep: 470
INIT WC (SPARSE): sum=-1308.0000000000, abssum=4379.1220000000, nnz=1432
INIT bC: sum=0.0000000000, abssum=0.0000000000
    Finding equilibrium with integration (dur=10)...
    Random state position after get_ep: 214
    Finding equilibrium with integration (dur=10)...
    Random state position after get_ep: 278
    Finding equilibrium with integration (dur=10)...
    Random state position after get_ep: 294
    Finding equilibrium with integration (dur=10)...
    Random state position after get_ep: 178
    Finding equilibrium with integration (dur=10)...
    Random state position after get_ep: 506
[0280]   22.450 | 0.000 1.000 0.000 0.000 0.000 | 1.000 | 0.692 0.000
    TIMING: total=3.5s | estimate_prob=3.0s (85%) | cost_grad=0.0s (0%) | other=0.5s
INIT WC (SPARSE): sum=-1308.0000000000, abssum=4380.0440000000, nnz=1432
INIT bC: sum=0.0000000000, abssum=0.0000000000
    Finding equilibrium with integration (dur=10)...
    Random state position after get_ep: 446
    Finding equilibrium with integration (dur=10)...
    Random state position after get_ep: 314
    Finding equilibrium with integration (dur=10)...
    Random state position after get_ep: 310
    Finding equilibrium with integration (dur=10)...
    Random state position after get_ep: 246
    Finding equilibrium with integration (dur=10)...
    Random state position after get_ep: 358
INIT WC (SPARSE): sum=-1308.0000000000, abssum=4379.9028000000, nnz=1434
INIT bC: sum=0.0000000000, abssum=0.0000000000
    Finding equilibrium with integration (dur=10)...
    Random state position after get_ep: 238
    Finding equilibrium with integration (dur=10)...
    Random state position after get_ep: 410
    Finding equilibrium with integration (dur=10)...
    Random state position after get_ep: 558
    Finding equilibrium with integration (dur=10)...
    Random state position after get_ep: 330
    Finding equilibrium with integration (dur=10)...
    Random state position after get_ep: 398
[0290]   21.228 | 1.000 0.000 0.000 0.000 0.000 | 1.000 | 0.656 0.000
    TIMING: total=3.4s | estimate_prob=2.9s (86%) | cost_grad=0.0s (0%) | other=0.5s
INIT WC (SPARSE): sum=-1308.0000000000, abssum=4379.6920000000, nnz=1434
INIT bC: sum=0.0000000000, abssum=0.0000000000
    Finding equilibrium with integration (dur=10)...
    Random state position after get_ep: 622
    Finding equilibrium with integration (dur=10)...
    Random state position after get_ep: 122
    Finding equilibrium with integration (dur=10)...
    Random state position after get_ep: 254
    Finding equilibrium with integration (dur=10)...
    Random state position after get_ep: 210
    Finding equilibrium with integration (dur=10)...
    Random state position after get_ep: 494
INIT WC (SPARSE): sum=-1308.0000000000, abssum=4380.4836000000, nnz=1434
INIT bC: sum=0.0000000000, abssum=0.0000000000
    Finding equilibrium with integration (dur=10)...
    Random state position after get_ep: 570
    Finding equilibrium with integration (dur=10)...
    Random state position after get_ep: 130
    Finding equilibrium with integration (dur=10)...
    Random state position after get_ep: 326
    Finding equilibrium with integration (dur=10)...
    Random state position after get_ep: 286
    Finding equilibrium with integration (dur=10)...
    Random state position after get_ep: 18
[0300]    5.625 | 0.250 0.250 0.250 0.000 0.000 | 0.750 | 0.250 0.000
    TIMING: total=3.7s | estimate_prob=3.1s (84%) | cost_grad=0.0s (0%) | other=0.6s
INIT WC (SPARSE): sum=-1308.0000000000, abssum=4380.6240000000, nnz=1434
INIT bC: sum=0.0000000000, abssum=0.0000000000
    [Epoch 301] GRADIENT DIAG (SPARSE): trees=5, positions=275, val_sum=-0.000000
      grad_dict: 202 unique positions, 201 non-zero values, sum=-0.000000
      WARNING: 1 values smaller than 1e-10!
      SPARSE dWC: nnz=202, sum=-0.000000
      Gradient targets: 202 existing WC positions (grad_sum=36.8384)
                        0 NEW positions (grad_sum=0.0000)
      Current WC nnz: 1434
    Finding equilibrium with integration (dur=10)...
    Random state position after get_ep: 550
    Finding equilibrium with integration (dur=10)...
    Random state position after get_ep: 274
    Finding equilibrium with integration (dur=10)...
    Random state position after get_ep: 490
    Finding equilibrium with integration (dur=10)...
    Random state position after get_ep: 14
    Finding equilibrium with integration (dur=10)...
    Random state position after get_ep: 318
INIT WC (SPARSE): sum=-1308.0000000000, abssum=4381.6640000000, nnz=1434
INIT bC: sum=0.0000000000, abssum=0.0000000000
    Finding equilibrium with integration (dur=10)...
    Random state position after get_ep: 254
    Finding equilibrium with integration (dur=10)...
    Random state position after get_ep: 222
    Finding equilibrium with integration (dur=10)...
    Random state position after get_ep: 218
    Finding equilibrium with integration (dur=10)...
    Random state position after get_ep: 506
    Finding equilibrium with integration (dur=10)...
    Random state position after get_ep: 234
[0310]   17.614 | 0.250 0.000 0.000 0.750 0.000 | 1.000 | 0.631 0.000
    TIMING: total=3.5s | estimate_prob=2.9s (83%) | cost_grad=0.0s (0%) | other=0.6s
INIT WC (SPARSE): sum=-1308.0000000000, abssum=4382.2048000000, nnz=1434
INIT bC: sum=0.0000000000, abssum=0.0000000000
    Finding equilibrium with integration (dur=10)...
    Random state position after get_ep: 182
    Finding equilibrium with integration (dur=10)...
    Random state position after get_ep: 358
    Finding equilibrium with integration (dur=10)...
    Random state position after get_ep: 494
    Finding equilibrium with integration (dur=10)...
    Random state position after get_ep: 26
    Finding equilibrium with integration (dur=10)...
    Random state position after get_ep: 470
INIT WC (SPARSE): sum=-1308.0000000000, abssum=4382.1120000000, nnz=1434
INIT bC: sum=0.0000000000, abssum=0.0000000000
    Finding equilibrium with integration (dur=10)...
    Random state position after get_ep: 530
    Finding equilibrium with integration (dur=10)...
    Random state position after get_ep: 522
    Finding equilibrium with integration (dur=10)...
    Random state position after get_ep: 14
    Finding equilibrium with integration (dur=10)...
    Random state position after get_ep: 274
    Finding equilibrium with integration (dur=10)...
    Random state position after get_ep: 510
[0320]   22.450 | 0.000 1.000 0.000 0.000 0.000 | 1.000 | 0.692 0.000
    TIMING: total=3.9s | estimate_prob=3.3s (85%) | cost_grad=0.0s (0%) | other=0.6s
INIT WC (SPARSE): sum=-1308.0000000000, abssum=4382.6360000000, nnz=1434
INIT bC: sum=0.0000000000, abssum=0.0000000000
    Finding equilibrium with integration (dur=10)...
    Random state position after get_ep: 486
    Finding equilibrium with integration (dur=10)...
    Random state position after get_ep: 402
    Finding equilibrium with integration (dur=10)...
    Random state position after get_ep: 390
    Finding equilibrium with integration (dur=10)...
    Random state position after get_ep: 442
    Finding equilibrium with integration (dur=10)...
    Random state position after get_ep: 250
INIT WC (SPARSE): sum=-1308.0000000000, abssum=4383.4600000000, nnz=1434
INIT bC: sum=0.0000000000, abssum=0.0000000000
    Finding equilibrium with integration (dur=10)...
    Random state position after get_ep: 606
    Finding equilibrium with integration (dur=10)...
    Random state position after get_ep: 258
    Finding equilibrium with integration (dur=10)...
    Random state position after get_ep: 518
    Finding equilibrium with integration (dur=10)...
    Random state position after get_ep: 474
    Finding equilibrium with integration (dur=10)...
    Random state position after get_ep: 386
[0330]   11.801 | 0.250 0.000 0.250 0.500 0.000 | 1.000 | 0.454 0.000
    TIMING: total=3.2s | estimate_prob=2.7s (85%) | cost_grad=0.0s (0%) | other=0.5s
INIT WC (SPARSE): sum=-1308.0000000000, abssum=4383.0840000000, nnz=1434
INIT bC: sum=0.0000000000, abssum=0.0000000000
    Finding equilibrium with integration (dur=10)...
    Random state position after get_ep: 102
    Finding equilibrium with integration (dur=10)...
    Random state position after get_ep: 290
    Finding equilibrium with integration (dur=10)...
    Random state position after get_ep: 374
    Finding equilibrium with integration (dur=10)...
    Random state position after get_ep: 514
    Finding equilibrium with integration (dur=10)...
    Random state position after get_ep: 582
INIT WC (SPARSE): sum=-1308.0000000000, abssum=4382.8068000000, nnz=1434
INIT bC: sum=0.0000000000, abssum=0.0000000000
    Finding equilibrium with integration (dur=10)...
    Random state position after get_ep: 66
    Finding equilibrium with integration (dur=10)...
    Random state position after get_ep: 226
    Finding equilibrium with integration (dur=10)...
    Random state position after get_ep: 346
    Finding equilibrium with integration (dur=10)...
    Random state position after get_ep: 98
    Finding equilibrium with integration (dur=10)...
    Random state position after get_ep: 406
[0340]   18.581 | 0.000 0.750 0.000 0.250 0.000 | 1.000 | 0.520 0.000
    TIMING: total=3.1s | estimate_prob=2.7s (86%) | cost_grad=0.0s (0%) | other=0.4s
INIT WC (SPARSE): sum=-1308.0000000000, abssum=4383.5472000000, nnz=1448
INIT bC: sum=0.0000000000, abssum=0.0000000000
    Finding equilibrium with integration (dur=10)...
    Random state position after get_ep: 170
    Finding equilibrium with integration (dur=10)...
    Random state position after get_ep: 330
    Finding equilibrium with integration (dur=10)...
    Random state position after get_ep: 50
    Finding equilibrium with integration (dur=10)...
    Random state position after get_ep: 226
    Finding equilibrium with integration (dur=10)...
    Random state position after get_ep: 290
INIT WC (SPARSE): sum=-1308.0000000000, abssum=4383.4876000000, nnz=1448
INIT bC: sum=0.0000000000, abssum=0.0000000000
    Finding equilibrium with integration (dur=10)...
    Random state position after get_ep: 214
    Finding equilibrium with integration (dur=10)...
    Random state position after get_ep: 538
    Finding equilibrium with integration (dur=10)...
    Random state position after get_ep: 506
    Finding equilibrium with integration (dur=10)...
    Random state position after get_ep: 70
    Finding equilibrium with integration (dur=10)...
    Random state position after get_ep: 546
[0350]   21.228 | 1.000 0.000 0.000 0.000 0.000 | 1.000 | 0.656 0.000
    TIMING: total=3.2s | estimate_prob=2.7s (86%) | cost_grad=0.0s (0%) | other=0.4s
INIT WC (SPARSE): sum=-1308.0000000000, abssum=4383.6280000000, nnz=1448
INIT bC: sum=0.0000000000, abssum=0.0000000000
    Finding equilibrium with integration (dur=10)...
    Random state position after get_ep: 326
    Finding equilibrium with integration (dur=10)...
    Random state position after get_ep: 458
    Finding equilibrium with integration (dur=10)...
    Random state position after get_ep: 110
    Finding equilibrium with integration (dur=10)...
    Random state position after get_ep: 190
    Finding equilibrium with integration (dur=10)...
    Random state position after get_ep: 238
INIT WC (SPARSE): sum=-1308.0000000000, abssum=4383.8684000000, nnz=1450
INIT bC: sum=0.0000000000, abssum=0.0000000000
    Finding equilibrium with integration (dur=10)...
    Random state position after get_ep: 126
    Finding equilibrium with integration (dur=10)...
    Random state position after get_ep: 218
    Finding equilibrium with integration (dur=10)...
    Random state position after get_ep: 270
    Finding equilibrium with integration (dur=10)...
    Random state position after get_ep: 566
    Finding equilibrium with integration (dur=10)...
    Random state position after get_ep: 326
[0360]   12.975 | 0.000 0.250 0.250 0.500 0.000 | 1.000 | 0.454 0.000
    TIMING: total=3.6s | estimate_prob=3.1s (85%) | cost_grad=0.0s (0%) | other=0.5s
INIT WC (SPARSE): sum=-1308.0000000000, abssum=4383.6088000000, nnz=1450
INIT bC: sum=0.0000000000, abssum=0.0000000000
    Finding equilibrium with integration (dur=10)...
    Random state position after get_ep: 46
    Finding equilibrium with integration (dur=10)...
    Random state position after get_ep: 410
    Finding equilibrium with integration (dur=10)...
    Random state position after get_ep: 226
    Finding equilibrium with integration (dur=10)...
    Random state position after get_ep: 66
    Finding equilibrium with integration (dur=10)...
    Random state position after get_ep: 510
INIT WC (SPARSE): sum=-1308.0000000000, abssum=4383.7492000000, nnz=1450
INIT bC: sum=0.0000000000, abssum=0.0000000000
    Finding equilibrium with integration (dur=10)...
    Random state position after get_ep: 430
    Finding equilibrium with integration (dur=10)...
    Random state position after get_ep: 226
    Finding equilibrium with integration (dur=10)...
    Random state position after get_ep: 42
    Finding equilibrium with integration (dur=10)...
    Random state position after get_ep: 122
    Finding equilibrium with integration (dur=10)...
    Random state position after get_ep: 282
[0370]   11.148 | 0.250 0.750 0.000 0.000 0.000 | 1.000 | 0.442 0.000
    TIMING: total=3.2s | estimate_prob=2.7s (84%) | cost_grad=0.0s (0%) | other=0.5s
INIT WC (SPARSE): sum=-1308.0000000000, abssum=4384.5032000000, nnz=1454
INIT bC: sum=0.0000000000, abssum=0.0000000000
    Finding equilibrium with integration (dur=10)...
    Random state position after get_ep: 542
    Finding equilibrium with integration (dur=10)...
    Random state position after get_ep: 106
    Finding equilibrium with integration (dur=10)...
    Random state position after get_ep: 46
    Finding equilibrium with integration (dur=10)...
    Random state position after get_ep: 58
    Finding equilibrium with integration (dur=10)...
    Random state position after get_ep: 282
INIT WC (SPARSE): sum=-1308.0000000000, abssum=4383.9300000000, nnz=1454
INIT bC: sum=0.0000000000, abssum=0.0000000000
    Finding equilibrium with integration (dur=10)...
    Random state position after get_ep: 238
    Finding equilibrium with integration (dur=10)...
    Random state position after get_ep: 390
    Finding equilibrium with integration (dur=10)...
    Random state position after get_ep: 470
    Finding equilibrium with integration (dur=10)...
    Random state position after get_ep: 314
    Finding equilibrium with integration (dur=10)...
    Random state position after get_ep: 482
[0380]   21.228 | 1.000 0.000 0.000 0.000 0.000 | 1.000 | 0.656 0.000
    TIMING: total=3.3s | estimate_prob=2.8s (84%) | cost_grad=0.0s (0%) | other=0.5s
INIT WC (SPARSE): sum=-1308.0000000000, abssum=4384.3704000000, nnz=1456
INIT bC: sum=0.0000000000, abssum=0.0000000000
    Finding equilibrium with integration (dur=10)...
    Random state position after get_ep: 250
    Finding equilibrium with integration (dur=10)...
    Random state position after get_ep: 190
    Finding equilibrium with integration (dur=10)...
    Random state position after get_ep: 90
    Finding equilibrium with integration (dur=10)...
    Random state position after get_ep: 334
    Finding equilibrium with integration (dur=10)...
    Random state position after get_ep: 502
INIT WC (SPARSE): sum=-1308.0000000000, abssum=4384.4108000000, nnz=1456
INIT bC: sum=0.0000000000, abssum=0.0000000000
    Finding equilibrium with integration (dur=10)...
    Random state position after get_ep: 30
    Finding equilibrium with integration (dur=10)...
    Random state position after get_ep: 46
    Finding equilibrium with integration (dur=10)...
    Random state position after get_ep: 90
    Finding equilibrium with integration (dur=10)...
    Random state position after get_ep: 286
    Finding equilibrium with integration (dur=10)...
    Random state position after get_ep: 594
[0390]   16.894 | 0.000 0.250 0.500 0.000 0.000 | 0.750 | 0.454 0.000
    TIMING: total=3.4s | estimate_prob=2.9s (85%) | cost_grad=0.0s (0%) | other=0.5s
INIT WC (SPARSE): sum=-1308.0000000000, abssum=4384.6512000000, nnz=1456
INIT bC: sum=0.0000000000, abssum=0.0000000000
    Finding equilibrium with integration (dur=10)...
    Random state position after get_ep: 210
    Finding equilibrium with integration (dur=10)...
    Random state position after get_ep: 590
    Finding equilibrium with integration (dur=10)...
    Random state position after get_ep: 470
    Finding equilibrium with integration (dur=10)...
    Random state position after get_ep: 566
    Finding equilibrium with integration (dur=10)...
    Random state position after get_ep: 114
INIT WC (SPARSE): sum=-1308.0000000000, abssum=4384.4916000000, nnz=1456
INIT bC: sum=0.0000000000, abssum=0.0000000000
    Finding equilibrium with integration (dur=10)...
    Random state position after get_ep: 418
    Finding equilibrium with integration (dur=10)...
    Random state position after get_ep: 402
    Finding equilibrium with integration (dur=10)...
    Random state position after get_ep: 566
    Finding equilibrium with integration (dur=10)...
    Random state position after get_ep: 58
    Finding equilibrium with integration (dur=10)...
    Random state position after get_ep: 514
[0400]   17.368 | 0.750 0.000 0.000 0.250 0.000 | 1.000 | 0.406 0.000
    TIMING: total=4.2s | estimate_prob=3.6s (86%) | cost_grad=0.0s (0%) | other=0.6s
INIT WC (SPARSE): sum=-1308.0000000000, abssum=4384.3520000000, nnz=1456
INIT bC: sum=0.0000000000, abssum=0.0000000000
    [Epoch 401] GRADIENT DIAG (SPARSE): trees=5, positions=275, val_sum=-0.000000
      grad_dict: 202 unique positions, 201 non-zero values, sum=-0.000000
      WARNING: 1 values smaller than 1e-10!
      SPARSE dWC: nnz=202, sum=-0.000000
      Gradient targets: 202 existing WC positions (grad_sum=51.9164)
                        0 NEW positions (grad_sum=0.0000)
      Current WC nnz: 1456
    Finding equilibrium with integration (dur=10)...
    Random state position after get_ep: 30
    Finding equilibrium with integration (dur=10)...
    Random state position after get_ep: 254
    Finding equilibrium with integration (dur=10)...
    Random state position after get_ep: 198
    Finding equilibrium with integration (dur=10)...
    Random state position after get_ep: 94
    Finding equilibrium with integration (dur=10)...
    Random state position after get_ep: 314
INIT WC (SPARSE): sum=-1308.0000000000, abssum=4384.7724000000, nnz=1456
INIT bC: sum=0.0000000000, abssum=0.0000000000
    Finding equilibrium with integration (dur=10)...
    Random state position after get_ep: 586
    Finding equilibrium with integration (dur=10)...
    Random state position after get_ep: 538
    Finding equilibrium with integration (dur=10)...
    Random state position after get_ep: 406
    Finding equilibrium with integration (dur=10)...
    Random state position after get_ep: 38
    Finding equilibrium with integration (dur=10)...
    Random state position after get_ep: 86
[0410]   11.148 | 0.250 0.750 0.000 0.000 0.000 | 1.000 | 0.442 0.000
    TIMING: total=3.5s | estimate_prob=2.9s (83%) | cost_grad=0.0s (0%) | other=0.6s
INIT WC (SPARSE): sum=-1308.0000000000, abssum=4384.9128000000, nnz=1456
INIT bC: sum=0.0000000000, abssum=0.0000000000
    Finding equilibrium with integration (dur=10)...
    Random state position after get_ep: 470
    Finding equilibrium with integration (dur=10)...
    Random state position after get_ep: 510
    Finding equilibrium with integration (dur=10)...
    Random state position after get_ep: 270
    Finding equilibrium with integration (dur=10)...
    Random state position after get_ep: 406
    Finding equilibrium with integration (dur=10)...
    Random state position after get_ep: 266
INIT WC (SPARSE): sum=-1308.0000000000, abssum=4385.6532000000, nnz=1456
INIT bC: sum=0.0000000000, abssum=0.0000000000
    Finding equilibrium with integration (dur=10)...
    Random state position after get_ep: 294
    Finding equilibrium with integration (dur=10)...
    Random state position after get_ep: 154
    Finding equilibrium with integration (dur=10)...
    Random state position after get_ep: 346
    Finding equilibrium with integration (dur=10)...
    Random state position after get_ep: 582
    Finding equilibrium with integration (dur=10)...
    Random state position after get_ep: 214
[0420]   22.450 | 0.000 1.000 0.000 0.000 0.000 | 1.000 | 0.692 0.000
    TIMING: total=3.3s | estimate_prob=2.8s (86%) | cost_grad=0.0s (0%) | other=0.5s
INIT WC (SPARSE): sum=-1308.0000000000, abssum=4385.6160000000, nnz=1456
INIT bC: sum=0.0000000000, abssum=0.0000000000
    Finding equilibrium with integration (dur=10)...
    Random state position after get_ep: 22
    Finding equilibrium with integration (dur=10)...
    Random state position after get_ep: 506
    Finding equilibrium with integration (dur=10)...
    Random state position after get_ep: 534
    Finding equilibrium with integration (dur=10)...
    Random state position after get_ep: 142
    Finding equilibrium with integration (dur=10)...
    Random state position after get_ep: 494
INIT WC (SPARSE): sum=-1308.0000000000, abssum=4385.7340000000, nnz=1456
INIT bC: sum=0.0000000000, abssum=0.0000000000
    Finding equilibrium with integration (dur=10)...
    Random state position after get_ep: 610
    Finding equilibrium with integration (dur=10)...
    Random state position after get_ep: 34
    Finding equilibrium with integration (dur=10)...
    Random state position after get_ep: 306
    Finding equilibrium with integration (dur=10)...
    Random state position after get_ep: 142
    Finding equilibrium with integration (dur=10)...
    Random state position after get_ep: 594
[0430]   15.482 | 0.500 0.000 0.500 0.000 0.000 | 1.000 | 0.480 0.000
    TIMING: total=3.4s | estimate_prob=2.6s (79%) | cost_grad=0.0s (0%) | other=0.7s
INIT WC (SPARSE): sum=-1308.0000000000, abssum=4385.1112000000, nnz=1456
INIT bC: sum=0.0000000000, abssum=0.0000000000
    Finding equilibrium with integration (dur=10)...
    Random state position after get_ep: 562
    Finding equilibrium with integration (dur=10)...
    Random state position after get_ep: 522
    Finding equilibrium with integration (dur=10)...
    Random state position after get_ep: 110
    Finding equilibrium with integration (dur=10)...
    Random state position after get_ep: 578
    Finding equilibrium with integration (dur=10)...
    Random state position after get_ep: 138
INIT WC (SPARSE): sum=-1308.0000000000, abssum=4385.1416000000, nnz=1456
INIT bC: sum=0.0000000000, abssum=0.0000000000
    Finding equilibrium with integration (dur=10)...
    Random state position after get_ep: 402
    Finding equilibrium with integration (dur=10)...
    Random state position after get_ep: 370
    Finding equilibrium with integration (dur=10)...
    Random state position after get_ep: 530
    Finding equilibrium with integration (dur=10)...
    Random state position after get_ep: 550
    Finding equilibrium with integration (dur=10)...
    Random state position after get_ep: 134
[0440]   26.989 | 0.000 0.000 1.000 0.000 0.000 | 1.000 | 0.823 0.000
    TIMING: total=3.3s | estimate_prob=2.9s (86%) | cost_grad=0.0s (0%) | other=0.5s
INIT WC (SPARSE): sum=-1308.0000000000, abssum=4385.4696000000, nnz=1456
INIT bC: sum=0.0000000000, abssum=0.0000000000
    Finding equilibrium with integration (dur=10)...
    Random state position after get_ep: 502
    Finding equilibrium with integration (dur=10)...
    Random state position after get_ep: 366
    Finding equilibrium with integration (dur=10)...
    Random state position after get_ep: 610
    Finding equilibrium with integration (dur=10)...
    Random state position after get_ep: 446
    Finding equilibrium with integration (dur=10)...
    Random state position after get_ep: 578
INIT WC (SPARSE): sum=-1308.0000000000, abssum=4385.1956000000, nnz=1456
INIT bC: sum=0.0000000000, abssum=0.0000000000
    Finding equilibrium with integration (dur=10)...
    Random state position after get_ep: 330
    Finding equilibrium with integration (dur=10)...
    Random state position after get_ep: 114
    Finding equilibrium with integration (dur=10)...
    Random state position after get_ep: 270
    Finding equilibrium with integration (dur=10)...
    Random state position after get_ep: 278
    Finding equilibrium with integration (dur=10)...
    Random state position after get_ep: 358
[0450]    9.524 | 0.500 0.250 0.000 0.000 0.250 | 1.000 | 0.296 0.000
    TIMING: total=3.7s | estimate_prob=3.1s (85%) | cost_grad=0.0s (0%) | other=0.5s
INIT WC (SPARSE): sum=-1308.0000000000, abssum=4385.7360000000, nnz=1458
INIT bC: sum=0.0000000000, abssum=0.0000000000
    Finding equilibrium with integration (dur=10)...
    Random state position after get_ep: 50
    Finding equilibrium with integration (dur=10)...
    Random state position after get_ep: 562
    Finding equilibrium with integration (dur=10)...
    Random state position after get_ep: 482
    Finding equilibrium with integration (dur=10)...
    Random state position after get_ep: 386
    Finding equilibrium with integration (dur=10)...
    Random state position after get_ep: 82
INIT WC (SPARSE): sum=-1308.0000000000, abssum=4385.6840000000, nnz=1458
INIT bC: sum=0.0000000000, abssum=0.0000000000
    Finding equilibrium with integration (dur=10)...
    Random state position after get_ep: 498
    Finding equilibrium with integration (dur=10)...
    Random state position after get_ep: 154
    Finding equilibrium with integration (dur=10)...
    Random state position after get_ep: 250
    Finding equilibrium with integration (dur=10)...
    Random state position after get_ep: 486
    Finding equilibrium with integration (dur=10)...
    Random state position after get_ep: 126
[0460]   15.482 | 0.500 0.000 0.500 0.000 0.000 | 1.000 | 0.480 0.000
    TIMING: total=3.9s | estimate_prob=3.3s (85%) | cost_grad=0.0s (0%) | other=0.6s
INIT WC (SPARSE): sum=-1308.0000000000, abssum=4385.6168000000, nnz=1458
INIT bC: sum=0.0000000000, abssum=0.0000000000
    Finding equilibrium with integration (dur=10)...
    Random state position after get_ep: 86
    Finding equilibrium with integration (dur=10)...
    Random state position after get_ep: 542
    Finding equilibrium with integration (dur=10)...
    Random state position after get_ep: 86
    Finding equilibrium with integration (dur=10)...
    Random state position after get_ep: 302
    Finding equilibrium with integration (dur=10)...
    Random state position after get_ep: 90
INIT WC (SPARSE): sum=-1308.0000000000, abssum=4386.1404000000, nnz=1458
INIT bC: sum=0.0000000000, abssum=0.0000000000
    Finding equilibrium with integration (dur=10)...
    Random state position after get_ep: 154
    Finding equilibrium with integration (dur=10)...
    Random state position after get_ep: 582
    Finding equilibrium with integration (dur=10)...
    Random state position after get_ep: 58
    Finding equilibrium with integration (dur=10)...
    Random state position after get_ep: 42
    Finding equilibrium with integration (dur=10)...
    Random state position after get_ep: 378
[0470]   15.465 | 0.750 0.000 0.250 0.000 0.000 | 1.000 | 0.480 0.000
    TIMING: total=3.4s | estimate_prob=2.8s (83%) | cost_grad=0.0s (0%) | other=0.6s
INIT WC (SPARSE): sum=-1308.0000000000, abssum=4386.1976000000, nnz=1460
INIT bC: sum=0.0000000000, abssum=0.0000000000
    Finding equilibrium with integration (dur=10)...
    Random state position after get_ep: 118
    Finding equilibrium with integration (dur=10)...
    Random state position after get_ep: 530
    Finding equilibrium with integration (dur=10)...
    Random state position after get_ep: 618
    Finding equilibrium with integration (dur=10)...
    Random state position after get_ep: 174
    Finding equilibrium with integration (dur=10)...
    Random state position after get_ep: 474
INIT WC (SPARSE): sum=-1308.0000000000, abssum=4386.4960000000, nnz=1462
INIT bC: sum=0.0000000000, abssum=0.0000000000
    Finding equilibrium with integration (dur=10)...
    Random state position after get_ep: 58
    Finding equilibrium with integration (dur=10)...
    Random state position after get_ep: 514
    Finding equilibrium with integration (dur=10)...
    Random state position after get_ep: 14
    Finding equilibrium with integration (dur=10)...
    Random state position after get_ep: 566
    Finding equilibrium with integration (dur=10)...
    Random state position after get_ep: 550
[0480]   25.316 | 0.000 0.000 0.750 0.000 0.250 | 1.000 | 0.573 0.000
    TIMING: total=3.9s | estimate_prob=3.3s (84%) | cost_grad=0.0s (0%) | other=0.6s
INIT WC (SPARSE): sum=-1308.0000000000, abssum=4386.3032000000, nnz=1462
INIT bC: sum=0.0000000000, abssum=0.0000000000
    Finding equilibrium with integration (dur=10)...
    Random state position after get_ep: 26
    Finding equilibrium with integration (dur=10)...
    Random state position after get_ep: 30
    Finding equilibrium with integration (dur=10)...
    Random state position after get_ep: 442
    Finding equilibrium with integration (dur=10)...
    Random state position after get_ep: 62
    Finding equilibrium with integration (dur=10)...
    Random state position after get_ep: 274
INIT WC (SPARSE): sum=-1308.0000000000, abssum=4386.0372000000, nnz=1462
INIT bC: sum=0.0000000000, abssum=0.0000000000
    Finding equilibrium with integration (dur=10)...
    Random state position after get_ep: 518
    Finding equilibrium with integration (dur=10)...
    Random state position after get_ep: 418
    Finding equilibrium with integration (dur=10)...
    Random state position after get_ep: 566
    Finding equilibrium with integration (dur=10)...
    Random state position after get_ep: 478
    Finding equilibrium with integration (dur=10)...
    Random state position after get_ep: 62
[0490]   15.465 | 0.750 0.000 0.250 0.000 0.000 | 1.000 | 0.480 0.000
    TIMING: total=3.7s | estimate_prob=3.1s (83%) | cost_grad=0.0s (0%) | other=0.6s
INIT WC (SPARSE): sum=-1308.0000000000, abssum=4385.9592000000, nnz=1462
INIT bC: sum=0.0000000000, abssum=0.0000000000
    Finding equilibrium with integration (dur=10)...
    Random state position after get_ep: 230
    Finding equilibrium with integration (dur=10)...
    Random state position after get_ep: 386
    Finding equilibrium with integration (dur=10)...
    Random state position after get_ep: 610
    Finding equilibrium with integration (dur=10)...
    Random state position after get_ep: 322
    Finding equilibrium with integration (dur=10)...
    Random state position after get_ep: 230
INIT WC (SPARSE): sum=-1308.0000000000, abssum=4386.2408000000, nnz=1464
INIT bC: sum=0.0000000000, abssum=0.0000000000
    Finding equilibrium with integration (dur=10)...
    Random state position after get_ep: 198
    Finding equilibrium with integration (dur=10)...
    Random state position after get_ep: 330
    Finding equilibrium with integration (dur=10)...
    Random state position after get_ep: 102
    Finding equilibrium with integration (dur=10)...
    Random state position after get_ep: 614
    Finding equilibrium with integration (dur=10)...
    Random state position after get_ep: 290
[0500]   15.465 | 0.750 0.000 0.250 0.000 0.000 | 1.000 | 0.480 0.000
    TIMING: total=3.9s | estimate_prob=3.2s (81%) | cost_grad=0.0s (0%) | other=0.7s
INIT WC (SPARSE): sum=-1308.0000000000, abssum=4385.9400000000, nnz=1464
INIT bC: sum=0.0000000000, abssum=0.0000000000
    [Epoch 501] GRADIENT DIAG (SPARSE): trees=6, positions=330, val_sum=-0.000000
      grad_dict: 204 unique positions, 203 non-zero values, sum=-0.000000
      WARNING: 1 values smaller than 1e-10!
      SPARSE dWC: nnz=204, sum=-0.000000
      Gradient targets: 204 existing WC positions (grad_sum=55.1180)
                        0 NEW positions (grad_sum=0.0000)
      Current WC nnz: 1464
    Finding equilibrium with integration (dur=10)...
    Random state position after get_ep: 466
    Finding equilibrium with integration (dur=10)...
    Random state position after get_ep: 158
    Finding equilibrium with integration (dur=10)...
    Random state position after get_ep: 174
    Finding equilibrium with integration (dur=10)...
    Random state position after get_ep: 242
    Finding equilibrium with integration (dur=10)...
    Random state position after get_ep: 22
INIT WC (SPARSE): sum=-1308.0000000000, abssum=4387.0804000000, nnz=1464
INIT bC: sum=0.0000000000, abssum=0.0000000000
    Finding equilibrium with integration (dur=10)...
    Random state position after get_ep: 102
    Finding equilibrium with integration (dur=10)...
    Random state position after get_ep: 490
    Finding equilibrium with integration (dur=10)...
    Random state position after get_ep: 94
    Finding equilibrium with integration (dur=10)...
    Random state position after get_ep: 282
    Finding equilibrium with integration (dur=10)...
    Random state position after get_ep: 406
[0510]   11.035 | 0.500 0.500 0.000 0.000 0.000 | 1.000 | 0.296 0.000
    TIMING: total=3.9s | estimate_prob=3.3s (86%) | cost_grad=0.0s (0%) | other=0.5s
INIT WC (SPARSE): sum=-1308.0000000000, abssum=4386.8208000000, nnz=1464
INIT bC: sum=0.0000000000, abssum=0.0000000000
    Finding equilibrium with integration (dur=10)...
    Random state position after get_ep: 266
    Finding equilibrium with integration (dur=10)...
    Random state position after get_ep: 258
    Finding equilibrium with integration (dur=10)...
    Random state position after get_ep: 42
    Finding equilibrium with integration (dur=10)...
    Random state position after get_ep: 50
    Finding equilibrium with integration (dur=10)...
    Random state position after get_ep: 426
INIT WC (SPARSE): sum=-1308.0000000000, abssum=4386.6612000000, nnz=1464
INIT bC: sum=0.0000000000, abssum=0.0000000000
    Finding equilibrium with integration (dur=10)...
    Random state position after get_ep: 446
    Finding equilibrium with integration (dur=10)...
    Random state position after get_ep: 414
    Finding equilibrium with integration (dur=10)...
    Random state position after get_ep: 250
    Finding equilibrium with integration (dur=10)...
    Random state position after get_ep: 386
    Finding equilibrium with integration (dur=10)...
    Random state position after get_ep: 526
[0520]   22.450 | 0.000 1.000 0.000 0.000 0.000 | 1.000 | 0.692 0.000
    TIMING: total=3.4s | estimate_prob=2.9s (85%) | cost_grad=0.0s (0%) | other=0.5s
INIT WC (SPARSE): sum=-1308.0000000000, abssum=4387.3960000000, nnz=1464
INIT bC: sum=0.0000000000, abssum=0.0000000000
    Finding equilibrium with integration (dur=10)...
    Random state position after get_ep: 162
    Finding equilibrium with integration (dur=10)...
    Random state position after get_ep: 342
    Finding equilibrium with integration (dur=10)...
    Random state position after get_ep: 66
    Finding equilibrium with integration (dur=10)...
    Random state position after get_ep: 386
    Finding equilibrium with integration (dur=10)...
    Random state position after get_ep: 126
INIT WC (SPARSE): sum=-1308.0000000000, abssum=4387.3160000000, nnz=1464
INIT bC: sum=0.0000000000, abssum=0.0000000000
    Finding equilibrium with integration (dur=10)...
    Random state position after get_ep: 138
    Finding equilibrium with integration (dur=10)...
    Random state position after get_ep: 350
    Finding equilibrium with integration (dur=10)...
    Random state position after get_ep: 114
    Finding equilibrium with integration (dur=10)...
    Random state position after get_ep: 158
    Finding equilibrium with integration (dur=10)...
    Random state position after get_ep: 142
[0530]   26.989 | 0.000 0.000 1.000 0.000 0.000 | 1.000 | 0.823 0.000
    TIMING: total=3.3s | estimate_prob=2.8s (86%) | cost_grad=0.0s (0%) | other=0.5s
INIT WC (SPARSE): sum=-1308.0000000000, abssum=4387.1208000000, nnz=1464
INIT bC: sum=0.0000000000, abssum=0.0000000000
    Finding equilibrium with integration (dur=10)...
    Random state position after get_ep: 534
    Finding equilibrium with integration (dur=10)...
    Random state position after get_ep: 278
    Finding equilibrium with integration (dur=10)...
    Random state position after get_ep: 286
    Finding equilibrium with integration (dur=10)...
    Random state position after get_ep: 354
    Finding equilibrium with integration (dur=10)...
    Random state position after get_ep: 570
INIT WC (SPARSE): sum=-1308.0000000000, abssum=4387.0228000000, nnz=1464
INIT bC: sum=0.0000000000, abssum=0.0000000000
    Finding equilibrium with integration (dur=10)...
    Random state position after get_ep: 18
    Finding equilibrium with integration (dur=10)...
    Random state position after get_ep: 494
    Finding equilibrium with integration (dur=10)...
    Random state position after get_ep: 182
    Finding equilibrium with integration (dur=10)...
    Random state position after get_ep: 470
    Finding equilibrium with integration (dur=10)...
    Random state position after get_ep: 102
[0540]   11.148 | 0.250 0.750 0.000 0.000 0.000 | 1.000 | 0.442 0.000
    TIMING: total=3.4s | estimate_prob=2.9s (87%) | cost_grad=0.0s (0%) | other=0.5s
INIT WC (SPARSE): sum=-1308.0000000000, abssum=4387.1536000000, nnz=1464
INIT bC: sum=0.0000000000, abssum=0.0000000000
    Finding equilibrium with integration (dur=10)...
    Random state position after get_ep: 602
    Finding equilibrium with integration (dur=10)...
    Random state position after get_ep: 430
    Finding equilibrium with integration (dur=10)...
    Random state position after get_ep: 374
    Finding equilibrium with integration (dur=10)...
    Random state position after get_ep: 214
    Finding equilibrium with integration (dur=10)...
    Random state position after get_ep: 142
INIT WC (SPARSE): sum=-1308.0000000000, abssum=4387.3576000000, nnz=1464
INIT bC: sum=0.0000000000, abssum=0.0000000000
    Finding equilibrium with integration (dur=10)...
    Random state position after get_ep: 578
    Finding equilibrium with integration (dur=10)...
    Random state position after get_ep: 34
    Finding equilibrium with integration (dur=10)...
    Random state position after get_ep: 266
    Finding equilibrium with integration (dur=10)...
    Random state position after get_ep: 482
    Finding equilibrium with integration (dur=10)...
    Random state position after get_ep: 50
[0550]   19.603 | 0.750 0.000 0.000 0.000 0.250 | 1.000 | 0.406 0.000
    TIMING: total=4.0s | estimate_prob=3.5s (87%) | cost_grad=0.0s (0%) | other=0.5s
INIT WC (SPARSE): sum=-1308.0000000000, abssum=4387.2440000000, nnz=1464
INIT bC: sum=0.0000000000, abssum=0.0000000000
    Finding equilibrium with integration (dur=10)...
    Random state position after get_ep: 498
    Finding equilibrium with integration (dur=10)...
    Random state position after get_ep: 362
    Finding equilibrium with integration (dur=10)...
    Random state position after get_ep: 390
    Finding equilibrium with integration (dur=10)...
    Random state position after get_ep: 30
    Finding equilibrium with integration (dur=10)...
    Random state position after get_ep: 606
INIT WC (SPARSE): sum=-1308.0000000000, abssum=4387.6912000000, nnz=1470
INIT bC: sum=0.0000000000, abssum=0.0000000000
    Finding equilibrium with integration (dur=10)...
    Random state position after get_ep: 562
    Finding equilibrium with integration (dur=10)...
    Random state position after get_ep: 562
    Finding equilibrium with integration (dur=10)...
    Random state position after get_ep: 546
    Finding equilibrium with integration (dur=10)...
    Random state position after get_ep: 174
    Finding equilibrium with integration (dur=10)...
    Random state position after get_ep: 146
[0560]   11.273 | 0.250 0.500 0.000 0.000 0.000 | 0.750 | 0.442 0.000
    TIMING: total=3.2s | estimate_prob=2.7s (86%) | cost_grad=0.0s (0%) | other=0.4s
INIT WC (SPARSE): sum=-1308.0000000000, abssum=4387.9248000000, nnz=1472
INIT bC: sum=0.0000000000, abssum=0.0000000000
    Finding equilibrium with integration (dur=10)...
    Random state position after get_ep: 70
    Finding equilibrium with integration (dur=10)...
    Random state position after get_ep: 314
    Finding equilibrium with integration (dur=10)...
    Random state position after get_ep: 338
    Finding equilibrium with integration (dur=10)...
    Random state position after get_ep: 214
    Finding equilibrium with integration (dur=10)...
    Random state position after get_ep: 166
INIT WC (SPARSE): sum=-1308.0000000000, abssum=4388.2184000000, nnz=1472
INIT bC: sum=0.0000000000, abssum=0.0000000000
    Finding equilibrium with integration (dur=10)...
    Random state position after get_ep: 106
    Finding equilibrium with integration (dur=10)...
    Random state position after get_ep: 386
    Finding equilibrium with integration (dur=10)...
    Random state position after get_ep: 378
    Finding equilibrium with integration (dur=10)...
    Random state position after get_ep: 114
    Finding equilibrium with integration (dur=10)...
    Random state position after get_ep: 90
[0570]   16.678 | 0.000 0.750 0.250 0.000 0.000 | 1.000 | 0.442 0.000
    TIMING: total=3.8s | estimate_prob=3.3s (87%) | cost_grad=0.0s (0%) | other=0.5s
INIT WC (SPARSE): sum=-1308.0000000000, abssum=4388.0288000000, nnz=1472
INIT bC: sum=0.0000000000, abssum=0.0000000000
    Finding equilibrium with integration (dur=10)...
    Random state position after get_ep: 562
    Finding equilibrium with integration (dur=10)...
    Random state position after get_ep: 234
    Finding equilibrium with integration (dur=10)...
    Random state position after get_ep: 150
    Finding equilibrium with integration (dur=10)...
    Random state position after get_ep: 214
    Finding equilibrium with integration (dur=10)...
    Random state position after get_ep: 86
INIT WC (SPARSE): sum=-1308.0000000000, abssum=4387.9600000000, nnz=1472
INIT bC: sum=0.0000000000, abssum=0.0000000000
    Finding equilibrium with integration (dur=10)...
    Random state position after get_ep: 38
    Finding equilibrium with integration (dur=10)...
    Random state position after get_ep: 134
    Finding equilibrium with integration (dur=10)...
    Random state position after get_ep: 470
    Finding equilibrium with integration (dur=10)...
    Random state position after get_ep: 326
    Finding equilibrium with integration (dur=10)...
    Random state position after get_ep: 94
[0580]   15.482 | 0.500 0.000 0.500 0.000 0.000 | 1.000 | 0.480 0.000
    TIMING: total=3.6s | estimate_prob=3.1s (86%) | cost_grad=0.0s (0%) | other=0.5s
INIT WC (SPARSE): sum=-1308.0000000000, abssum=4388.4896000000, nnz=1472
INIT bC: sum=0.0000000000, abssum=0.0000000000
    Finding equilibrium with integration (dur=10)...
    Random state position after get_ep: 390
    Finding equilibrium with integration (dur=10)...
    Random state position after get_ep: 90
    Finding equilibrium with integration (dur=10)...
    Random state position after get_ep: 474
    Finding equilibrium with integration (dur=10)...
    Random state position after get_ep: 18
    Finding equilibrium with integration (dur=10)...
    Random state position after get_ep: 430
INIT WC (SPARSE): sum=-1308.0000000000, abssum=4388.3456000000, nnz=1472
INIT bC: sum=0.0000000000, abssum=0.0000000000
    Finding equilibrium with integration (dur=10)...
    Random state position after get_ep: 154
    Finding equilibrium with integration (dur=10)...
    Random state position after get_ep: 278
    Finding equilibrium with integration (dur=10)...
    Random state position after get_ep: 10
    Finding equilibrium with integration (dur=10)...
    Random state position after get_ep: 318
    Finding equilibrium with integration (dur=10)...
    Random state position after get_ep: 70
[0590]   20.904 | 0.000 0.500 0.000 0.000 0.500 | 1.000 | 0.640 0.000
    TIMING: total=3.3s | estimate_prob=2.8s (85%) | cost_grad=0.0s (0%) | other=0.5s
INIT WC (SPARSE): sum=-1308.0000000000, abssum=4388.4456000000, nnz=1472
INIT bC: sum=0.0000000000, abssum=0.0000000000
    Finding equilibrium with integration (dur=10)...
    Random state position after get_ep: 242
    Finding equilibrium with integration (dur=10)...
    Random state position after get_ep: 138
    Finding equilibrium with integration (dur=10)...
    Random state position after get_ep: 146
    Finding equilibrium with integration (dur=10)...
    Random state position after get_ep: 466
    Finding equilibrium with integration (dur=10)...
    Random state position after get_ep: 234
INIT WC (SPARSE): sum=-1308.0000000000, abssum=4388.0248000000, nnz=1472
INIT bC: sum=0.0000000000, abssum=0.0000000000
    Finding equilibrium with integration (dur=10)...
    Random state position after get_ep: 390
    Finding equilibrium with integration (dur=10)...
    Random state position after get_ep: 602
    Finding equilibrium with integration (dur=10)...
    Random state position after get_ep: 342
    Finding equilibrium with integration (dur=10)...
    Random state position after get_ep: 338
    Finding equilibrium with integration (dur=10)...
    Random state position after get_ep: 290
[0600]   15.465 | 0.750 0.000 0.250 0.000 0.000 | 1.000 | 0.480 0.000
    TIMING: total=3.7s | estimate_prob=3.3s (88%) | cost_grad=0.0s (0%) | other=0.4s
INIT WC (SPARSE): sum=-1308.0000000000, abssum=4387.8480000000, nnz=1472
INIT bC: sum=0.0000000000, abssum=0.0000000000
    [Epoch 601] GRADIENT DIAG (SPARSE): trees=5, positions=275, val_sum=-0.000000
      grad_dict: 202 unique positions, 201 non-zero values, sum=-0.000000
      WARNING: 1 values smaller than 1e-10!
      SPARSE dWC: nnz=202, sum=-0.000000
      Gradient targets: 202 existing WC positions (grad_sum=57.8428)
                        0 NEW positions (grad_sum=0.0000)
      Current WC nnz: 1472
    Finding equilibrium with integration (dur=10)...
    Random state position after get_ep: 322
    Finding equilibrium with integration (dur=10)...
    Random state position after get_ep: 282
    Finding equilibrium with integration (dur=10)...
    Random state position after get_ep: 238
    Finding equilibrium with integration (dur=10)...
    Random state position after get_ep: 534
    Finding equilibrium with integration (dur=10)...
    Random state position after get_ep: 478
INIT WC (SPARSE): sum=-1308.0000000000, abssum=4388.5728000000, nnz=1472
INIT bC: sum=0.0000000000, abssum=0.0000000000
    Finding equilibrium with integration (dur=10)...
    Random state position after get_ep: 426
    Finding equilibrium with integration (dur=10)...
    Random state position after get_ep: 266
    Finding equilibrium with integration (dur=10)...
    Random state position after get_ep: 190
    Finding equilibrium with integration (dur=10)...
    Random state position after get_ep: 366
    Finding equilibrium with integration (dur=10)...
    Random state position after get_ep: 554
[0610]   25.316 | 0.000 0.000 0.750 0.000 0.250 | 1.000 | 0.573 0.000
    TIMING: total=3.5s | estimate_prob=3.1s (87%) | cost_grad=0.0s (0%) | other=0.4s
INIT WC (SPARSE): sum=-1308.0000000000, abssum=4388.2296000000, nnz=1472
INIT bC: sum=0.0000000000, abssum=0.0000000000
    Finding equilibrium with integration (dur=10)...
    Random state position after get_ep: 274
    Finding equilibrium with integration (dur=10)...
    Random state position after get_ep: 30
    Finding equilibrium with integration (dur=10)...
    Random state position after get_ep: 550
    Finding equilibrium with integration (dur=10)...
    Random state position after get_ep: 410
    Finding equilibrium with integration (dur=10)...
    Random state position after get_ep: 298
INIT WC (SPARSE): sum=-1308.0000000000, abssum=4388.6864000000, nnz=1472
INIT bC: sum=0.0000000000, abssum=0.0000000000
    Finding equilibrium with integration (dur=10)...
    Random state position after get_ep: 346
    Finding equilibrium with integration (dur=10)...
    Random state position after get_ep: 310
    Finding equilibrium with integration (dur=10)...
    Random state position after get_ep: 326
    Finding equilibrium with integration (dur=10)...
    Random state position after get_ep: 254
    Finding equilibrium with integration (dur=10)...
    Random state position after get_ep: 266
[0620]   25.316 | 0.000 0.000 0.750 0.000 0.250 | 1.000 | 0.573 0.000
    TIMING: total=3.2s | estimate_prob=2.7s (85%) | cost_grad=0.0s (0%) | other=0.5s
INIT WC (SPARSE): sum=-1308.0000000000, abssum=4388.5096000000, nnz=1472
INIT bC: sum=0.0000000000, abssum=0.0000000000
    Finding equilibrium with integration (dur=10)...
    Random state position after get_ep: 214
    Finding equilibrium with integration (dur=10)...
    Random state position after get_ep: 230
    Finding equilibrium with integration (dur=10)...
    Random state position after get_ep: 58
    Finding equilibrium with integration (dur=10)...
    Random state position after get_ep: 70
    Finding equilibrium with integration (dur=10)...
    Random state position after get_ep: 458
INIT WC (SPARSE): sum=-1308.0000000000, abssum=4388.6000000000, nnz=1472
INIT bC: sum=0.0000000000, abssum=0.0000000000
    Finding equilibrium with integration (dur=10)...
    Random state position after get_ep: 230
    Finding equilibrium with integration (dur=10)...
    Random state position after get_ep: 474
    Finding equilibrium with integration (dur=10)...
    Random state position after get_ep: 210
    Finding equilibrium with integration (dur=10)...
    Random state position after get_ep: 290
    Finding equilibrium with integration (dur=10)...
    Random state position after get_ep: 106
[0630]   27.282 | 0.000 0.000 0.000 0.750 0.250 | 1.000 | 0.829 0.000
    TIMING: total=3.3s | estimate_prob=2.8s (85%) | cost_grad=0.0s (0%) | other=0.5s
INIT WC (SPARSE): sum=-1308.0000000000, abssum=4389.5904000000, nnz=1472
INIT bC: sum=0.0000000000, abssum=0.0000000000
    Finding equilibrium with integration (dur=10)...
    Random state position after get_ep: 370
    Finding equilibrium with integration (dur=10)...
    Random state position after get_ep: 90
    Finding equilibrium with integration (dur=10)...
    Random state position after get_ep: 74
    Finding equilibrium with integration (dur=10)...
    Random state position after get_ep: 486
    Finding equilibrium with integration (dur=10)...
    Random state position after get_ep: 414
INIT WC (SPARSE): sum=-1308.0000000000, abssum=4389.2008000000, nnz=1472
INIT bC: sum=0.0000000000, abssum=0.0000000000
    Finding equilibrium with integration (dur=10)...
    Random state position after get_ep: 138
    Finding equilibrium with integration (dur=10)...
    Random state position after get_ep: 318
    Finding equilibrium with integration (dur=10)...
    Random state position after get_ep: 290
    Finding equilibrium with integration (dur=10)...
    Random state position after get_ep: 74
    Finding equilibrium with integration (dur=10)...
    Random state position after get_ep: 506
[0640]   11.248 | 0.500 0.250 0.000 0.000 0.000 | 0.750 | 0.296 0.000
    TIMING: total=3.6s | estimate_prob=3.1s (87%) | cost_grad=0.0s (0%) | other=0.5s
INIT WC (SPARSE): sum=-1308.0000000000, abssum=4390.9720000000, nnz=1472
INIT bC: sum=0.0000000000, abssum=0.0000000000
    Finding equilibrium with integration (dur=10)...
    Random state position after get_ep: 318
    Finding equilibrium with integration (dur=10)...
    Random state position after get_ep: 550
    Finding equilibrium with integration (dur=10)...
    Random state position after get_ep: 462
    Finding equilibrium with integration (dur=10)...
    Random state position after get_ep: 610
    Finding equilibrium with integration (dur=10)...
    Random state position after get_ep: 338
INIT WC (SPARSE): sum=-1308.0000000000, abssum=4390.9168000000, nnz=1472
INIT bC: sum=0.0000000000, abssum=0.0000000000
    Finding equilibrium with integration (dur=10)...
    Random state position after get_ep: 614
    Finding equilibrium with integration (dur=10)...
    Random state position after get_ep: 310
    Finding equilibrium with integration (dur=10)...
    Random state position after get_ep: 546
    Finding equilibrium with integration (dur=10)...
    Random state position after get_ep: 318
    Finding equilibrium with integration (dur=10)...
    Random state position after get_ep: 558
[0650]   11.035 | 0.500 0.500 0.000 0.000 0.000 | 1.000 | 0.296 0.000
    TIMING: total=3.7s | estimate_prob=3.1s (84%) | cost_grad=0.0s (0%) | other=0.6s
INIT WC (SPARSE): sum=-1308.0000000000, abssum=4391.2200000000, nnz=1474
INIT bC: sum=0.0000000000, abssum=0.0000000000
    Finding equilibrium with integration (dur=10)...
    Random state position after get_ep: 126
    Finding equilibrium with integration (dur=10)...
    Random state position after get_ep: 454
    Finding equilibrium with integration (dur=10)...
    Random state position after get_ep: 118
    Finding equilibrium with integration (dur=10)...
    Random state position after get_ep: 210
    Finding equilibrium with integration (dur=10)...
    Random state position after get_ep: 522
INIT WC (SPARSE): sum=-1308.0000000000, abssum=4391.1440000000, nnz=1474
INIT bC: sum=0.0000000000, abssum=0.0000000000
    Finding equilibrium with integration (dur=10)...
    Random state position after get_ep: 290
    Finding equilibrium with integration (dur=10)...
    Random state position after get_ep: 158
    Finding equilibrium with integration (dur=10)...
    Random state position after get_ep: 26
    Finding equilibrium with integration (dur=10)...
    Random state position after get_ep: 238
    Finding equilibrium with integration (dur=10)...
    Random state position after get_ep: 466
[0660]   22.450 | 0.000 1.000 0.000 0.000 0.000 | 1.000 | 0.692 0.000
    TIMING: total=3.8s | estimate_prob=3.3s (86%) | cost_grad=0.0s (0%) | other=0.5s
INIT WC (SPARSE): sum=-1308.0000000000, abssum=4391.2896000000, nnz=1474
INIT bC: sum=0.0000000000, abssum=0.0000000000
    Finding equilibrium with integration (dur=10)...
    Random state position after get_ep: 246
    Finding equilibrium with integration (dur=10)...
    Random state position after get_ep: 290
    Finding equilibrium with integration (dur=10)...
    Random state position after get_ep: 46
    Finding equilibrium with integration (dur=10)...
    Random state position after get_ep: 70
    Finding equilibrium with integration (dur=10)...
    Random state position after get_ep: 94
INIT WC (SPARSE): sum=-1308.0000000000, abssum=4391.0732000000, nnz=1474
INIT bC: sum=0.0000000000, abssum=0.0000000000
    Finding equilibrium with integration (dur=10)...
    Random state position after get_ep: 22
    Finding equilibrium with integration (dur=10)...
    Random state position after get_ep: 114
    Finding equilibrium with integration (dur=10)...
    Random state position after get_ep: 258
    Finding equilibrium with integration (dur=10)...
    Random state position after get_ep: 386
    Finding equilibrium with integration (dur=10)...
    Random state position after get_ep: 62
[0670]   15.465 | 0.750 0.000 0.250 0.000 0.000 | 1.000 | 0.480 0.000
    TIMING: total=3.1s | estimate_prob=2.7s (86%) | cost_grad=0.0s (0%) | other=0.4s
INIT WC (SPARSE): sum=-1308.0000000000, abssum=4391.0136000000, nnz=1474
INIT bC: sum=0.0000000000, abssum=0.0000000000
    Finding equilibrium with integration (dur=10)...
    Random state position after get_ep: 190
    Finding equilibrium with integration (dur=10)...
    Random state position after get_ep: 82
    Finding equilibrium with integration (dur=10)...
    Random state position after get_ep: 74
    Finding equilibrium with integration (dur=10)...
    Random state position after get_ep: 302
    Finding equilibrium with integration (dur=10)...
    Random state position after get_ep: 538
INIT WC (SPARSE): sum=-1308.0000000000, abssum=4391.0540000000, nnz=1474
INIT bC: sum=0.0000000000, abssum=0.0000000000
    Finding equilibrium with integration (dur=10)...
    Random state position after get_ep: 590
    Finding equilibrium with integration (dur=10)...
    Random state position after get_ep: 98
    Finding equilibrium with integration (dur=10)...
    Random state position after get_ep: 538
    Finding equilibrium with integration (dur=10)...
    Random state position after get_ep: 418
    Finding equilibrium with integration (dur=10)...
    Random state position after get_ep: 594
[0680]   11.762 | 0.250 0.000 0.500 0.250 0.000 | 1.000 | 0.454 0.000
    TIMING: total=3.4s | estimate_prob=2.9s (86%) | cost_grad=0.0s (0%) | other=0.5s
INIT WC (SPARSE): sum=-1308.0000000000, abssum=4391.1944000000, nnz=1474
INIT bC: sum=0.0000000000, abssum=0.0000000000
    Finding equilibrium with integration (dur=10)...
    Random state position after get_ep: 550
    Finding equilibrium with integration (dur=10)...
    Random state position after get_ep: 46
    Finding equilibrium with integration (dur=10)...
    Random state position after get_ep: 58
    Finding equilibrium with integration (dur=10)...
    Random state position after get_ep: 354
    Finding equilibrium with integration (dur=10)...
    Random state position after get_ep: 526
INIT WC (SPARSE): sum=-1308.0000000000, abssum=4391.2816000000, nnz=1474
INIT bC: sum=0.0000000000, abssum=0.0000000000
    Finding equilibrium with integration (dur=10)...
    Random state position after get_ep: 78
    Finding equilibrium with integration (dur=10)...
    Random state position after get_ep: 546
    Finding equilibrium with integration (dur=10)...
    Random state position after get_ep: 462
    Finding equilibrium with integration (dur=10)...
    Random state position after get_ep: 182
    Finding equilibrium with integration (dur=10)...
    Random state position after get_ep: 358
[0690]   18.581 | 0.000 0.750 0.000 0.250 0.000 | 1.000 | 0.520 0.000
    TIMING: total=3.2s | estimate_prob=2.7s (85%) | cost_grad=0.0s (0%) | other=0.5s
INIT WC (SPARSE): sum=-1308.0000000000, abssum=4391.9120000000, nnz=1474
INIT bC: sum=0.0000000000, abssum=0.0000000000
    Finding equilibrium with integration (dur=10)...
    Random state position after get_ep: 446
    Finding equilibrium with integration (dur=10)...
    Random state position after get_ep: 554
    Finding equilibrium with integration (dur=10)...
    Random state position after get_ep: 518
    Finding equilibrium with integration (dur=10)...
    Random state position after get_ep: 374
    Finding equilibrium with integration (dur=10)...
    Random state position after get_ep: 550
INIT WC (SPARSE): sum=-1308.0000000000, abssum=4391.4360000000, nnz=1474
INIT bC: sum=0.0000000000, abssum=0.0000000000
    Finding equilibrium with integration (dur=10)...
    Random state position after get_ep: 570
    Finding equilibrium with integration (dur=10)...
    Random state position after get_ep: 442
    Finding equilibrium with integration (dur=10)...
    Random state position after get_ep: 94
    Finding equilibrium with integration (dur=10)...
    Random state position after get_ep: 10
    Finding equilibrium with integration (dur=10)...
    Random state position after get_ep: 106
[0700]   11.148 | 0.250 0.750 0.000 0.000 0.000 | 1.000 | 0.442 0.000
    TIMING: total=4.0s | estimate_prob=3.5s (88%) | cost_grad=0.0s (0%) | other=0.5s
INIT WC (SPARSE): sum=-1308.0000000000, abssum=4392.0600000000, nnz=1474
INIT bC: sum=0.0000000000, abssum=0.0000000000
    [Epoch 701] GRADIENT DIAG (SPARSE): trees=5, positions=275, val_sum=-0.000000
      grad_dict: 202 unique positions, 201 non-zero values, sum=-0.000000
      WARNING: 1 values smaller than 1e-10!
      SPARSE dWC: nnz=202, sum=-0.000000
      Gradient targets: 202 existing WC positions (grad_sum=31.4164)
                        0 NEW positions (grad_sum=0.0000)
      Current WC nnz: 1474
    Finding equilibrium with integration (dur=10)...
    Random state position after get_ep: 14
    Finding equilibrium with integration (dur=10)...
    Random state position after get_ep: 102
    Finding equilibrium with integration (dur=10)...
    Random state position after get_ep: 206
    Finding equilibrium with integration (dur=10)...
    Random state position after get_ep: 250
    Finding equilibrium with integration (dur=10)...
    Random state position after get_ep: 230
INIT WC (SPARSE): sum=-1308.0000000000, abssum=4391.8840000000, nnz=1474
INIT bC: sum=0.0000000000, abssum=0.0000000000
    Finding equilibrium with integration (dur=10)...
    Random state position after get_ep: 170
    Finding equilibrium with integration (dur=10)...
    Random state position after get_ep: 614
    Finding equilibrium with integration (dur=10)...
    Random state position after get_ep: 158
    Finding equilibrium with integration (dur=10)...
    Random state position after get_ep: 406
    Finding equilibrium with integration (dur=10)...
    Random state position after get_ep: 166
[0710]   11.148 | 0.250 0.750 0.000 0.000 0.000 | 1.000 | 0.442 0.000
    TIMING: total=3.2s | estimate_prob=2.7s (85%) | cost_grad=0.0s (0%) | other=0.5s
INIT WC (SPARSE): sum=-1308.0000000000, abssum=4392.2080000000, nnz=1474
INIT bC: sum=0.0000000000, abssum=0.0000000000
    Finding equilibrium with integration (dur=10)...
    Random state position after get_ep: 278
    Finding equilibrium with integration (dur=10)...
    Random state position after get_ep: 274
    Finding equilibrium with integration (dur=10)...
    Random state position after get_ep: 266
    Finding equilibrium with integration (dur=10)...
    Random state position after get_ep: 618
    Finding equilibrium with integration (dur=10)...
    Random state position after get_ep: 274
INIT WC (SPARSE): sum=-1308.0000000000, abssum=4392.1772000000, nnz=1474
INIT bC: sum=0.0000000000, abssum=0.0000000000
    Finding equilibrium with integration (dur=10)...
    Random state position after get_ep: 470
    Finding equilibrium with integration (dur=10)...
    Random state position after get_ep: 186
    Finding equilibrium with integration (dur=10)...
    Random state position after get_ep: 346
    Finding equilibrium with integration (dur=10)...
    Random state position after get_ep: 330
    Finding equilibrium with integration (dur=10)...
    Random state position after get_ep: 574
[0720]   15.465 | 0.750 0.000 0.250 0.000 0.000 | 1.000 | 0.480 0.000
    TIMING: total=3.6s | estimate_prob=3.1s (86%) | cost_grad=0.0s (0%) | other=0.5s
INIT WC (SPARSE): sum=-1308.0000000000, abssum=4392.0560000000, nnz=1474
INIT bC: sum=0.0000000000, abssum=0.0000000000
    Finding equilibrium with integration (dur=10)...
    Random state position after get_ep: 174
    Finding equilibrium with integration (dur=10)...
    Random state position after get_ep: 302
    Finding equilibrium with integration (dur=10)...
    Random state position after get_ep: 62
    Finding equilibrium with integration (dur=10)...
    Random state position after get_ep: 570
    Finding equilibrium with integration (dur=10)...
    Random state position after get_ep: 230
INIT WC (SPARSE): sum=-1308.0000000000, abssum=4392.4800000000, nnz=1474
INIT bC: sum=0.0000000000, abssum=0.0000000000
    Finding equilibrium with integration (dur=10)...
    Random state position after get_ep: 190
    Finding equilibrium with integration (dur=10)...
    Random state position after get_ep: 302
    Finding equilibrium with integration (dur=10)...
    Random state position after get_ep: 570
    Finding equilibrium with integration (dur=10)...
    Random state position after get_ep: 362
    Finding equilibrium with integration (dur=10)...
    Random state position after get_ep: 366
[0730]   13.880 | 0.500 0.000 0.250 0.000 0.250 | 1.000 | 0.308 0.000
    TIMING: total=3.3s | estimate_prob=2.8s (86%) | cost_grad=0.0s (0%) | other=0.5s
INIT WC (SPARSE): sum=-1308.0000000000, abssum=4392.1040000000, nnz=1474
INIT bC: sum=0.0000000000, abssum=0.0000000000
    Finding equilibrium with integration (dur=10)...
    Random state position after get_ep: 438
    Finding equilibrium with integration (dur=10)...
    Random state position after get_ep: 70
    Finding equilibrium with integration (dur=10)...
    Random state position after get_ep: 154
    Finding equilibrium with integration (dur=10)...
    Random state position after get_ep: 606
    Finding equilibrium with integration (dur=10)...
    Random state position after get_ep: 470
INIT WC (SPARSE): sum=-1308.0000000000, abssum=4392.4388000000, nnz=1476
INIT bC: sum=0.0000000000, abssum=0.0000000000
    Finding equilibrium with integration (dur=10)...
    Random state position after get_ep: 342
    Finding equilibrium with integration (dur=10)...
    Random state position after get_ep: 246
    Finding equilibrium with integration (dur=10)...
    Random state position after get_ep: 478
    Finding equilibrium with integration (dur=10)...
    Random state position after get_ep: 354
    Finding equilibrium with integration (dur=10)...
    Random state position after get_ep: 26
[0740]   17.507 | 0.500 0.000 0.000 0.250 0.000 | 0.750 | 0.406 0.000
    TIMING: total=3.1s | estimate_prob=2.7s (86%) | cost_grad=0.0s (0%) | other=0.4s
INIT WC (SPARSE): sum=-1308.0000000000, abssum=4393.0520000000, nnz=1482
INIT bC: sum=0.0000000000, abssum=0.0000000000
    Finding equilibrium with integration (dur=10)...
    Random state position after get_ep: 354
    Finding equilibrium with integration (dur=10)...
    Random state position after get_ep: 438
    Finding equilibrium with integration (dur=10)...
    Random state position after get_ep: 538
    Finding equilibrium with integration (dur=10)...
    Random state position after get_ep: 350
    Finding equilibrium with integration (dur=10)...
    Random state position after get_ep: 254
INIT WC (SPARSE): sum=-1308.0000000000, abssum=4392.8196000000, nnz=1482
INIT bC: sum=0.0000000000, abssum=0.0000000000
    Finding equilibrium with integration (dur=10)...
    Random state position after get_ep: 298
    Finding equilibrium with integration (dur=10)...
    Random state position after get_ep: 194
    Finding equilibrium with integration (dur=10)...
    Random state position after get_ep: 194
    Finding equilibrium with integration (dur=10)...
    Random state position after get_ep: 250
    Finding equilibrium with integration (dur=10)...
    Random state position after get_ep: 490
[0750]   20.904 | 0.000 0.500 0.000 0.000 0.500 | 1.000 | 0.640 0.000
    TIMING: total=3.5s | estimate_prob=3.0s (87%) | cost_grad=0.0s (0%) | other=0.4s
INIT WC (SPARSE): sum=-1308.0000000000, abssum=4393.1200000000, nnz=1486
INIT bC: sum=0.0000000000, abssum=0.0000000000
    Finding equilibrium with integration (dur=10)...
    Random state position after get_ep: 550
    Finding equilibrium with integration (dur=10)...
    Random state position after get_ep: 434
    Finding equilibrium with integration (dur=10)...
    Random state position after get_ep: 306
    Finding equilibrium with integration (dur=10)...
    Random state position after get_ep: 62
    Finding equilibrium with integration (dur=10)...
    Random state position after get_ep: 374
INIT WC (SPARSE): sum=-1308.0000000000, abssum=4392.7828000000, nnz=1486
INIT bC: sum=0.0000000000, abssum=0.0000000000
    Finding equilibrium with integration (dur=10)...
    Random state position after get_ep: 26
    Finding equilibrium with integration (dur=10)...
    Random state position after get_ep: 506
    Finding equilibrium with integration (dur=10)...
    Random state position after get_ep: 78
    Finding equilibrium with integration (dur=10)...
    Random state position after get_ep: 354
    Finding equilibrium with integration (dur=10)...
    Random state position after get_ep: 478
[0760]    7.290 | 0.500 0.250 0.000 0.250 0.000 | 1.000 | 0.177 0.000
    TIMING: total=4.2s | estimate_prob=3.5s (83%) | cost_grad=0.0s (0%) | other=0.7s
INIT WC (SPARSE): sum=-1308.0000000000, abssum=4393.5480000000, nnz=1486
INIT bC: sum=0.0000000000, abssum=0.0000000000
    Finding equilibrium with integration (dur=10)...
    Random state position after get_ep: 46
    Finding equilibrium with integration (dur=10)...
    Random state position after get_ep: 114
    Finding equilibrium with integration (dur=10)...
    Random state position after get_ep: 106
    Finding equilibrium with integration (dur=10)...
    Random state position after get_ep: 270
    Finding equilibrium with integration (dur=10)...
    Random state position after get_ep: 410
INIT WC (SPARSE): sum=-1308.0000000000, abssum=4393.6720000000, nnz=1486
INIT bC: sum=0.0000000000, abssum=0.0000000000
    Finding equilibrium with integration (dur=10)...
    Random state position after get_ep: 542
    Finding equilibrium with integration (dur=10)...
    Random state position after get_ep: 282
    Finding equilibrium with integration (dur=10)...
    Random state position after get_ep: 58
    Finding equilibrium with integration (dur=10)...
    Random state position after get_ep: 526
    Finding equilibrium with integration (dur=10)...
    Random state position after get_ep: 546
[0770]   21.228 | 1.000 0.000 0.000 0.000 0.000 | 1.000 | 0.656 0.000
    TIMING: total=3.5s | estimate_prob=3.0s (86%) | cost_grad=0.0s (0%) | other=0.5s
INIT WC (SPARSE): sum=-1308.0000000000, abssum=4393.2472000000, nnz=1486
INIT bC: sum=0.0000000000, abssum=0.0000000000
    Finding equilibrium with integration (dur=10)...
    Random state position after get_ep: 234
    Finding equilibrium with integration (dur=10)...
    Random state position after get_ep: 258
    Finding equilibrium with integration (dur=10)...
    Random state position after get_ep: 246
    Finding equilibrium with integration (dur=10)...
    Random state position after get_ep: 486
    Finding equilibrium with integration (dur=10)...
    Random state position after get_ep: 494
INIT WC (SPARSE): sum=-1308.0000000000, abssum=4393.6200000000, nnz=1486
INIT bC: sum=0.0000000000, abssum=0.0000000000
    Finding equilibrium with integration (dur=10)...
    Random state position after get_ep: 182
    Finding equilibrium with integration (dur=10)...
    Random state position after get_ep: 22
    Finding equilibrium with integration (dur=10)...
    Random state position after get_ep: 54
    Finding equilibrium with integration (dur=10)...
    Random state position after get_ep: 310
    Finding equilibrium with integration (dur=10)...
    Random state position after get_ep: 278
[0780]   15.648 | 0.250 0.000 0.750 0.000 0.000 | 1.000 | 0.573 0.000
    TIMING: total=3.0s | estimate_prob=2.6s (84%) | cost_grad=0.0s (0%) | other=0.5s
INIT WC (SPARSE): sum=-1308.0000000000, abssum=4393.2264000000, nnz=1486
INIT bC: sum=0.0000000000, abssum=0.0000000000
    Finding equilibrium with integration (dur=10)...
    Random state position after get_ep: 330
    Finding equilibrium with integration (dur=10)...
    Random state position after get_ep: 526
    Finding equilibrium with integration (dur=10)...
    Random state position after get_ep: 306
    Finding equilibrium with integration (dur=10)...
    Random state position after get_ep: 174
    Finding equilibrium with integration (dur=10)...
    Random state position after get_ep: 598
INIT WC (SPARSE): sum=-1308.0000000000, abssum=4393.3680000000, nnz=1486
INIT bC: sum=0.0000000000, abssum=0.0000000000
    Finding equilibrium with integration (dur=10)...
    Random state position after get_ep: 398
    Finding equilibrium with integration (dur=10)...
    Random state position after get_ep: 534
    Finding equilibrium with integration (dur=10)...
    Random state position after get_ep: 2
    Finding equilibrium with integration (dur=10)...
    Random state position after get_ep: 170
    Finding equilibrium with integration (dur=10)...
    Random state position after get_ep: 314
[0790]   15.482 | 0.500 0.000 0.500 0.000 0.000 | 1.000 | 0.480 0.000
    TIMING: total=3.1s | estimate_prob=2.7s (86%) | cost_grad=0.0s (0%) | other=0.4s
INIT WC (SPARSE): sum=-1308.0000000000, abssum=4393.1240000000, nnz=1486
INIT bC: sum=0.0000000000, abssum=0.0000000000
    Finding equilibrium with integration (dur=10)...
    Random state position after get_ep: 202
    Finding equilibrium with integration (dur=10)...
    Random state position after get_ep: 142
    Finding equilibrium with integration (dur=10)...
    Random state position after get_ep: 498
    Finding equilibrium with integration (dur=10)...
    Random state position after get_ep: 82
    Finding equilibrium with integration (dur=10)...
    Random state position after get_ep: 330
INIT WC (SPARSE): sum=-1308.0000000000, abssum=4393.6520000000, nnz=1486
INIT bC: sum=0.0000000000, abssum=0.0000000000
    Finding equilibrium with integration (dur=10)...
    Random state position after get_ep: 582
    Finding equilibrium with integration (dur=10)...
    Random state position after get_ep: 534
    Finding equilibrium with integration (dur=10)...
    Random state position after get_ep: 146
    Finding equilibrium with integration (dur=10)...
    Random state position after get_ep: 202
    Finding equilibrium with integration (dur=10)...
    Random state position after get_ep: 122
[0800]   11.109 | 0.750 0.250 0.000 0.000 0.000 | 1.000 | 0.406 0.000
    TIMING: total=3.9s | estimate_prob=3.3s (86%) | cost_grad=0.0s (0%) | other=0.5s
INIT WC (SPARSE): sum=-1308.0000000000, abssum=4393.4280000000, nnz=1486
INIT bC: sum=0.0000000000, abssum=0.0000000000
    [Epoch 801] GRADIENT DIAG (SPARSE): trees=5, positions=275, val_sum=-0.000000
      grad_dict: 202 unique positions, 201 non-zero values, sum=-0.000000
      WARNING: 1 values smaller than 1e-10!
      SPARSE dWC: nnz=202, sum=-0.000000
      Gradient targets: 202 existing WC positions (grad_sum=40.8272)
                        0 NEW positions (grad_sum=0.0000)
      Current WC nnz: 1486
    Finding equilibrium with integration (dur=10)...
    Random state position after get_ep: 334
    Finding equilibrium with integration (dur=10)...
    Random state position after get_ep: 18
    Finding equilibrium with integration (dur=10)...
    Random state position after get_ep: 174
    Finding equilibrium with integration (dur=10)...
    Random state position after get_ep: 474
    Finding equilibrium with integration (dur=10)...
    Random state position after get_ep: 486
INIT WC (SPARSE): sum=-1308.0000000000, abssum=4393.8080000000, nnz=1486
INIT bC: sum=0.0000000000, abssum=0.0000000000
    Finding equilibrium with integration (dur=10)...
    Random state position after get_ep: 62
    Finding equilibrium with integration (dur=10)...
    Random state position after get_ep: 518
    Finding equilibrium with integration (dur=10)...
    Random state position after get_ep: 170
    Finding equilibrium with integration (dur=10)...
    Random state position after get_ep: 10
    Finding equilibrium with integration (dur=10)...
    Random state position after get_ep: 174
[0810]   11.762 | 0.250 0.000 0.500 0.250 0.000 | 1.000 | 0.454 0.000
    TIMING: total=3.4s | estimate_prob=2.9s (86%) | cost_grad=0.0s (0%) | other=0.5s
INIT WC (SPARSE): sum=-1308.0000000000, abssum=4393.9016000000, nnz=1486
INIT bC: sum=0.0000000000, abssum=0.0000000000
    Finding equilibrium with integration (dur=10)...
    Random state position after get_ep: 390
    Finding equilibrium with integration (dur=10)...
    Random state position after get_ep: 298
    Finding equilibrium with integration (dur=10)...
    Random state position after get_ep: 90
    Finding equilibrium with integration (dur=10)...
    Random state position after get_ep: 278
    Finding equilibrium with integration (dur=10)...
    Random state position after get_ep: 2
INIT WC (SPARSE): sum=-1308.0000000000, abssum=4393.8120000000, nnz=1486
INIT bC: sum=0.0000000000, abssum=0.0000000000
    Finding equilibrium with integration (dur=10)...
    Random state position after get_ep: 130
    Finding equilibrium with integration (dur=10)...
    Random state position after get_ep: 534
    Finding equilibrium with integration (dur=10)...
    Random state position after get_ep: 86
    Finding equilibrium with integration (dur=10)...
    Random state position after get_ep: 534
    Finding equilibrium with integration (dur=10)...
    Random state position after get_ep: 502
[0820]   17.614 | 0.250 0.000 0.000 0.750 0.000 | 1.000 | 0.631 0.000
    TIMING: total=3.2s | estimate_prob=2.7s (86%) | cost_grad=0.0s (0%) | other=0.4s
INIT WC (SPARSE): sum=-1308.0000000000, abssum=4394.0920000000, nnz=1486
INIT bC: sum=0.0000000000, abssum=0.0000000000
    Finding equilibrium with integration (dur=10)...
    Random state position after get_ep: 222
    Finding equilibrium with integration (dur=10)...
    Random state position after get_ep: 258
    Finding equilibrium with integration (dur=10)...
    Random state position after get_ep: 290
    Finding equilibrium with integration (dur=10)...
    Random state position after get_ep: 282
    Finding equilibrium with integration (dur=10)...
    Random state position after get_ep: 202
INIT WC (SPARSE): sum=-1308.0000000000, abssum=4393.8260000000, nnz=1486
INIT bC: sum=0.0000000000, abssum=0.0000000000
    Finding equilibrium with integration (dur=10)...
    Random state position after get_ep: 98
    Finding equilibrium with integration (dur=10)...
    Random state position after get_ep: 442
    Finding equilibrium with integration (dur=10)...
    Random state position after get_ep: 510
    Finding equilibrium with integration (dur=10)...
    Random state position after get_ep: 494
    Finding equilibrium with integration (dur=10)...
    Random state position after get_ep: 150
[0830]    5.502 | 0.250 0.250 0.500 0.000 0.000 | 1.000 | 0.323 0.000
    TIMING: total=3.1s | estimate_prob=2.6s (85%) | cost_grad=0.0s (0%) | other=0.5s
INIT WC (SPARSE): sum=-1308.0000000000, abssum=4393.8472000000, nnz=1486
INIT bC: sum=0.0000000000, abssum=0.0000000000
    Finding equilibrium with integration (dur=10)...
    Random state position after get_ep: 78
    Finding equilibrium with integration (dur=10)...
    Random state position after get_ep: 198
    Finding equilibrium with integration (dur=10)...
    Random state position after get_ep: 218
    Finding equilibrium with integration (dur=10)...
    Random state position after get_ep: 322
    Finding equilibrium with integration (dur=10)...
    Random state position after get_ep: 406
INIT WC (SPARSE): sum=-1308.0000000000, abssum=4393.7148000000, nnz=1486
INIT bC: sum=0.0000000000, abssum=0.0000000000
    Finding equilibrium with integration (dur=10)...
    Random state position after get_ep: 230
    Finding equilibrium with integration (dur=10)...
    Random state position after get_ep: 122
    Finding equilibrium with integration (dur=10)...
    Random state position after get_ep: 290
    Finding equilibrium with integration (dur=10)...
    Random state position after get_ep: 54
    Finding equilibrium with integration (dur=10)...
    Random state position after get_ep: 34
[0840]    5.502 | 0.250 0.250 0.500 0.000 0.000 | 1.000 | 0.323 0.000
    TIMING: total=3.1s | estimate_prob=2.6s (85%) | cost_grad=0.0s (0%) | other=0.5s
INIT WC (SPARSE): sum=-1308.0000000000, abssum=4393.7592000000, nnz=1486
INIT bC: sum=0.0000000000, abssum=0.0000000000
    Finding equilibrium with integration (dur=10)...
    Random state position after get_ep: 502
    Finding equilibrium with integration (dur=10)...
    Random state position after get_ep: 534
    Finding equilibrium with integration (dur=10)...
    Random state position after get_ep: 302
    Finding equilibrium with integration (dur=10)...
    Random state position after get_ep: 486
    Finding equilibrium with integration (dur=10)...
    Random state position after get_ep: 358
INIT WC (SPARSE): sum=-1308.0000000000, abssum=4394.2560000000, nnz=1486
INIT bC: sum=0.0000000000, abssum=0.0000000000
    Finding equilibrium with integration (dur=10)...
    Random state position after get_ep: 318
    Finding equilibrium with integration (dur=10)...
    Random state position after get_ep: 506
    Finding equilibrium with integration (dur=10)...
    Random state position after get_ep: 574
    Finding equilibrium with integration (dur=10)...
    Random state position after get_ep: 266
    Finding equilibrium with integration (dur=10)...
    Random state position after get_ep: 278
[0850]   22.450 | 0.000 1.000 0.000 0.000 0.000 | 1.000 | 0.692 0.000
    TIMING: total=3.6s | estimate_prob=2.9s (80%) | cost_grad=0.0s (0%) | other=0.7s
INIT WC (SPARSE): sum=-1308.0000000000, abssum=4394.8600000000, nnz=1486
INIT bC: sum=0.0000000000, abssum=0.0000000000
    Finding equilibrium with integration (dur=10)...
    Random state position after get_ep: 42
    Finding equilibrium with integration (dur=10)...
    Random state position after get_ep: 150
    Finding equilibrium with integration (dur=10)...
    Random state position after get_ep: 346
    Finding equilibrium with integration (dur=10)...
    Random state position after get_ep: 494
    Finding equilibrium with integration (dur=10)...
    Random state position after get_ep: 362
INIT WC (SPARSE): sum=-1308.0000000000, abssum=4395.0924000000, nnz=1490
INIT bC: sum=0.0000000000, abssum=0.0000000000
    Finding equilibrium with integration (dur=10)...
    Random state position after get_ep: 518
    Finding equilibrium with integration (dur=10)...
    Random state position after get_ep: 98
    Finding equilibrium with integration (dur=10)...
    Random state position after get_ep: 182
    Finding equilibrium with integration (dur=10)...
    Random state position after get_ep: 154
    Finding equilibrium with integration (dur=10)...
    Random state position after get_ep: 254
[0860]   22.450 | 0.000 1.000 0.000 0.000 0.000 | 1.000 | 0.692 0.000
    TIMING: total=4.5s | estimate_prob=3.7s (84%) | cost_grad=0.0s (0%) | other=0.7s
INIT WC (SPARSE): sum=-1308.0000000000, abssum=4395.0160000000, nnz=1490
INIT bC: sum=0.0000000000, abssum=0.0000000000
    Finding equilibrium with integration (dur=10)...
    Random state position after get_ep: 42
    Finding equilibrium with integration (dur=10)...
    Random state position after get_ep: 138
    Finding equilibrium with integration (dur=10)...
    Random state position after get_ep: 514
    Finding equilibrium with integration (dur=10)...
    Random state position after get_ep: 294
    Finding equilibrium with integration (dur=10)...
    Random state position after get_ep: 522
INIT WC (SPARSE): sum=-1308.0000000000, abssum=4394.7936000000, nnz=1490
INIT bC: sum=0.0000000000, abssum=0.0000000000
    Finding equilibrium with integration (dur=10)...
    Random state position after get_ep: 130
    Finding equilibrium with integration (dur=10)...
    Random state position after get_ep: 94
    Finding equilibrium with integration (dur=10)...
    Random state position after get_ep: 222
    Finding equilibrium with integration (dur=10)...
    Random state position after get_ep: 70
    Finding equilibrium with integration (dur=10)...
    Random state position after get_ep: 586
[0870]   21.228 | 1.000 0.000 0.000 0.000 0.000 | 1.000 | 0.656 0.000
    TIMING: total=3.6s | estimate_prob=3.1s (87%) | cost_grad=0.0s (0%) | other=0.5s
INIT WC (SPARSE): sum=-1308.0000000000, abssum=4394.9256000000, nnz=1490
INIT bC: sum=0.0000000000, abssum=0.0000000000
    Finding equilibrium with integration (dur=10)...
    Random state position after get_ep: 366
    Finding equilibrium with integration (dur=10)...
    Random state position after get_ep: 494
    Finding equilibrium with integration (dur=10)...
    Random state position after get_ep: 350
    Finding equilibrium with integration (dur=10)...
    Random state position after get_ep: 486
    Finding equilibrium with integration (dur=10)...
    Random state position after get_ep: 534
INIT WC (SPARSE): sum=-1308.0000000000, abssum=4395.4000000000, nnz=1490
INIT bC: sum=0.0000000000, abssum=0.0000000000
    Finding equilibrium with integration (dur=10)...
    Random state position after get_ep: 542
    Finding equilibrium with integration (dur=10)...
    Random state position after get_ep: 274
    Finding equilibrium with integration (dur=10)...
    Random state position after get_ep: 38
    Finding equilibrium with integration (dur=10)...
    Random state position after get_ep: 38
    Finding equilibrium with integration (dur=10)...
    Random state position after get_ep: 302
[0880]   21.228 | 1.000 0.000 0.000 0.000 0.000 | 1.000 | 0.656 0.000
    TIMING: total=3.4s | estimate_prob=2.9s (86%) | cost_grad=0.0s (0%) | other=0.5s
INIT WC (SPARSE): sum=-1308.0000000000, abssum=4395.3392000000, nnz=1492
INIT bC: sum=0.0000000000, abssum=0.0000000000
    Finding equilibrium with integration (dur=10)...
    Random state position after get_ep: 38
    Finding equilibrium with integration (dur=10)...
    Random state position after get_ep: 42
    Finding equilibrium with integration (dur=10)...
    Random state position after get_ep: 610
    Finding equilibrium with integration (dur=10)...
    Random state position after get_ep: 174
    Finding equilibrium with integration (dur=10)...
    Random state position after get_ep: 458
INIT WC (SPARSE): sum=-1308.0000000000, abssum=4395.2292000000, nnz=1492
INIT bC: sum=0.0000000000, abssum=0.0000000000
    Finding equilibrium with integration (dur=10)...
    Random state position after get_ep: 558
    Finding equilibrium with integration (dur=10)...
    Random state position after get_ep: 430
    Finding equilibrium with integration (dur=10)...
    Random state position after get_ep: 558
    Finding equilibrium with integration (dur=10)...
    Random state position after get_ep: 26
    Finding equilibrium with integration (dur=10)...
    Random state position after get_ep: 142
[0890]   21.228 | 1.000 0.000 0.000 0.000 0.000 | 1.000 | 0.656 0.000
    TIMING: total=3.5s | estimate_prob=3.0s (87%) | cost_grad=0.0s (0%) | other=0.4s
INIT WC (SPARSE): sum=-1308.0000000000, abssum=4395.4168000000, nnz=1492
INIT bC: sum=0.0000000000, abssum=0.0000000000
    Finding equilibrium with integration (dur=10)...
    Random state position after get_ep: 386
    Finding equilibrium with integration (dur=10)...
    Random state position after get_ep: 606
    Finding equilibrium with integration (dur=10)...
    Random state position after get_ep: 342
    Finding equilibrium with integration (dur=10)...
    Random state position after get_ep: 178
    Finding equilibrium with integration (dur=10)...
    Random state position after get_ep: 86
INIT WC (SPARSE): sum=-1308.0000000000, abssum=4395.6120000000, nnz=1492
INIT bC: sum=0.0000000000, abssum=0.0000000000
    Finding equilibrium with integration (dur=10)...
    Random state position after get_ep: 194
    Finding equilibrium with integration (dur=10)...
    Random state position after get_ep: 338
    Finding equilibrium with integration (dur=10)...
    Random state position after get_ep: 550
    Finding equilibrium with integration (dur=10)...
    Random state position after get_ep: 474
    Finding equilibrium with integration (dur=10)...
    Random state position after get_ep: 58
[0900]   15.939 | 0.250 0.000 0.000 0.500 0.250 | 1.000 | 0.579 0.000
    TIMING: total=4.1s | estimate_prob=3.6s (88%) | cost_grad=0.0s (0%) | other=0.5s
INIT WC (SPARSE): sum=-1308.0000000000, abssum=4395.7920000000, nnz=1492
INIT bC: sum=0.0000000000, abssum=0.0000000000
    [Epoch 901] GRADIENT DIAG (SPARSE): trees=5, positions=275, val_sum=-0.000000
      grad_dict: 202 unique positions, 201 non-zero values, sum=-0.000000
      WARNING: 1 values smaller than 1e-10!
      SPARSE dWC: nnz=202, sum=-0.000000
      Gradient targets: 202 existing WC positions (grad_sum=36.8384)
                        0 NEW positions (grad_sum=0.0000)
      Current WC nnz: 1492
    Finding equilibrium with integration (dur=10)...
    Random state position after get_ep: 458
    Finding equilibrium with integration (dur=10)...
    Random state position after get_ep: 434
    Finding equilibrium with integration (dur=10)...
    Random state position after get_ep: 178
    Finding equilibrium with integration (dur=10)...
    Random state position after get_ep: 342
    Finding equilibrium with integration (dur=10)...
    Random state position after get_ep: 330
INIT WC (SPARSE): sum=-1308.0000000000, abssum=4395.6908000000, nnz=1492
INIT bC: sum=0.0000000000, abssum=0.0000000000
    Finding equilibrium with integration (dur=10)...
    Random state position after get_ep: 482
    Finding equilibrium with integration (dur=10)...
    Random state position after get_ep: 582
    Finding equilibrium with integration (dur=10)...
    Random state position after get_ep: 222
    Finding equilibrium with integration (dur=10)...
    Random state position after get_ep: 574
    Finding equilibrium with integration (dur=10)...
    Random state position after get_ep: 118
[0910]   21.228 | 1.000 0.000 0.000 0.000 0.000 | 1.000 | 0.656 0.000
    TIMING: total=4.3s | estimate_prob=3.7s (85%) | cost_grad=0.0s (0%) | other=0.6s
INIT WC (SPARSE): sum=-1308.0000000000, abssum=4396.2576000000, nnz=1492
INIT bC: sum=0.0000000000, abssum=0.0000000000
    Finding equilibrium with integration (dur=10)...
    Random state position after get_ep: 194
    Finding equilibrium with integration (dur=10)...
    Random state position after get_ep: 86
    Finding equilibrium with integration (dur=10)...
    Random state position after get_ep: 434
    Finding equilibrium with integration (dur=10)...
    Random state position after get_ep: 410
    Finding equilibrium with integration (dur=10)...
    Random state position after get_ep: 290
INIT WC (SPARSE): sum=-1308.0000000000, abssum=4396.8244000000, nnz=1492
INIT bC: sum=0.0000000000, abssum=0.0000000000
    Finding equilibrium with integration (dur=10)...
    Random state position after get_ep: 154
    Finding equilibrium with integration (dur=10)...
    Random state position after get_ep: 446
    Finding equilibrium with integration (dur=10)...
    Random state position after get_ep: 330
    Finding equilibrium with integration (dur=10)...
    Random state position after get_ep: 366
    Finding equilibrium with integration (dur=10)...
    Random state position after get_ep: 26
[0920]   20.815 | 0.000 0.750 0.000 0.000 0.250 | 1.000 | 0.640 0.000
    TIMING: total=3.3s | estimate_prob=2.9s (86%) | cost_grad=0.0s (0%) | other=0.5s
INIT WC (SPARSE): sum=-1308.0000000000, abssum=4397.0912000000, nnz=1492
INIT bC: sum=0.0000000000, abssum=0.0000000000
    Finding equilibrium with integration (dur=10)...
    Random state position after get_ep: 494
    Finding equilibrium with integration (dur=10)...
    Random state position after get_ep: 534
    Finding equilibrium with integration (dur=10)...
    Random state position after get_ep: 430
    Finding equilibrium with integration (dur=10)...
    Random state position after get_ep: 598
    Finding equilibrium with integration (dur=10)...
    Random state position after get_ep: 254
INIT WC (SPARSE): sum=-1308.0000000000, abssum=4396.7920000000, nnz=1492
INIT bC: sum=0.0000000000, abssum=0.0000000000
    Finding equilibrium with integration (dur=10)...
    Random state position after get_ep: 54
    Finding equilibrium with integration (dur=10)...
    Random state position after get_ep: 130
    Finding equilibrium with integration (dur=10)...
    Random state position after get_ep: 562
    Finding equilibrium with integration (dur=10)...
    Random state position after get_ep: 66
    Finding equilibrium with integration (dur=10)...
    Random state position after get_ep: 614
[0930]   15.482 | 0.500 0.000 0.500 0.000 0.000 | 1.000 | 0.480 0.000
    TIMING: total=4.2s | estimate_prob=3.6s (84%) | cost_grad=0.0s (0%) | other=0.7s
INIT WC (SPARSE): sum=-1308.0000000000, abssum=4397.3248000000, nnz=1492
INIT bC: sum=0.0000000000, abssum=0.0000000000
    Finding equilibrium with integration (dur=10)...
    Random state position after get_ep: 586
    Finding equilibrium with integration (dur=10)...
    Random state position after get_ep: 286
    Finding equilibrium with integration (dur=10)...
    Random state position after get_ep: 458
    Finding equilibrium with integration (dur=10)...
    Random state position after get_ep: 122
    Finding equilibrium with integration (dur=10)...
    Random state position after get_ep: 442
INIT WC (SPARSE): sum=-1308.0000000000, abssum=4397.3360000000, nnz=1492
INIT bC: sum=0.0000000000, abssum=0.0000000000
    Finding equilibrium with integration (dur=10)...
    Random state position after get_ep: 546
    Finding equilibrium with integration (dur=10)...
    Random state position after get_ep: 518
    Finding equilibrium with integration (dur=10)...
    Random state position after get_ep: 202
    Finding equilibrium with integration (dur=10)...
    Random state position after get_ep: 10
    Finding equilibrium with integration (dur=10)...
    Random state position after get_ep: 222
[0940]   21.228 | 1.000 0.000 0.000 0.000 0.000 | 1.000 | 0.656 0.000
    TIMING: total=3.8s | estimate_prob=3.1s (83%) | cost_grad=0.0s (0%) | other=0.6s
INIT WC (SPARSE): sum=-1308.0000000000, abssum=4397.1640000000, nnz=1492
INIT bC: sum=0.0000000000, abssum=0.0000000000
    Finding equilibrium with integration (dur=10)...
    Random state position after get_ep: 238
    Finding equilibrium with integration (dur=10)...
    Random state position after get_ep: 410
    Finding equilibrium with integration (dur=10)...
    Random state position after get_ep: 358
    Finding equilibrium with integration (dur=10)...
    Random state position after get_ep: 362
    Finding equilibrium with integration (dur=10)...
    Random state position after get_ep: 98
INIT WC (SPARSE): sum=-1308.0000000000, abssum=4397.3692000000, nnz=1492
INIT bC: sum=0.0000000000, abssum=0.0000000000
    Finding equilibrium with integration (dur=10)...
    Random state position after get_ep: 434
    Finding equilibrium with integration (dur=10)...
    Random state position after get_ep: 582
    Finding equilibrium with integration (dur=10)...
    Random state position after get_ep: 330
    Finding equilibrium with integration (dur=10)...
    Random state position after get_ep: 394
    Finding equilibrium with integration (dur=10)...
    Random state position after get_ep: 494
[0950]   15.079 | 0.000 0.500 0.250 0.000 0.250 | 1.000 | 0.390 0.000
    TIMING: total=3.2s | estimate_prob=2.7s (85%) | cost_grad=0.0s (0%) | other=0.5s
INIT WC (SPARSE): sum=-1308.0000000000, abssum=4397.7320000000, nnz=1492
INIT bC: sum=0.0000000000, abssum=0.0000000000
    Finding equilibrium with integration (dur=10)...
    Random state position after get_ep: 594
    Finding equilibrium with integration (dur=10)...
    Random state position after get_ep: 482
    Finding equilibrium with integration (dur=10)...
    Random state position after get_ep: 526
    Finding equilibrium with integration (dur=10)...
    Random state position after get_ep: 262
    Finding equilibrium with integration (dur=10)...
    Random state position after get_ep: 290
INIT WC (SPARSE): sum=-1308.0000000000, abssum=4397.5588000000, nnz=1492
INIT bC: sum=0.0000000000, abssum=0.0000000000
    Finding equilibrium with integration (dur=10)...
    Random state position after get_ep: 578
    Finding equilibrium with integration (dur=10)...
    Random state position after get_ep: 194
    Finding equilibrium with integration (dur=10)...
    Random state position after get_ep: 134
    Finding equilibrium with integration (dur=10)...
    Random state position after get_ep: 182
    Finding equilibrium with integration (dur=10)...
    Random state position after get_ep: 534
[0960]   21.228 | 1.000 0.000 0.000 0.000 0.000 | 1.000 | 0.656 0.000
    TIMING: total=3.7s | estimate_prob=3.2s (86%) | cost_grad=0.0s (0%) | other=0.5s
INIT WC (SPARSE): sum=-1308.0000000000, abssum=4397.6552000000, nnz=1492
INIT bC: sum=0.0000000000, abssum=0.0000000000
    Finding equilibrium with integration (dur=10)...
    Random state position after get_ep: 262
    Finding equilibrium with integration (dur=10)...
    Random state position after get_ep: 174
    Finding equilibrium with integration (dur=10)...
    Random state position after get_ep: 18
    Finding equilibrium with integration (dur=10)...
    Random state position after get_ep: 6
    Finding equilibrium with integration (dur=10)...
    Random state position after get_ep: 82
INIT WC (SPARSE): sum=-1308.0000000000, abssum=4397.4856000000, nnz=1492
INIT bC: sum=0.0000000000, abssum=0.0000000000
    Finding equilibrium with integration (dur=10)...
    Random state position after get_ep: 410
    Finding equilibrium with integration (dur=10)...
    Random state position after get_ep: 594
    Finding equilibrium with integration (dur=10)...
    Random state position after get_ep: 254
    Finding equilibrium with integration (dur=10)...
    Random state position after get_ep: 98
    Finding equilibrium with integration (dur=10)...
    Random state position after get_ep: 286
[0970]   15.465 | 0.750 0.000 0.250 0.000 0.000 | 1.000 | 0.480 0.000
    TIMING: total=3.7s | estimate_prob=3.1s (84%) | cost_grad=0.0s (0%) | other=0.6s
INIT WC (SPARSE): sum=-1308.0000000000, abssum=4397.3648000000, nnz=1492
INIT bC: sum=0.0000000000, abssum=0.0000000000
    Finding equilibrium with integration (dur=10)...
    Random state position after get_ep: 70
    Finding equilibrium with integration (dur=10)...
    Random state position after get_ep: 538
    Finding equilibrium with integration (dur=10)...
    Random state position after get_ep: 578
    Finding equilibrium with integration (dur=10)...
    Random state position after get_ep: 434
    Finding equilibrium with integration (dur=10)...
    Random state position after get_ep: 78
INIT WC (SPARSE): sum=-1308.0000000000, abssum=4397.8480000000, nnz=1492
INIT bC: sum=0.0000000000, abssum=0.0000000000
    Finding equilibrium with integration (dur=10)...
    Random state position after get_ep: 90
    Finding equilibrium with integration (dur=10)...
    Random state position after get_ep: 82
    Finding equilibrium with integration (dur=10)...
    Random state position after get_ep: 478
    Finding equilibrium with integration (dur=10)...
    Random state position after get_ep: 410
    Finding equilibrium with integration (dur=10)...
    Random state position after get_ep: 230
[0980]   15.465 | 0.750 0.000 0.250 0.000 0.000 | 1.000 | 0.480 0.000
    TIMING: total=3.3s | estimate_prob=2.8s (86%) | cost_grad=0.0s (0%) | other=0.4s
INIT WC (SPARSE): sum=-1308.0000000000, abssum=4397.4232000000, nnz=1492
INIT bC: sum=0.0000000000, abssum=0.0000000000
    Finding equilibrium with integration (dur=10)...
    Random state position after get_ep: 146
    Finding equilibrium with integration (dur=10)...
    Random state position after get_ep: 358
    Finding equilibrium with integration (dur=10)...
    Random state position after get_ep: 318
    Finding equilibrium with integration (dur=10)...
    Random state position after get_ep: 570
    Finding equilibrium with integration (dur=10)...
    Random state position after get_ep: 402
INIT WC (SPARSE): sum=-1308.0000000000, abssum=4397.5596000000, nnz=1492
INIT bC: sum=0.0000000000, abssum=0.0000000000
    Finding equilibrium with integration (dur=10)...
    Random state position after get_ep: 438
    Finding equilibrium with integration (dur=10)...
    Random state position after get_ep: 190
    Finding equilibrium with integration (dur=10)...
    Random state position after get_ep: 346
    Finding equilibrium with integration (dur=10)...
    Random state position after get_ep: 294
    Finding equilibrium with integration (dur=10)...
    Random state position after get_ep: 474
[0990]   11.762 | 0.250 0.000 0.500 0.250 0.000 | 1.000 | 0.454 0.000
    TIMING: total=3.2s | estimate_prob=2.7s (87%) | cost_grad=0.0s (0%) | other=0.4s
INIT WC (SPARSE): sum=-1308.0000000000, abssum=4397.9288000000, nnz=1492
INIT bC: sum=0.0000000000, abssum=0.0000000000
    Finding equilibrium with integration (dur=10)...
    Random state position after get_ep: 346
    Finding equilibrium with integration (dur=10)...
    Random state position after get_ep: 598
    Finding equilibrium with integration (dur=10)...
    Random state position after get_ep: 210
    Finding equilibrium with integration (dur=10)...
    Random state position after get_ep: 278
    Finding equilibrium with integration (dur=10)...
    Random state position after get_ep: 142
INIT WC (SPARSE): sum=-1308.0000000000, abssum=4397.6608000000, nnz=1492
INIT bC: sum=0.0000000000, abssum=0.0000000000
    Finding equilibrium with integration (dur=10)...
    Random state position after get_ep: 438
    Finding equilibrium with integration (dur=10)...
    Random state position after get_ep: 450
    Finding equilibrium with integration (dur=10)...
    Random state position after get_ep: 14
    Finding equilibrium with integration (dur=10)...
    Random state position after get_ep: 186
    Finding equilibrium with integration (dur=10)...
    Random state position after get_ep: 494
[1000]   15.465 | 0.750 0.000 0.250 0.000 0.000 | 1.000 | 0.480 0.000
    TIMING: total=3.8s | estimate_prob=3.3s (87%) | cost_grad=0.0s (0%) | other=0.5s

======================================================================
Training complete!

========================================
=== WC Statistics AFTER Training ===
  WC type: sparse, nnz=1492
  WC sum: -1308.000000
  WC diagonal sum: -2828.000000
  WC max: 2.845000, min: -10.000000
========================================
Final KL divergence: 16.185 (SD = 5.449)
Final production accuracy: 0.980 (SD = 0.076)

Final learned probabilities Q(S):
Sentence 0: Q = 0.343
Sentence 1: Q = 0.300
Sentence 2: Q = 0.180
Sentence 3: Q = 0.110
Sentence 4: Q = 0.048

======================================================================
DEBUG: Analyzing model structure for sparse vs dense comparison
======================================================================

======================================================================
DEBUG: WC Structure Analysis
======================================================================
  WC type: sparse
  WC nnz: 1,492
  WC sparsity: 99.0904%
  WC sum: -1308.000000
  WC max: 2.845000, min: -10.000000

  Checking treelet weights:
    PP[1]:1 <-> P:0: Found 2 non-zero weights
      PP[1]:1/(1,1) <-> PP[1]:1/(1,1): -10.0000
      PP[1]:1/(1,2) <-> PP[1]:1/(1,2): -10.0000
    VP[1]:1 <-> *Vi:0: NO WEIGHTS FOUND!
    S[2]:0 <-> *N:0: NO WEIGHTS FOUND!
    *Vi:0 <-> Vi:0: NO WEIGHTS FOUND!
    *N:0 <-> N:0: NO WEIGHTS FOUND!

  Checking binding connectivity:
    P:0/(1,3) (idx=66): row_nnz=8, col_nnz=8, row_sum=0.2850
    N:1/(1,4) (idx=91): row_nnz=6, col_nnz=6, row_sum=0.5100
    PP[1]:1/(2,3) (idx=202): row_nnz=13, col_nnz=13, row_sum=4.6000
    VP[1]:1/(3,2) (idx=288): row_nnz=15, col_nnz=15, row_sum=-0.0250

  mask0 nnz: 40,095
======================================================================


======================================================================
DEBUG: Detailed parsing of 'N Vi P N' (S1)
======================================================================
Target bindings for S1: ['N:0/(1,1)', 'Vi:0/(1,2)', 'P:0/(1,3)', 'N:1/(1,4)', '@:1/(1,5)', '*N:0/(2,1)', '*Vi:0/(2,2)', 'PP[1]:1/(2,3)', '*@:1/(2,4)', '*N:0/(3,1)', 'VP[1]:1/(3,2)', '*@:1/(3,3)', 'S[2]:0/(4,1)', '*@:1/(4,2)', '#:0/(5,1)']

======================================================================
DEBUG: Parsing 'N Vi P N'
======================================================================
  WC type: sparse

  Word 1: N

  DEBUG run_word(N, pos=1):
    extC sum=4.0000, max=2.0000, nnz=2
    WC is sparse, nnz=1492
    WC.dot(actC): sum=-11.3726, max=1.2650
    Input bindings: ['N:0/(1,1)', 'N:1/(1,1)']
    After run: top 5 activations: [('N:0/(1,1)', 0.8718780987673277), ('*N:0/(2,1)', 0.5990927966537226), ('#:0/(5,1)', 0.5739892563000366), ('*N:0/(3,1)', 0.5716619112130654), ('*@:1/(3,3)', 0.5704104057609836)]

  Word 2: Vi

  DEBUG run_word(Vi, pos=2):
    extC sum=4.0000, max=2.0000, nnz=2
    WC is sparse, nnz=1492
    WC.dot(actC): sum=-3.1232, max=1.4891
    Input bindings: ['Vi:0/(1,2)', 'Vi:1/(1,2)']
    After run: top 5 activations: [('N:0/(1,1)', 0.9053693616026665), ('*N:0/(3,1)', 0.7494198746890068), ('*N:0/(2,1)', 0.7080501909865051), ('Vi:0/(1,2)', 0.6988316982234575), ('*N:0/(4,1)', 0.6775735346092908)]

  Word 3: P

  DEBUG run_word(P, pos=3):
    extC sum=2.0000, max=2.0000, nnz=1
    WC is sparse, nnz=1492
    WC.dot(actC): sum=13.3063, max=1.3672
    Input bindings: ['P:0/(1,3)']
    After run: top 5 activations: [('P:0/(1,3)', 0.9650782103176845), ('*Vi:0/(2,2)', 0.9374941973223829), ('N:0/(1,1)', 0.9305209327743961), ('PP[1]:1/(2,3)', 0.923161358221235), ('N:1/(1,4)', 0.8879349326595264)]

  Word 4: N

  DEBUG run_word(N, pos=4):
    extC sum=4.0000, max=2.0000, nnz=2
    WC is sparse, nnz=1492
    WC.dot(actC): sum=10.3226, max=1.7944
    Input bindings: ['N:0/(1,4)', 'N:1/(1,4)']
    After run: top 5 activations: [('*@:1/(4,2)', 0.9595692802797081), ('*Vi:0/(2,2)', 0.9539941753554481), ('Vi:0/(1,2)', 0.9529947450589793), ('N:0/(1,1)', 0.9439422270414884), ('P:0/(1,3)', 0.941003210482174)]

  Wrapup:

  Final parse (grid point): ['N:0/(1,1)', 'Vi:0/(1,2)', 'P:0/(1,3)', 'N:1/(1,4)', '@:1/(1,5)', '*N:0/(2,1)', '*Vi:0/(2,2)', 'PP[1]:1/(2,3)', '*@:1/(2,4)', '*N:0/(3,1)']...
  ✓ CORRECT PARSE!
======================================================================


======================================================================
Generating training plots (Figure 11)...
Note: plot_train_result() will display 3 separate plots
======================================================================

======================================================================
Testing parsing accuracy (Figure 12)...
======================================================================
Sentence 0 ACC = 1.000 (N Vi)
Sentence 1 ACC = 1.000 (N Vi P N)
Sentence 2 ACC = 1.000 (N BE Vpp)
Sentence 3 ACC = 1.000 (N BE Vpp P N)
Sentence 4 ACC = 0.400 (N Vpp P N Vi)
Commitment t= 1: Overall accuracy = 0.880
  S0 (N Vi): 1.000
  S1 (N Vi P N): 1.000
  S2 (N BE Vpp): 1.000
  S3 (N BE Vpp P N): 1.000
  S4 (N Vpp P N Vi): 0.400
Sentence 0 ACC = 1.000 (N Vi)
Sentence 1 ACC = 1.000 (N Vi P N)
Sentence 2 ACC = 1.000 (N BE Vpp)
Sentence 3 ACC = 1.000 (N BE Vpp P N)
Sentence 4 ACC = 0.600 (N Vpp P N Vi)
Commitment t= 2: Overall accuracy = 0.920
  S0 (N Vi): 1.000
  S1 (N Vi P N): 1.000
  S2 (N BE Vpp): 1.000
  S3 (N BE Vpp P N): 1.000
  S4 (N Vpp P N Vi): 0.600
Sentence 0 ACC = 1.000 (N Vi)
Sentence 1 ACC = 1.000 (N Vi P N)
Sentence 2 ACC = 1.000 (N BE Vpp)
Sentence 3 ACC = 1.000 (N BE Vpp P N)
Sentence 4 ACC = 0.600 (N Vpp P N Vi)
Commitment t= 3: Overall accuracy = 0.920
  S0 (N Vi): 1.000
  S1 (N Vi P N): 1.000
  S2 (N BE Vpp): 1.000
  S3 (N BE Vpp P N): 1.000
  S4 (N Vpp P N Vi): 0.600
Sentence 0 ACC = 1.000 (N Vi)
Sentence 1 ACC = 1.000 (N Vi P N)
Sentence 2 ACC = 1.000 (N BE Vpp)
Sentence 3 ACC = 1.000 (N BE Vpp P N)
Sentence 4 ACC = 0.600 (N Vpp P N Vi)
Commitment t= 4: Overall accuracy = 0.920
  S0 (N Vi): 1.000
  S1 (N Vi P N): 1.000
  S2 (N BE Vpp): 1.000
  S3 (N BE Vpp P N): 1.000
  S4 (N Vpp P N Vi): 0.600
Sentence 0 ACC = 1.000 (N Vi)
Sentence 1 ACC = 1.000 (N Vi P N)
Sentence 2 ACC = 1.000 (N BE Vpp)
Sentence 3 ACC = 0.700 (N BE Vpp P N)
Sentence 4 ACC = 0.200 (N Vpp P N Vi)
Commitment t= 5: Overall accuracy = 0.780
  S0 (N Vi): 1.000
  S1 (N Vi P N): 1.000
  S2 (N BE Vpp): 1.000
  S3 (N BE Vpp P N): 0.700
  S4 (N Vpp P N Vi): 0.200
Sentence 0 ACC = 1.000 (N Vi)
Sentence 1 ACC = 1.000 (N Vi P N)
Sentence 2 ACC = 1.000 (N BE Vpp)
Sentence 3 ACC = 0.700 (N BE Vpp P N)
Sentence 4 ACC = 0.100 (N Vpp P N Vi)
Commitment t= 6: Overall accuracy = 0.760
  S0 (N Vi): 1.000
  S1 (N Vi P N): 1.000
  S2 (N BE Vpp): 1.000
  S3 (N BE Vpp P N): 0.700
  S4 (N Vpp P N Vi): 0.100
Sentence 0 ACC = 1.000 (N Vi)
Sentence 1 ACC = 1.000 (N Vi P N)
Sentence 2 ACC = 1.000 (N BE Vpp)
Sentence 3 ACC = 0.600 (N BE Vpp P N)
Sentence 4 ACC = 0.000 (N Vpp P N Vi)
Commitment t= 7: Overall accuracy = 0.720
  S0 (N Vi): 1.000
  S1 (N Vi P N): 1.000
  S2 (N BE Vpp): 1.000
  S3 (N BE Vpp P N): 0.600
  S4 (N Vpp P N Vi): 0.000
Sentence 0 ACC = 1.000 (N Vi)
Sentence 1 ACC = 1.000 (N Vi P N)
Sentence 2 ACC = 1.000 (N BE Vpp)
Sentence 3 ACC = 0.400 (N BE Vpp P N)
Sentence 4 ACC = 0.300 (N Vpp P N Vi)
Commitment t= 8: Overall accuracy = 0.740
  S0 (N Vi): 1.000
  S1 (N Vi P N): 1.000
  S2 (N BE Vpp): 1.000
  S3 (N BE Vpp P N): 0.400
  S4 (N Vpp P N Vi): 0.300
Sentence 0 ACC = 1.000 (N Vi)
Sentence 1 ACC = 1.000 (N Vi P N)
Sentence 2 ACC = 1.000 (N BE Vpp)
Sentence 3 ACC = 0.200 (N BE Vpp P N)
Sentence 4 ACC = 0.000 (N Vpp P N Vi)
Commitment t= 9: Overall accuracy = 0.640
  S0 (N Vi): 1.000
  S1 (N Vi P N): 1.000
  S2 (N BE Vpp): 1.000
  S3 (N BE Vpp P N): 0.200
  S4 (N Vpp P N Vi): 0.000
Sentence 0 ACC = 1.000 (N Vi)
Sentence 1 ACC = 1.000 (N Vi P N)
Sentence 2 ACC = 1.000 (N BE Vpp)
Sentence 3 ACC = 0.200 (N BE Vpp P N)
Sentence 4 ACC = 0.000 (N Vpp P N Vi)
Commitment t=10: Overall accuracy = 0.640
  S0 (N Vi): 1.000
  S1 (N Vi P N): 1.000
  S2 (N BE Vpp): 1.000
  S3 (N BE Vpp P N): 0.200
  S4 (N Vpp P N Vi): 0.000
Sentence 0 ACC = 1.000 (N Vi)
Sentence 1 ACC = 0.800 (N Vi P N)
Sentence 2 ACC = 0.800 (N BE Vpp)
Sentence 3 ACC = 0.100 (N BE Vpp P N)
Sentence 4 ACC = 0.200 (N Vpp P N Vi)
Commitment t=11: Overall accuracy = 0.580
  S0 (N Vi): 1.000
  S1 (N Vi P N): 0.800
  S2 (N BE Vpp): 0.800
  S3 (N BE Vpp P N): 0.100
  S4 (N Vpp P N Vi): 0.200
Sentence 0 ACC = 1.000 (N Vi)
Sentence 1 ACC = 1.000 (N Vi P N)
Sentence 2 ACC = 0.600 (N BE Vpp)
Sentence 3 ACC = 0.400 (N BE Vpp P N)
Sentence 4 ACC = 0.000 (N Vpp P N Vi)
Commitment t=12: Overall accuracy = 0.600
  S0 (N Vi): 1.000
  S1 (N Vi P N): 1.000
  S2 (N BE Vpp): 0.600
  S3 (N BE Vpp P N): 0.400
  S4 (N Vpp P N Vi): 0.000

======================================================================
Generating treelet activation trajectories for each sentence type...
======================================================================

=== CORPUS SENTENCE ORDER ===
S0: N Vi
S1: N Vi P N
S2: N BE Vpp
S3: N BE Vpp P N
S4: N Vpp P N Vi
======================================================================

Generating plots for Sentence 0: N Vi
rules are [{'m': 'NP[1]:0', 'd1': '*N:0', 'd2': 'RC[1]:1', 'p': 1.0}, {'m': 'PP[1]:1', 'd1': 'P:0', 'd2': 'N:1', 'p': 1.0}, {'m': 'RC[1]:1', 'd1': '*Vpp:0', 'd2': 'PP[1]:1', 'p': 1.0}, {'m': 'S[1]:0', 'd1': 'N:0', 'd2': 'Vi:1', 'p': 0.35}, {'m': 'S[2]:0', 'd1': '*N:0', 'd2': 'VP[1]:1', 'p': 0.3}, {'m': 'S[2]:0', 'd1': '*N:0', 'd2': 'VP[2]:1', 'p': 0.18}, {'m': 'S[2]:0', 'd1': '*N:0', 'd2': 'VP[3]:1', 'p': 0.12}, {'m': 'S[3]:0', 'd1': 'NP[1]:0', 'd2': '*Vi:1', 'p': 0.05}, {'m': 'VP[1]:1', 'd1': '*Vi:0', 'd2': 'PP[1]:1', 'p': 0.5}, {'m': 'VP[2]:1', 'd1': 'BE:0', 'd2': 'Vpp:1', 'p': 0.3}, {'m': 'VP[3]:1', 'd1': '*BE:0', 'd2': 'VPpp[1]:1', 'p': 0.2}, {'m': 'VPpp[1]:1', 'd1': '*Vpp:0', 'd2': 'PP[1]:1', 'p': 1.0}, {'m': '*@:1', 'd1': None, 'd2': '@:1', 'p': None}, {'m': '*@:1', 'd1': None, 'd2': '*@:1', 'p': None}, {'m': '*BE:0', 'd1': 'BE:0', 'd2': None, 'p': None}, {'m': '*BE:0', 'd1': '*BE:0', 'd2': None, 'p': None}, {'m': '*N:0', 'd1': 'N:0', 'd2': None, 'p': None}, {'m': '*N:0', 'd1': '*N:0', 'd2': None, 'p': None}, {'m': '*Vi:0', 'd1': 'Vi:0', 'd2': None, 'p': None}, {'m': '*Vi:0', 'd1': '*Vi:0', 'd2': None, 'p': None}, {'m': '*Vi:1', 'd1': None, 'd2': 'Vi:1', 'p': None}, {'m': '*Vi:1', 'd1': None, 'd2': '*Vi:1', 'p': None}, {'m': '*Vpp:0', 'd1': 'Vpp:0', 'd2': None, 'p': None}, {'m': '*Vpp:0', 'd1': '*Vpp:0', 'd2': None, 'p': None}, {'m': '#:0', 'd1': 'S[1]:0', 'd2': '*@:1', 'p': None}, {'m': '#:0', 'd1': 'S[2]:0', 'd2': '*@:1', 'p': None}, {'m': '#:0', 'd1': 'S[3]:0', 'd2': '*@:1', 'p': None}]
labs are ['NP[1](*N,RC[1])', 'PP[1](P,N)', 'RC[1](*Vpp,PP[1])', 'S[1](N,Vi)', 'S[2](*N,VP[1])', 'S[2](*N,VP[2])', 'S[2](*N,VP[3])', 'S[3](NP[1],*Vi)', 'VP[1](*Vi,PP[1])', 'VP[2](BE,Vpp)', 'VP[3](*BE,VPpp[1])', 'VPpp[1](*Vpp,PP[1])', '*@(,@)', '*@(,*@)', '*BE(BE,)', '*BE(*BE,)', '*N(N,)', '*N(*N,)', '*Vi(Vi,)', '*Vi(*Vi,)', '*Vi(,Vi)', '*Vi(,*Vi)', '*Vpp(Vpp,)', '*Vpp(*Vpp,)', '#(S[1],*@)', '#(S[2],*@)', '#(S[3],*@)']
focus_idx is [16  3 17 20]
labs_focus is ['*N(N,)', 'S[1](N,Vi)', '*N(*N,)', '*Vi(,Vi)']
rules are [{'m': 'NP[1]:0', 'd1': '*N:0', 'd2': 'RC[1]:1', 'p': 1.0}, {'m': 'PP[1]:1', 'd1': 'P:0', 'd2': 'N:1', 'p': 1.0}, {'m': 'RC[1]:1', 'd1': '*Vpp:0', 'd2': 'PP[1]:1', 'p': 1.0}, {'m': 'S[1]:0', 'd1': 'N:0', 'd2': 'Vi:1', 'p': 0.35}, {'m': 'S[2]:0', 'd1': '*N:0', 'd2': 'VP[1]:1', 'p': 0.3}, {'m': 'S[2]:0', 'd1': '*N:0', 'd2': 'VP[2]:1', 'p': 0.18}, {'m': 'S[2]:0', 'd1': '*N:0', 'd2': 'VP[3]:1', 'p': 0.12}, {'m': 'S[3]:0', 'd1': 'NP[1]:0', 'd2': '*Vi:1', 'p': 0.05}, {'m': 'VP[1]:1', 'd1': '*Vi:0', 'd2': 'PP[1]:1', 'p': 0.5}, {'m': 'VP[2]:1', 'd1': 'BE:0', 'd2': 'Vpp:1', 'p': 0.3}, {'m': 'VP[3]:1', 'd1': '*BE:0', 'd2': 'VPpp[1]:1', 'p': 0.2}, {'m': 'VPpp[1]:1', 'd1': '*Vpp:0', 'd2': 'PP[1]:1', 'p': 1.0}, {'m': '*@:1', 'd1': None, 'd2': '@:1', 'p': None}, {'m': '*@:1', 'd1': None, 'd2': '*@:1', 'p': None}, {'m': '*BE:0', 'd1': 'BE:0', 'd2': None, 'p': None}, {'m': '*BE:0', 'd1': '*BE:0', 'd2': None, 'p': None}, {'m': '*N:0', 'd1': 'N:0', 'd2': None, 'p': None}, {'m': '*N:0', 'd1': '*N:0', 'd2': None, 'p': None}, {'m': '*Vi:0', 'd1': 'Vi:0', 'd2': None, 'p': None}, {'m': '*Vi:0', 'd1': '*Vi:0', 'd2': None, 'p': None}, {'m': '*Vi:1', 'd1': None, 'd2': 'Vi:1', 'p': None}, {'m': '*Vi:1', 'd1': None, 'd2': '*Vi:1', 'p': None}, {'m': '*Vpp:0', 'd1': 'Vpp:0', 'd2': None, 'p': None}, {'m': '*Vpp:0', 'd1': '*Vpp:0', 'd2': None, 'p': None}, {'m': '#:0', 'd1': 'S[1]:0', 'd2': '*@:1', 'p': None}, {'m': '#:0', 'd1': 'S[2]:0', 'd2': '*@:1', 'p': None}, {'m': '#:0', 'd1': 'S[3]:0', 'd2': '*@:1', 'p': None}]
labs are ['NP[1](*N,RC[1])', 'PP[1](P,N)', 'RC[1](*Vpp,PP[1])', 'S[1](N,Vi)', 'S[2](*N,VP[1])', 'S[2](*N,VP[2])', 'S[2](*N,VP[3])', 'S[3](NP[1],*Vi)', 'VP[1](*Vi,PP[1])', 'VP[2](BE,Vpp)', 'VP[3](*BE,VPpp[1])', 'VPpp[1](*Vpp,PP[1])', '*@(,@)', '*@(,*@)', '*BE(BE,)', '*BE(*BE,)', '*N(N,)', '*N(*N,)', '*Vi(Vi,)', '*Vi(*Vi,)', '*Vi(,Vi)', '*Vi(,*Vi)', '*Vpp(Vpp,)', '*Vpp(*Vpp,)', '#(S[1],*@)', '#(S[2],*@)', '#(S[3],*@)']
focus_idx is [ 8 19 11  2]
labs_focus is ['VP[1](*Vi,PP[1])', '*Vi(*Vi,)', 'VPpp[1](*Vpp,PP[1])', 'RC[1](*Vpp,PP[1])']

Generating plots for Sentence 1: N Vi P N
rules are [{'m': 'NP[1]:0', 'd1': '*N:0', 'd2': 'RC[1]:1', 'p': 1.0}, {'m': 'PP[1]:1', 'd1': 'P:0', 'd2': 'N:1', 'p': 1.0}, {'m': 'RC[1]:1', 'd1': '*Vpp:0', 'd2': 'PP[1]:1', 'p': 1.0}, {'m': 'S[1]:0', 'd1': 'N:0', 'd2': 'Vi:1', 'p': 0.35}, {'m': 'S[2]:0', 'd1': '*N:0', 'd2': 'VP[1]:1', 'p': 0.3}, {'m': 'S[2]:0', 'd1': '*N:0', 'd2': 'VP[2]:1', 'p': 0.18}, {'m': 'S[2]:0', 'd1': '*N:0', 'd2': 'VP[3]:1', 'p': 0.12}, {'m': 'S[3]:0', 'd1': 'NP[1]:0', 'd2': '*Vi:1', 'p': 0.05}, {'m': 'VP[1]:1', 'd1': '*Vi:0', 'd2': 'PP[1]:1', 'p': 0.5}, {'m': 'VP[2]:1', 'd1': 'BE:0', 'd2': 'Vpp:1', 'p': 0.3}, {'m': 'VP[3]:1', 'd1': '*BE:0', 'd2': 'VPpp[1]:1', 'p': 0.2}, {'m': 'VPpp[1]:1', 'd1': '*Vpp:0', 'd2': 'PP[1]:1', 'p': 1.0}, {'m': '*@:1', 'd1': None, 'd2': '@:1', 'p': None}, {'m': '*@:1', 'd1': None, 'd2': '*@:1', 'p': None}, {'m': '*BE:0', 'd1': 'BE:0', 'd2': None, 'p': None}, {'m': '*BE:0', 'd1': '*BE:0', 'd2': None, 'p': None}, {'m': '*N:0', 'd1': 'N:0', 'd2': None, 'p': None}, {'m': '*N:0', 'd1': '*N:0', 'd2': None, 'p': None}, {'m': '*Vi:0', 'd1': 'Vi:0', 'd2': None, 'p': None}, {'m': '*Vi:0', 'd1': '*Vi:0', 'd2': None, 'p': None}, {'m': '*Vi:1', 'd1': None, 'd2': 'Vi:1', 'p': None}, {'m': '*Vi:1', 'd1': None, 'd2': '*Vi:1', 'p': None}, {'m': '*Vpp:0', 'd1': 'Vpp:0', 'd2': None, 'p': None}, {'m': '*Vpp:0', 'd1': '*Vpp:0', 'd2': None, 'p': None}, {'m': '#:0', 'd1': 'S[1]:0', 'd2': '*@:1', 'p': None}, {'m': '#:0', 'd1': 'S[2]:0', 'd2': '*@:1', 'p': None}, {'m': '#:0', 'd1': 'S[3]:0', 'd2': '*@:1', 'p': None}]
labs are ['NP[1](*N,RC[1])', 'PP[1](P,N)', 'RC[1](*Vpp,PP[1])', 'S[1](N,Vi)', 'S[2](*N,VP[1])', 'S[2](*N,VP[2])', 'S[2](*N,VP[3])', 'S[3](NP[1],*Vi)', 'VP[1](*Vi,PP[1])', 'VP[2](BE,Vpp)', 'VP[3](*BE,VPpp[1])', 'VPpp[1](*Vpp,PP[1])', '*@(,@)', '*@(,*@)', '*BE(BE,)', '*BE(*BE,)', '*N(N,)', '*N(*N,)', '*Vi(Vi,)', '*Vi(*Vi,)', '*Vi(,Vi)', '*Vi(,*Vi)', '*Vpp(Vpp,)', '*Vpp(*Vpp,)', '#(S[1],*@)', '#(S[2],*@)', '#(S[3],*@)']
focus_idx is [16 17  3 20]
labs_focus is ['*N(N,)', '*N(*N,)', 'S[1](N,Vi)', '*Vi(,Vi)']
rules are [{'m': 'NP[1]:0', 'd1': '*N:0', 'd2': 'RC[1]:1', 'p': 1.0}, {'m': 'PP[1]:1', 'd1': 'P:0', 'd2': 'N:1', 'p': 1.0}, {'m': 'RC[1]:1', 'd1': '*Vpp:0', 'd2': 'PP[1]:1', 'p': 1.0}, {'m': 'S[1]:0', 'd1': 'N:0', 'd2': 'Vi:1', 'p': 0.35}, {'m': 'S[2]:0', 'd1': '*N:0', 'd2': 'VP[1]:1', 'p': 0.3}, {'m': 'S[2]:0', 'd1': '*N:0', 'd2': 'VP[2]:1', 'p': 0.18}, {'m': 'S[2]:0', 'd1': '*N:0', 'd2': 'VP[3]:1', 'p': 0.12}, {'m': 'S[3]:0', 'd1': 'NP[1]:0', 'd2': '*Vi:1', 'p': 0.05}, {'m': 'VP[1]:1', 'd1': '*Vi:0', 'd2': 'PP[1]:1', 'p': 0.5}, {'m': 'VP[2]:1', 'd1': 'BE:0', 'd2': 'Vpp:1', 'p': 0.3}, {'m': 'VP[3]:1', 'd1': '*BE:0', 'd2': 'VPpp[1]:1', 'p': 0.2}, {'m': 'VPpp[1]:1', 'd1': '*Vpp:0', 'd2': 'PP[1]:1', 'p': 1.0}, {'m': '*@:1', 'd1': None, 'd2': '@:1', 'p': None}, {'m': '*@:1', 'd1': None, 'd2': '*@:1', 'p': None}, {'m': '*BE:0', 'd1': 'BE:0', 'd2': None, 'p': None}, {'m': '*BE:0', 'd1': '*BE:0', 'd2': None, 'p': None}, {'m': '*N:0', 'd1': 'N:0', 'd2': None, 'p': None}, {'m': '*N:0', 'd1': '*N:0', 'd2': None, 'p': None}, {'m': '*Vi:0', 'd1': 'Vi:0', 'd2': None, 'p': None}, {'m': '*Vi:0', 'd1': '*Vi:0', 'd2': None, 'p': None}, {'m': '*Vi:1', 'd1': None, 'd2': 'Vi:1', 'p': None}, {'m': '*Vi:1', 'd1': None, 'd2': '*Vi:1', 'p': None}, {'m': '*Vpp:0', 'd1': 'Vpp:0', 'd2': None, 'p': None}, {'m': '*Vpp:0', 'd1': '*Vpp:0', 'd2': None, 'p': None}, {'m': '#:0', 'd1': 'S[1]:0', 'd2': '*@:1', 'p': None}, {'m': '#:0', 'd1': 'S[2]:0', 'd2': '*@:1', 'p': None}, {'m': '#:0', 'd1': 'S[3]:0', 'd2': '*@:1', 'p': None}]
labs are ['NP[1](*N,RC[1])', 'PP[1](P,N)', 'RC[1](*Vpp,PP[1])', 'S[1](N,Vi)', 'S[2](*N,VP[1])', 'S[2](*N,VP[2])', 'S[2](*N,VP[3])', 'S[3](NP[1],*Vi)', 'VP[1](*Vi,PP[1])', 'VP[2](BE,Vpp)', 'VP[3](*BE,VPpp[1])', 'VPpp[1](*Vpp,PP[1])', '*@(,@)', '*@(,*@)', '*BE(BE,)', '*BE(*BE,)', '*N(N,)', '*N(*N,)', '*Vi(Vi,)', '*Vi(*Vi,)', '*Vi(,Vi)', '*Vi(,*Vi)', '*Vpp(Vpp,)', '*Vpp(*Vpp,)', '#(S[1],*@)', '#(S[2],*@)', '#(S[3],*@)']
focus_idx is [ 8 19 11  2]
labs_focus is ['VP[1](*Vi,PP[1])', '*Vi(*Vi,)', 'VPpp[1](*Vpp,PP[1])', 'RC[1](*Vpp,PP[1])']

Generating plots for Sentence 2: N BE Vpp
rules are [{'m': 'NP[1]:0', 'd1': '*N:0', 'd2': 'RC[1]:1', 'p': 1.0}, {'m': 'PP[1]:1', 'd1': 'P:0', 'd2': 'N:1', 'p': 1.0}, {'m': 'RC[1]:1', 'd1': '*Vpp:0', 'd2': 'PP[1]:1', 'p': 1.0}, {'m': 'S[1]:0', 'd1': 'N:0', 'd2': 'Vi:1', 'p': 0.35}, {'m': 'S[2]:0', 'd1': '*N:0', 'd2': 'VP[1]:1', 'p': 0.3}, {'m': 'S[2]:0', 'd1': '*N:0', 'd2': 'VP[2]:1', 'p': 0.18}, {'m': 'S[2]:0', 'd1': '*N:0', 'd2': 'VP[3]:1', 'p': 0.12}, {'m': 'S[3]:0', 'd1': 'NP[1]:0', 'd2': '*Vi:1', 'p': 0.05}, {'m': 'VP[1]:1', 'd1': '*Vi:0', 'd2': 'PP[1]:1', 'p': 0.5}, {'m': 'VP[2]:1', 'd1': 'BE:0', 'd2': 'Vpp:1', 'p': 0.3}, {'m': 'VP[3]:1', 'd1': '*BE:0', 'd2': 'VPpp[1]:1', 'p': 0.2}, {'m': 'VPpp[1]:1', 'd1': '*Vpp:0', 'd2': 'PP[1]:1', 'p': 1.0}, {'m': '*@:1', 'd1': None, 'd2': '@:1', 'p': None}, {'m': '*@:1', 'd1': None, 'd2': '*@:1', 'p': None}, {'m': '*BE:0', 'd1': 'BE:0', 'd2': None, 'p': None}, {'m': '*BE:0', 'd1': '*BE:0', 'd2': None, 'p': None}, {'m': '*N:0', 'd1': 'N:0', 'd2': None, 'p': None}, {'m': '*N:0', 'd1': '*N:0', 'd2': None, 'p': None}, {'m': '*Vi:0', 'd1': 'Vi:0', 'd2': None, 'p': None}, {'m': '*Vi:0', 'd1': '*Vi:0', 'd2': None, 'p': None}, {'m': '*Vi:1', 'd1': None, 'd2': 'Vi:1', 'p': None}, {'m': '*Vi:1', 'd1': None, 'd2': '*Vi:1', 'p': None}, {'m': '*Vpp:0', 'd1': 'Vpp:0', 'd2': None, 'p': None}, {'m': '*Vpp:0', 'd1': '*Vpp:0', 'd2': None, 'p': None}, {'m': '#:0', 'd1': 'S[1]:0', 'd2': '*@:1', 'p': None}, {'m': '#:0', 'd1': 'S[2]:0', 'd2': '*@:1', 'p': None}, {'m': '#:0', 'd1': 'S[3]:0', 'd2': '*@:1', 'p': None}]
labs are ['NP[1](*N,RC[1])', 'PP[1](P,N)', 'RC[1](*Vpp,PP[1])', 'S[1](N,Vi)', 'S[2](*N,VP[1])', 'S[2](*N,VP[2])', 'S[2](*N,VP[3])', 'S[3](NP[1],*Vi)', 'VP[1](*Vi,PP[1])', 'VP[2](BE,Vpp)', 'VP[3](*BE,VPpp[1])', 'VPpp[1](*Vpp,PP[1])', '*@(,@)', '*@(,*@)', '*BE(BE,)', '*BE(*BE,)', '*N(N,)', '*N(*N,)', '*Vi(Vi,)', '*Vi(*Vi,)', '*Vi(,Vi)', '*Vi(,*Vi)', '*Vpp(Vpp,)', '*Vpp(*Vpp,)', '#(S[1],*@)', '#(S[2],*@)', '#(S[3],*@)']
focus_idx is [16 17  3 20]
labs_focus is ['*N(N,)', '*N(*N,)', 'S[1](N,Vi)', '*Vi(,Vi)']
rules are [{'m': 'NP[1]:0', 'd1': '*N:0', 'd2': 'RC[1]:1', 'p': 1.0}, {'m': 'PP[1]:1', 'd1': 'P:0', 'd2': 'N:1', 'p': 1.0}, {'m': 'RC[1]:1', 'd1': '*Vpp:0', 'd2': 'PP[1]:1', 'p': 1.0}, {'m': 'S[1]:0', 'd1': 'N:0', 'd2': 'Vi:1', 'p': 0.35}, {'m': 'S[2]:0', 'd1': '*N:0', 'd2': 'VP[1]:1', 'p': 0.3}, {'m': 'S[2]:0', 'd1': '*N:0', 'd2': 'VP[2]:1', 'p': 0.18}, {'m': 'S[2]:0', 'd1': '*N:0', 'd2': 'VP[3]:1', 'p': 0.12}, {'m': 'S[3]:0', 'd1': 'NP[1]:0', 'd2': '*Vi:1', 'p': 0.05}, {'m': 'VP[1]:1', 'd1': '*Vi:0', 'd2': 'PP[1]:1', 'p': 0.5}, {'m': 'VP[2]:1', 'd1': 'BE:0', 'd2': 'Vpp:1', 'p': 0.3}, {'m': 'VP[3]:1', 'd1': '*BE:0', 'd2': 'VPpp[1]:1', 'p': 0.2}, {'m': 'VPpp[1]:1', 'd1': '*Vpp:0', 'd2': 'PP[1]:1', 'p': 1.0}, {'m': '*@:1', 'd1': None, 'd2': '@:1', 'p': None}, {'m': '*@:1', 'd1': None, 'd2': '*@:1', 'p': None}, {'m': '*BE:0', 'd1': 'BE:0', 'd2': None, 'p': None}, {'m': '*BE:0', 'd1': '*BE:0', 'd2': None, 'p': None}, {'m': '*N:0', 'd1': 'N:0', 'd2': None, 'p': None}, {'m': '*N:0', 'd1': '*N:0', 'd2': None, 'p': None}, {'m': '*Vi:0', 'd1': 'Vi:0', 'd2': None, 'p': None}, {'m': '*Vi:0', 'd1': '*Vi:0', 'd2': None, 'p': None}, {'m': '*Vi:1', 'd1': None, 'd2': 'Vi:1', 'p': None}, {'m': '*Vi:1', 'd1': None, 'd2': '*Vi:1', 'p': None}, {'m': '*Vpp:0', 'd1': 'Vpp:0', 'd2': None, 'p': None}, {'m': '*Vpp:0', 'd1': '*Vpp:0', 'd2': None, 'p': None}, {'m': '#:0', 'd1': 'S[1]:0', 'd2': '*@:1', 'p': None}, {'m': '#:0', 'd1': 'S[2]:0', 'd2': '*@:1', 'p': None}, {'m': '#:0', 'd1': 'S[3]:0', 'd2': '*@:1', 'p': None}]
labs are ['NP[1](*N,RC[1])', 'PP[1](P,N)', 'RC[1](*Vpp,PP[1])', 'S[1](N,Vi)', 'S[2](*N,VP[1])', 'S[2](*N,VP[2])', 'S[2](*N,VP[3])', 'S[3](NP[1],*Vi)', 'VP[1](*Vi,PP[1])', 'VP[2](BE,Vpp)', 'VP[3](*BE,VPpp[1])', 'VPpp[1](*Vpp,PP[1])', '*@(,@)', '*@(,*@)', '*BE(BE,)', '*BE(*BE,)', '*N(N,)', '*N(*N,)', '*Vi(Vi,)', '*Vi(*Vi,)', '*Vi(,Vi)', '*Vi(,*Vi)', '*Vpp(Vpp,)', '*Vpp(*Vpp,)', '#(S[1],*@)', '#(S[2],*@)', '#(S[3],*@)']
focus_idx is [ 8 19 11  2]
labs_focus is ['VP[1](*Vi,PP[1])', '*Vi(*Vi,)', 'VPpp[1](*Vpp,PP[1])', 'RC[1](*Vpp,PP[1])']

Generating plots for Sentence 3: N BE Vpp P N
rules are [{'m': 'NP[1]:0', 'd1': '*N:0', 'd2': 'RC[1]:1', 'p': 1.0}, {'m': 'PP[1]:1', 'd1': 'P:0', 'd2': 'N:1', 'p': 1.0}, {'m': 'RC[1]:1', 'd1': '*Vpp:0', 'd2': 'PP[1]:1', 'p': 1.0}, {'m': 'S[1]:0', 'd1': 'N:0', 'd2': 'Vi:1', 'p': 0.35}, {'m': 'S[2]:0', 'd1': '*N:0', 'd2': 'VP[1]:1', 'p': 0.3}, {'m': 'S[2]:0', 'd1': '*N:0', 'd2': 'VP[2]:1', 'p': 0.18}, {'m': 'S[2]:0', 'd1': '*N:0', 'd2': 'VP[3]:1', 'p': 0.12}, {'m': 'S[3]:0', 'd1': 'NP[1]:0', 'd2': '*Vi:1', 'p': 0.05}, {'m': 'VP[1]:1', 'd1': '*Vi:0', 'd2': 'PP[1]:1', 'p': 0.5}, {'m': 'VP[2]:1', 'd1': 'BE:0', 'd2': 'Vpp:1', 'p': 0.3}, {'m': 'VP[3]:1', 'd1': '*BE:0', 'd2': 'VPpp[1]:1', 'p': 0.2}, {'m': 'VPpp[1]:1', 'd1': '*Vpp:0', 'd2': 'PP[1]:1', 'p': 1.0}, {'m': '*@:1', 'd1': None, 'd2': '@:1', 'p': None}, {'m': '*@:1', 'd1': None, 'd2': '*@:1', 'p': None}, {'m': '*BE:0', 'd1': 'BE:0', 'd2': None, 'p': None}, {'m': '*BE:0', 'd1': '*BE:0', 'd2': None, 'p': None}, {'m': '*N:0', 'd1': 'N:0', 'd2': None, 'p': None}, {'m': '*N:0', 'd1': '*N:0', 'd2': None, 'p': None}, {'m': '*Vi:0', 'd1': 'Vi:0', 'd2': None, 'p': None}, {'m': '*Vi:0', 'd1': '*Vi:0', 'd2': None, 'p': None}, {'m': '*Vi:1', 'd1': None, 'd2': 'Vi:1', 'p': None}, {'m': '*Vi:1', 'd1': None, 'd2': '*Vi:1', 'p': None}, {'m': '*Vpp:0', 'd1': 'Vpp:0', 'd2': None, 'p': None}, {'m': '*Vpp:0', 'd1': '*Vpp:0', 'd2': None, 'p': None}, {'m': '#:0', 'd1': 'S[1]:0', 'd2': '*@:1', 'p': None}, {'m': '#:0', 'd1': 'S[2]:0', 'd2': '*@:1', 'p': None}, {'m': '#:0', 'd1': 'S[3]:0', 'd2': '*@:1', 'p': None}]
labs are ['NP[1](*N,RC[1])', 'PP[1](P,N)', 'RC[1](*Vpp,PP[1])', 'S[1](N,Vi)', 'S[2](*N,VP[1])', 'S[2](*N,VP[2])', 'S[2](*N,VP[3])', 'S[3](NP[1],*Vi)', 'VP[1](*Vi,PP[1])', 'VP[2](BE,Vpp)', 'VP[3](*BE,VPpp[1])', 'VPpp[1](*Vpp,PP[1])', '*@(,@)', '*@(,*@)', '*BE(BE,)', '*BE(*BE,)', '*N(N,)', '*N(*N,)', '*Vi(Vi,)', '*Vi(*Vi,)', '*Vi(,Vi)', '*Vi(,*Vi)', '*Vpp(Vpp,)', '*Vpp(*Vpp,)', '#(S[1],*@)', '#(S[2],*@)', '#(S[3],*@)']
focus_idx is [16 17  3 20]
labs_focus is ['*N(N,)', '*N(*N,)', 'S[1](N,Vi)', '*Vi(,Vi)']
rules are [{'m': 'NP[1]:0', 'd1': '*N:0', 'd2': 'RC[1]:1', 'p': 1.0}, {'m': 'PP[1]:1', 'd1': 'P:0', 'd2': 'N:1', 'p': 1.0}, {'m': 'RC[1]:1', 'd1': '*Vpp:0', 'd2': 'PP[1]:1', 'p': 1.0}, {'m': 'S[1]:0', 'd1': 'N:0', 'd2': 'Vi:1', 'p': 0.35}, {'m': 'S[2]:0', 'd1': '*N:0', 'd2': 'VP[1]:1', 'p': 0.3}, {'m': 'S[2]:0', 'd1': '*N:0', 'd2': 'VP[2]:1', 'p': 0.18}, {'m': 'S[2]:0', 'd1': '*N:0', 'd2': 'VP[3]:1', 'p': 0.12}, {'m': 'S[3]:0', 'd1': 'NP[1]:0', 'd2': '*Vi:1', 'p': 0.05}, {'m': 'VP[1]:1', 'd1': '*Vi:0', 'd2': 'PP[1]:1', 'p': 0.5}, {'m': 'VP[2]:1', 'd1': 'BE:0', 'd2': 'Vpp:1', 'p': 0.3}, {'m': 'VP[3]:1', 'd1': '*BE:0', 'd2': 'VPpp[1]:1', 'p': 0.2}, {'m': 'VPpp[1]:1', 'd1': '*Vpp:0', 'd2': 'PP[1]:1', 'p': 1.0}, {'m': '*@:1', 'd1': None, 'd2': '@:1', 'p': None}, {'m': '*@:1', 'd1': None, 'd2': '*@:1', 'p': None}, {'m': '*BE:0', 'd1': 'BE:0', 'd2': None, 'p': None}, {'m': '*BE:0', 'd1': '*BE:0', 'd2': None, 'p': None}, {'m': '*N:0', 'd1': 'N:0', 'd2': None, 'p': None}, {'m': '*N:0', 'd1': '*N:0', 'd2': None, 'p': None}, {'m': '*Vi:0', 'd1': 'Vi:0', 'd2': None, 'p': None}, {'m': '*Vi:0', 'd1': '*Vi:0', 'd2': None, 'p': None}, {'m': '*Vi:1', 'd1': None, 'd2': 'Vi:1', 'p': None}, {'m': '*Vi:1', 'd1': None, 'd2': '*Vi:1', 'p': None}, {'m': '*Vpp:0', 'd1': 'Vpp:0', 'd2': None, 'p': None}, {'m': '*Vpp:0', 'd1': '*Vpp:0', 'd2': None, 'p': None}, {'m': '#:0', 'd1': 'S[1]:0', 'd2': '*@:1', 'p': None}, {'m': '#:0', 'd1': 'S[2]:0', 'd2': '*@:1', 'p': None}, {'m': '#:0', 'd1': 'S[3]:0', 'd2': '*@:1', 'p': None}]
labs are ['NP[1](*N,RC[1])', 'PP[1](P,N)', 'RC[1](*Vpp,PP[1])', 'S[1](N,Vi)', 'S[2](*N,VP[1])', 'S[2](*N,VP[2])', 'S[2](*N,VP[3])', 'S[3](NP[1],*Vi)', 'VP[1](*Vi,PP[1])', 'VP[2](BE,Vpp)', 'VP[3](*BE,VPpp[1])', 'VPpp[1](*Vpp,PP[1])', '*@(,@)', '*@(,*@)', '*BE(BE,)', '*BE(*BE,)', '*N(N,)', '*N(*N,)', '*Vi(Vi,)', '*Vi(*Vi,)', '*Vi(,Vi)', '*Vi(,*Vi)', '*Vpp(Vpp,)', '*Vpp(*Vpp,)', '#(S[1],*@)', '#(S[2],*@)', '#(S[3],*@)']
focus_idx is [ 8 19 11  2]
labs_focus is ['VP[1](*Vi,PP[1])', '*Vi(*Vi,)', 'VPpp[1](*Vpp,PP[1])', 'RC[1](*Vpp,PP[1])']

Generating plots for Sentence 4: N Vpp P N Vi
rules are [{'m': 'NP[1]:0', 'd1': '*N:0', 'd2': 'RC[1]:1', 'p': 1.0}, {'m': 'PP[1]:1', 'd1': 'P:0', 'd2': 'N:1', 'p': 1.0}, {'m': 'RC[1]:1', 'd1': '*Vpp:0', 'd2': 'PP[1]:1', 'p': 1.0}, {'m': 'S[1]:0', 'd1': 'N:0', 'd2': 'Vi:1', 'p': 0.35}, {'m': 'S[2]:0', 'd1': '*N:0', 'd2': 'VP[1]:1', 'p': 0.3}, {'m': 'S[2]:0', 'd1': '*N:0', 'd2': 'VP[2]:1', 'p': 0.18}, {'m': 'S[2]:0', 'd1': '*N:0', 'd2': 'VP[3]:1', 'p': 0.12}, {'m': 'S[3]:0', 'd1': 'NP[1]:0', 'd2': '*Vi:1', 'p': 0.05}, {'m': 'VP[1]:1', 'd1': '*Vi:0', 'd2': 'PP[1]:1', 'p': 0.5}, {'m': 'VP[2]:1', 'd1': 'BE:0', 'd2': 'Vpp:1', 'p': 0.3}, {'m': 'VP[3]:1', 'd1': '*BE:0', 'd2': 'VPpp[1]:1', 'p': 0.2}, {'m': 'VPpp[1]:1', 'd1': '*Vpp:0', 'd2': 'PP[1]:1', 'p': 1.0}, {'m': '*@:1', 'd1': None, 'd2': '@:1', 'p': None}, {'m': '*@:1', 'd1': None, 'd2': '*@:1', 'p': None}, {'m': '*BE:0', 'd1': 'BE:0', 'd2': None, 'p': None}, {'m': '*BE:0', 'd1': '*BE:0', 'd2': None, 'p': None}, {'m': '*N:0', 'd1': 'N:0', 'd2': None, 'p': None}, {'m': '*N:0', 'd1': '*N:0', 'd2': None, 'p': None}, {'m': '*Vi:0', 'd1': 'Vi:0', 'd2': None, 'p': None}, {'m': '*Vi:0', 'd1': '*Vi:0', 'd2': None, 'p': None}, {'m': '*Vi:1', 'd1': None, 'd2': 'Vi:1', 'p': None}, {'m': '*Vi:1', 'd1': None, 'd2': '*Vi:1', 'p': None}, {'m': '*Vpp:0', 'd1': 'Vpp:0', 'd2': None, 'p': None}, {'m': '*Vpp:0', 'd1': '*Vpp:0', 'd2': None, 'p': None}, {'m': '#:0', 'd1': 'S[1]:0', 'd2': '*@:1', 'p': None}, {'m': '#:0', 'd1': 'S[2]:0', 'd2': '*@:1', 'p': None}, {'m': '#:0', 'd1': 'S[3]:0', 'd2': '*@:1', 'p': None}]
labs are ['NP[1](*N,RC[1])', 'PP[1](P,N)', 'RC[1](*Vpp,PP[1])', 'S[1](N,Vi)', 'S[2](*N,VP[1])', 'S[2](*N,VP[2])', 'S[2](*N,VP[3])', 'S[3](NP[1],*Vi)', 'VP[1](*Vi,PP[1])', 'VP[2](BE,Vpp)', 'VP[3](*BE,VPpp[1])', 'VPpp[1](*Vpp,PP[1])', '*@(,@)', '*@(,*@)', '*BE(BE,)', '*BE(*BE,)', '*N(N,)', '*N(*N,)', '*Vi(Vi,)', '*Vi(*Vi,)', '*Vi(,Vi)', '*Vi(,*Vi)', '*Vpp(Vpp,)', '*Vpp(*Vpp,)', '#(S[1],*@)', '#(S[2],*@)', '#(S[3],*@)']
focus_idx is [16 17  3 20]
labs_focus is ['*N(N,)', '*N(*N,)', 'S[1](N,Vi)', '*Vi(,Vi)']
rules are [{'m': 'NP[1]:0', 'd1': '*N:0', 'd2': 'RC[1]:1', 'p': 1.0}, {'m': 'PP[1]:1', 'd1': 'P:0', 'd2': 'N:1', 'p': 1.0}, {'m': 'RC[1]:1', 'd1': '*Vpp:0', 'd2': 'PP[1]:1', 'p': 1.0}, {'m': 'S[1]:0', 'd1': 'N:0', 'd2': 'Vi:1', 'p': 0.35}, {'m': 'S[2]:0', 'd1': '*N:0', 'd2': 'VP[1]:1', 'p': 0.3}, {'m': 'S[2]:0', 'd1': '*N:0', 'd2': 'VP[2]:1', 'p': 0.18}, {'m': 'S[2]:0', 'd1': '*N:0', 'd2': 'VP[3]:1', 'p': 0.12}, {'m': 'S[3]:0', 'd1': 'NP[1]:0', 'd2': '*Vi:1', 'p': 0.05}, {'m': 'VP[1]:1', 'd1': '*Vi:0', 'd2': 'PP[1]:1', 'p': 0.5}, {'m': 'VP[2]:1', 'd1': 'BE:0', 'd2': 'Vpp:1', 'p': 0.3}, {'m': 'VP[3]:1', 'd1': '*BE:0', 'd2': 'VPpp[1]:1', 'p': 0.2}, {'m': 'VPpp[1]:1', 'd1': '*Vpp:0', 'd2': 'PP[1]:1', 'p': 1.0}, {'m': '*@:1', 'd1': None, 'd2': '@:1', 'p': None}, {'m': '*@:1', 'd1': None, 'd2': '*@:1', 'p': None}, {'m': '*BE:0', 'd1': 'BE:0', 'd2': None, 'p': None}, {'m': '*BE:0', 'd1': '*BE:0', 'd2': None, 'p': None}, {'m': '*N:0', 'd1': 'N:0', 'd2': None, 'p': None}, {'m': '*N:0', 'd1': '*N:0', 'd2': None, 'p': None}, {'m': '*Vi:0', 'd1': 'Vi:0', 'd2': None, 'p': None}, {'m': '*Vi:0', 'd1': '*Vi:0', 'd2': None, 'p': None}, {'m': '*Vi:1', 'd1': None, 'd2': 'Vi:1', 'p': None}, {'m': '*Vi:1', 'd1': None, 'd2': '*Vi:1', 'p': None}, {'m': '*Vpp:0', 'd1': 'Vpp:0', 'd2': None, 'p': None}, {'m': '*Vpp:0', 'd1': '*Vpp:0', 'd2': None, 'p': None}, {'m': '#:0', 'd1': 'S[1]:0', 'd2': '*@:1', 'p': None}, {'m': '#:0', 'd1': 'S[2]:0', 'd2': '*@:1', 'p': None}, {'m': '#:0', 'd1': 'S[3]:0', 'd2': '*@:1', 'p': None}]
labs are ['NP[1](*N,RC[1])', 'PP[1](P,N)', 'RC[1](*Vpp,PP[1])', 'S[1](N,Vi)', 'S[2](*N,VP[1])', 'S[2](*N,VP[2])', 'S[2](*N,VP[3])', 'S[3](NP[1],*Vi)', 'VP[1](*Vi,PP[1])', 'VP[2](BE,Vpp)', 'VP[3](*BE,VPpp[1])', 'VPpp[1](*Vpp,PP[1])', '*@(,@)', '*@(,*@)', '*BE(BE,)', '*BE(*BE,)', '*N(N,)', '*N(*N,)', '*Vi(Vi,)', '*Vi(*Vi,)', '*Vi(,Vi)', '*Vi(,*Vi)', '*Vpp(Vpp,)', '*Vpp(*Vpp,)', '#(S[1],*@)', '#(S[2],*@)', '#(S[3],*@)']
focus_idx is [ 8 19 11  2]
labs_focus is ['VP[1](*Vi,PP[1])', '*Vi(*Vi,)', 'VPpp[1](*Vpp,PP[1])', 'RC[1](*Vpp,PP[1])']

======================================================================
Replication complete!
Figures saved as:
  - Plots from plot_train_result() (displayed interactively)
  - figure12_g1_parsing.png

Treelet activation trajectories for each sentence:
  - sap_g1_model_fixed_sparse_nocompress_S0_N_Vi.png
  - sap_g1_model_fixed_sparse_nocompress_S1_N_Vi_P_N.png <-- S1 = 'N Vi P N'
  - sap_g1_model_fixed_sparse_nocompress_S2_N_BE_Vpp.png
  - sap_g1_model_fixed_sparse_nocompress_S3_N_BE_Vpp_P_N.png
  - sap_g1_model_fixed_sparse_nocompress_S4_N_Vpp_P_N_Vi.png
======================================================================
Finished running at 4643.61s
