======================================================================
GSC GPU Training Job Started
======================================================================
Job ID: 555306
Node: brandal
Start Time: Fri Dec  5 01:19:08 PM EST 2025

----------------------------------------------------------------------
GPU Information:
----------------------------------------------------------------------
Fri Dec  5 13:19:08 2025       
+-----------------------------------------------------------------------------------------+
| NVIDIA-SMI 570.124.06             Driver Version: 570.124.06     CUDA Version: 12.8     |
|-----------------------------------------+------------------------+----------------------+
| GPU  Name                 Persistence-M | Bus-Id          Disp.A | Volatile Uncorr. ECC |
| Fan  Temp   Perf          Pwr:Usage/Cap |           Memory-Usage | GPU-Util  Compute M. |
|                                         |                        |               MIG M. |
|=========================================+========================+======================|
|   0  NVIDIA RTX A5000               On  |   00000000:4F:00.0 Off |                  Off |
| 30%   25C    P8             46W /  230W |       2MiB /  24564MiB |      0%      Default |
|                                         |                        |                  N/A |
+-----------------------------------------+------------------------+----------------------+
                                                                                         
+-----------------------------------------------------------------------------------------+
| Processes:                                                                              |
|  GPU   GI   CI              PID   Type   Process name                        GPU Memory |
|        ID   ID                                                               Usage      |
|=========================================================================================|
|  No running processes found                                                             |
+-----------------------------------------------------------------------------------------+

----------------------------------------------------------------------
CUDA Version:
----------------------------------------------------------------------
nvcc not found

======================================================================
Running Full Training (1000 epochs)
======================================================================
JAX detected - GPU acceleration enabled
JAX detected - GPU acceleration enabled
Global random seed set to 41 for testing
    Lookup tables built in 0.00s
    Fast lookups built in 0.000s (19 fillers, 12 rules)
    Building rule index for fast sentence generation...
    Rule index built in 0.000s
    BrickRole fast lookups built in 0.000s (15 roles)
Adding binary rules...
  Binary rules: 26 rules added
Adding copy rules...
  Copy rules: 38 total rules
Adding unary rules (this may take a while with large grammars)...
  Unary rules: 65 total rules
Adding expansion rules...
  Total rules: 74
Optimizing HarmonicGrammar with fast lookups...
Optimization complete!
Filler names: ['#:0', '*@:1', '*BE:0', '*N:0', '*Vi:0', '*Vi:1', '*Vpp:0', '@:1', 'BE:0', 'N:0', 'N:1', 'NP[1]:0', 'P:0', 'PP[1]:1', 'RC[1]:1', 'S[1]:0', 'S[2]:0', 'S[3]:0', 'VP[1]:1', 'VP[2]:1', 'VP[3]:1', 'VPpp[1]:1', 'Vi:0', 'Vi:1', 'Vpp:0', 'Vpp:1', '_']
Number of fillers: 27
GscNet.__init__: np.random.seed(1024) called, position=624
Computing change-of-basis matrices...
  N shape: (405, 405) (0.00 GB)
  Kronecker product took 0.00 s
  Computing pseudo-inverse using fast Kronecker decomposition...
  Fast pseudo-inverse took 0.00 s (vs. minutes for direct method)
  C shape: (405, 405)
DEBUG _add_change_of_basis_matrices
  ✓ Change-of-basis complete (C: (405, 405), no S materialization)
  ✓ Memory saved by not creating S: 0.0 TB
0.011083841323852539 s for generating encodings
✓ GscNet fast lookups built in 0.001s (15 roles, 27 fillers, 405 bindings)
Initializing parameters on CPU with NumPy...
  Large grammar detected (405 bindings)
  Dense WC would be 0.0 GB - using SPARSE matrix!
  Using dok_matrix for memory-efficient construction...
__init__ sets use_sparse to be True
DEBUG: _build_model starts
  Building weight model from 74 HG rules...
  Initializing WC as LIL matrix for efficient construction...
    Processing binary and copy rules...
      Found 38 binary/copy rules
    Processing competition rules...
    Processing unary rules...
    Adding grammatical constraints...
    Converting WC from Lil to CSR for efficient operations...
      WC: 760 non-zero elements (99.5367% sparse)
      Conversion took 0.00s
    Setting weights...
    Setting biases...
  ✓ Weight model built in 0.01s (0.00 min)
DEBUG: _adjust_default_param_vals starts
DEBUG: bias2weight starts
DEBUG: bias2weight
  ✓ Final WC sparsity: 99.2897% (1,165 non-zero out of 164,025)
  ✓ Memory saved: 0.0 GB (dense) → 0.0 MB (sparse)
  ✓ Reduction: 70x
0.009282112121582031 s for initializing parameter values
    Finding equilibrium with integration (dur=10)...
    Random state position after get_ep: 456
0.6100826263427734 s for finding a global equilibrium point

======================================================================
MODE VERIFICATION:
======================================================================
  use_sparse: True
  WC type: scipy.sparse._csr.csr_matrix
  WC shape: (405, 405)
  WC non-zeros: 1,165 (0.7103% fill)
  dim_f used: 27
  dim_r used: 15
  num_fillers: 27
  num_roles: 15
  num_bindings: 405
======================================================================

Generating corpus with 5000 samples...
first sentence took 0.0s to generate
  Generated 500/5000 samples (1614.2 samples/s, 0.0 min remaining)
  Generated 1000/5000 samples (1795.1 samples/s, 0.0 min remaining)
  Generated 1500/5000 samples (1864.0 samples/s, 0.0 min remaining)
  Generated 2000/5000 samples (1859.0 samples/s, 0.0 min remaining)
  Generated 2500/5000 samples (1871.0 samples/s, 0.0 min remaining)
  Generated 3000/5000 samples (1874.1 samples/s, 0.0 min remaining)
  Generated 3500/5000 samples (1886.7 samples/s, 0.0 min remaining)
  Generated 4000/5000 samples (1892.6 samples/s, 0.0 min remaining)
  Generated 4500/5000 samples (1876.6 samples/s, 0.0 min remaining)
✓ Corpus generation complete in 2.7s (0.0 min)
  5 unique sentences from 5000 samples
  Random state position after corpus: 230

======================================================================
Target sentence probabilities (first 10):
Sentence 0: p = 0.3436 (N Vi)
Sentence 1: p = 0.3082 (N Vi P N)
Sentence 2: p = 0.1768 (N BE Vpp)
Sentence 3: p = 0.1194 (N BE Vpp P N)
Sentence 4: p = 0.0520 (N Vpp P N Vi)
      Processing batch 1/1 (roles 0-10/10)...
      Total mask0 construction: 0.00s
      mask0 has 36,450 non-zero entries

Checking mask0:
  mask0 non-zero entries: 36,450

========================================
=== WC Statistics BEFORE Training ===
  WC type: sparse, nnz=1165
  WC sum: -818.000000
  WC diagonal sum: -2338.000000
  WC max: 2.000000, min: -10.000000
  First 10 non-zero entries (row, col, val):
    (0, 0): -10.000000
    (1, 1): -4.000000
    (2, 2): -4.000000
    (2, 137): 2.000000
    (2, 155): 2.000000
    (3, 3): -10.000000
    (3, 138): 2.000000
    (3, 146): 2.000000
    (3, 151): 2.000000
    (4, 4): -4.000000
========================================

=== Dynamics Test ===
  WC.dot(test_actC) sum: -401.6997954602
  WC.dot(test_actC) first 5: [-3.74540119 -3.80285723 -1.03782731 -3.56107319  2.29839512]
========================================

======================================================================
Training Grammar 1...
======================================================================
RANDOM STATE AT FIRST train2() CALL: position=230
PRE-TRAINING: Removed 15 explicit zeros from WC
INIT WC (SPARSE): sum=-818.0000000000, abssum=3858.0000000000, nnz=1150
INIT bC: sum=0.0000000000, abssum=0.0000000000
    [Epoch 1] GRADIENT DIAG (SPARSE): trees=9, positions=450, val_sum=-0.000000
      grad_dict: 239 unique positions, 239 non-zero values, sum=-0.000000
      SPARSE dWC: nnz=239, sum=-0.000000
      Gradient targets: 143 existing WC positions (grad_sum=59.5836)
                        96 NEW positions (grad_sum=35.0200)
      Current WC nnz: 1150
    Finding equilibrium with integration (dur=10)...
    Random state position after get_ep: 235
    [Epoch 2] GRADIENT DIAG (SPARSE): trees=8, positions=400, val_sum=-0.000000
      grad_dict: 254 unique positions, 254 non-zero values, sum=-0.000000
      SPARSE dWC: nnz=254, sum=-0.000000
      Gradient targets: 218 existing WC positions (grad_sum=79.4556)
                        36 NEW positions (grad_sum=16.5000)
      Current WC nnz: 1246
    Finding equilibrium with integration (dur=10)...
    Random state position after get_ep: 196
    [Epoch 3] GRADIENT DIAG (SPARSE): trees=9, positions=450, val_sum=-0.000000
      grad_dict: 245 unique positions, 245 non-zero values, sum=0.000000
      SPARSE dWC: nnz=245, sum=-0.000000
      Gradient targets: 225 existing WC positions (grad_sum=81.6644)
                        20 NEW positions (grad_sum=6.5000)
      Current WC nnz: 1282
    Finding equilibrium with integration (dur=10)...
    Random state position after get_ep: 9
    [Epoch 4] GRADIENT DIAG (SPARSE): trees=9, positions=450, val_sum=-0.000000
      grad_dict: 293 unique positions, 293 non-zero values, sum=-0.000000
      SPARSE dWC: nnz=293, sum=-0.000000
      Gradient targets: 269 existing WC positions (grad_sum=82.9008)
                        24 NEW positions (grad_sum=6.5000)
      Current WC nnz: 1302
    Finding equilibrium with integration (dur=10)...
    Random state position after get_ep: 498
    [Epoch 5] GRADIENT DIAG (SPARSE): trees=9, positions=450, val_sum=-0.000000
      grad_dict: 311 unique positions, 311 non-zero values, sum=-0.000000
      SPARSE dWC: nnz=311, sum=-0.000000
      Gradient targets: 273 existing WC positions (grad_sum=80.5816)
                        38 NEW positions (grad_sum=10.0000)
      Current WC nnz: 1326
    Finding equilibrium with integration (dur=10)...
    Random state position after get_ep: 539
INIT WC (SPARSE): sum=-818.0000000000, abssum=3881.4920000000, nnz=1364
INIT bC: sum=0.0000000000, abssum=0.0000000000
    Finding equilibrium with integration (dur=10)...
    Random state position after get_ep: 244
    Finding equilibrium with integration (dur=10)...
    Random state position after get_ep: 385
    Finding equilibrium with integration (dur=10)...
    Random state position after get_ep: 410
    Finding equilibrium with integration (dur=10)...
    Random state position after get_ep: 339
    Finding equilibrium with integration (dur=10)...
    Random state position after get_ep: 32
[0010]   33.095 | 0.000 0.000 0.000 0.000 0.000 | 0.000 | 0.829 0.000
    TIMING: total=2.8s | estimate_prob=2.4s (85%) | cost_grad=0.0s (0%) | other=0.4s
INIT WC (SPARSE): sum=-818.0000000000, abssum=3905.2840000000, nnz=1476
INIT bC: sum=0.0000000000, abssum=0.0000000000
    Finding equilibrium with integration (dur=10)...
    Random state position after get_ep: 181
    Finding equilibrium with integration (dur=10)...
    Random state position after get_ep: 94
    Finding equilibrium with integration (dur=10)...
    Random state position after get_ep: 475
    Finding equilibrium with integration (dur=10)...
    Random state position after get_ep: 48
    Finding equilibrium with integration (dur=10)...
    Random state position after get_ep: 429
INIT WC (SPARSE): sum=-818.0000000000, abssum=3926.7760000000, nnz=1622
INIT bC: sum=0.0000000000, abssum=0.0000000000
    Finding equilibrium with integration (dur=10)...
    Random state position after get_ep: 570
    Finding equilibrium with integration (dur=10)...
    Random state position after get_ep: 479
    Finding equilibrium with integration (dur=10)...
    Random state position after get_ep: 348
    Finding equilibrium with integration (dur=10)...
    Random state position after get_ep: 230
    Finding equilibrium with integration (dur=10)...
    Random state position after get_ep: 107
[0020]   33.095 | 0.000 0.000 0.000 0.000 0.000 | 0.000 | 1.000 0.000
    TIMING: total=2.8s | estimate_prob=2.4s (85%) | cost_grad=0.0s (0%) | other=0.4s
INIT WC (SPARSE): sum=-818.0000000000, abssum=3945.8680000000, nnz=1739
INIT bC: sum=0.0000000000, abssum=0.0000000000
    Finding equilibrium with integration (dur=10)...
    Random state position after get_ep: 588
    Finding equilibrium with integration (dur=10)...
    Random state position after get_ep: 73
    Finding equilibrium with integration (dur=10)...
    Random state position after get_ep: 366
    Finding equilibrium with integration (dur=10)...
    Random state position after get_ep: 51
    Finding equilibrium with integration (dur=10)...
    Random state position after get_ep: 108
INIT WC (SPARSE): sum=-818.0000000000, abssum=3960.5600000000, nnz=1815
INIT bC: sum=0.0000000000, abssum=0.0000000000
    Finding equilibrium with integration (dur=10)...
    Random state position after get_ep: 77
    Finding equilibrium with integration (dur=10)...
    Random state position after get_ep: 18
    Finding equilibrium with integration (dur=10)...
    Random state position after get_ep: 291
    Finding equilibrium with integration (dur=10)...
    Random state position after get_ep: 196
    Finding equilibrium with integration (dur=10)...
    Random state position after get_ep: 349
[0030]   33.095 | 0.000 0.000 0.000 0.000 0.000 | 0.000 | 0.829 0.000
    TIMING: total=2.9s | estimate_prob=2.4s (86%) | cost_grad=0.0s (0%) | other=0.4s
INIT WC (SPARSE): sum=-818.0000000000, abssum=3971.7520000000, nnz=1851
INIT bC: sum=0.0000000000, abssum=0.0000000000
    Finding equilibrium with integration (dur=10)...
    Random state position after get_ep: 182
    Finding equilibrium with integration (dur=10)...
    Random state position after get_ep: 612
    Finding equilibrium with integration (dur=10)...
    Random state position after get_ep: 541
    Finding equilibrium with integration (dur=10)...
    Random state position after get_ep: 538
    Finding equilibrium with integration (dur=10)...
    Random state position after get_ep: 527
INIT WC (SPARSE): sum=-818.0000000000, abssum=3984.3440000000, nnz=1881
INIT bC: sum=0.0000000000, abssum=0.0000000000
    Finding equilibrium with integration (dur=10)...
    Random state position after get_ep: 416
    Finding equilibrium with integration (dur=10)...
    Random state position after get_ep: 153
    Finding equilibrium with integration (dur=10)...
    Random state position after get_ep: 370
    Finding equilibrium with integration (dur=10)...
    Random state position after get_ep: 363
    Finding equilibrium with integration (dur=10)...
    Random state position after get_ep: 140
[0040]   33.095 | 0.000 0.000 0.000 0.000 0.000 | 0.000 | 0.829 0.000
    TIMING: total=3.0s | estimate_prob=2.5s (86%) | cost_grad=0.0s (0%) | other=0.4s
INIT WC (SPARSE): sum=-818.0000000000, abssum=3993.8360000000, nnz=1889
INIT bC: sum=0.0000000000, abssum=0.0000000000
    Finding equilibrium with integration (dur=10)...
    Random state position after get_ep: 317
    Finding equilibrium with integration (dur=10)...
    Random state position after get_ep: 102
    Finding equilibrium with integration (dur=10)...
    Random state position after get_ep: 3
    Finding equilibrium with integration (dur=10)...
    Random state position after get_ep: 164
    Finding equilibrium with integration (dur=10)...
    Random state position after get_ep: 357
INIT WC (SPARSE): sum=-818.0000000000, abssum=4002.2280000000, nnz=1907
INIT bC: sum=0.0000000000, abssum=0.0000000000
    Finding equilibrium with integration (dur=10)...
    Random state position after get_ep: 218
    Finding equilibrium with integration (dur=10)...
    Random state position after get_ep: 411
    Finding equilibrium with integration (dur=10)...
    Random state position after get_ep: 232
    Finding equilibrium with integration (dur=10)...
    Random state position after get_ep: 290
    Finding equilibrium with integration (dur=10)...
    Random state position after get_ep: 171
[0050]   33.095 | 0.000 0.000 0.000 0.000 0.000 | 0.000 | 0.656 0.000
    TIMING: total=3.0s | estimate_prob=2.6s (86%) | cost_grad=0.0s (0%) | other=0.4s
INIT WC (SPARSE): sum=-818.0000000000, abssum=4008.2200000000, nnz=1907
INIT bC: sum=0.0000000000, abssum=0.0000000000
    Finding equilibrium with integration (dur=10)...
    Random state position after get_ep: 64
    Finding equilibrium with integration (dur=10)...
    Random state position after get_ep: 21
    Finding equilibrium with integration (dur=10)...
    Random state position after get_ep: 278
    Finding equilibrium with integration (dur=10)...
    Random state position after get_ep: 139
    Finding equilibrium with integration (dur=10)...
    Random state position after get_ep: 336
INIT WC (SPARSE): sum=-818.0000000000, abssum=4014.6120000000, nnz=1921
INIT bC: sum=0.0000000000, abssum=0.0000000000
    Finding equilibrium with integration (dur=10)...
    Random state position after get_ep: 109
    Finding equilibrium with integration (dur=10)...
    Random state position after get_ep: 242
    Finding equilibrium with integration (dur=10)...
    Random state position after get_ep: 211
    Finding equilibrium with integration (dur=10)...
    Random state position after get_ep: 608
    Finding equilibrium with integration (dur=10)...
    Random state position after get_ep: 253
[0060]   21.466 | 0.500 0.000 0.000 0.000 0.000 | 0.500 | 0.480 0.000
    TIMING: total=3.0s | estimate_prob=2.5s (86%) | cost_grad=0.0s (0%) | other=0.4s
INIT WC (SPARSE): sum=-818.0000000000, abssum=4017.1072000000, nnz=1929
INIT bC: sum=0.0000000000, abssum=0.0000000000
    Finding equilibrium with integration (dur=10)...
    Random state position after get_ep: 230
    Finding equilibrium with integration (dur=10)...
    Random state position after get_ep: 515
    Finding equilibrium with integration (dur=10)...
    Random state position after get_ep: 488
    Finding equilibrium with integration (dur=10)...
    Random state position after get_ep: 546
    Finding equilibrium with integration (dur=10)...
    Random state position after get_ep: 51
INIT WC (SPARSE): sum=-818.0000000000, abssum=4020.8828000000, nnz=1933
INIT bC: sum=0.0000000000, abssum=0.0000000000
    Finding equilibrium with integration (dur=10)...
    Random state position after get_ep: 348
    Finding equilibrium with integration (dur=10)...
    Random state position after get_ep: 9
    Finding equilibrium with integration (dur=10)...
    Random state position after get_ep: 562
    Finding equilibrium with integration (dur=10)...
    Random state position after get_ep: 103
    Finding equilibrium with integration (dur=10)...
    Random state position after get_ep: 120
[0070]   15.843 | 0.250 0.000 0.250 0.000 0.000 | 0.500 | 0.573 0.000
    TIMING: total=2.8s | estimate_prob=2.4s (86%) | cost_grad=0.0s (0%) | other=0.4s
INIT WC (SPARSE): sum=-818.0000000000, abssum=4023.5584000000, nnz=1943
INIT bC: sum=0.0000000000, abssum=0.0000000000
    Finding equilibrium with integration (dur=10)...
    Random state position after get_ep: 585
    Finding equilibrium with integration (dur=10)...
    Random state position after get_ep: 274
    Finding equilibrium with integration (dur=10)...
    Random state position after get_ep: 83
    Finding equilibrium with integration (dur=10)...
    Random state position after get_ep: 540
    Finding equilibrium with integration (dur=10)...
    Random state position after get_ep: 257
INIT WC (SPARSE): sum=-818.0000000000, abssum=4026.4340000000, nnz=1951
INIT bC: sum=0.0000000000, abssum=0.0000000000
    Finding equilibrium with integration (dur=10)...
    Random state position after get_ep: 62
    Finding equilibrium with integration (dur=10)...
    Random state position after get_ep: 459
    Finding equilibrium with integration (dur=10)...
    Random state position after get_ep: 184
    Finding equilibrium with integration (dur=10)...
    Random state position after get_ep: 529
    Finding equilibrium with integration (dur=10)...
    Random state position after get_ep: 462
[0080]   22.450 | 0.000 1.000 0.000 0.000 0.000 | 1.000 | 0.692 0.000
    TIMING: total=2.8s | estimate_prob=2.4s (86%) | cost_grad=0.0s (0%) | other=0.4s
INIT WC (SPARSE): sum=-818.0000000000, abssum=4028.1096000000, nnz=1953
INIT bC: sum=0.0000000000, abssum=0.0000000000
    Finding equilibrium with integration (dur=10)...
    Random state position after get_ep: 403
    Finding equilibrium with integration (dur=10)...
    Random state position after get_ep: 420
    Finding equilibrium with integration (dur=10)...
    Random state position after get_ep: 421
    Finding equilibrium with integration (dur=10)...
    Random state position after get_ep: 514
    Finding equilibrium with integration (dur=10)...
    Random state position after get_ep: 611
INIT WC (SPARSE): sum=-818.0000000000, abssum=4030.3852000000, nnz=1959
INIT bC: sum=0.0000000000, abssum=0.0000000000
    Finding equilibrium with integration (dur=10)...
    Random state position after get_ep: 396
    Finding equilibrium with integration (dur=10)...
    Random state position after get_ep: 517
    Finding equilibrium with integration (dur=10)...
    Random state position after get_ep: 498
    Finding equilibrium with integration (dur=10)...
    Random state position after get_ep: 623
    Finding equilibrium with integration (dur=10)...
    Random state position after get_ep: 248
[0090]   11.486 | 0.250 0.250 0.000 0.000 0.000 | 0.500 | 0.500 0.000
    TIMING: total=2.8s | estimate_prob=2.4s (86%) | cost_grad=0.0s (0%) | other=0.4s
INIT WC (SPARSE): sum=-818.0000000000, abssum=4031.7608000000, nnz=1959
INIT bC: sum=0.0000000000, abssum=0.0000000000
    Finding equilibrium with integration (dur=10)...
    Random state position after get_ep: 589
    Finding equilibrium with integration (dur=10)...
    Random state position after get_ep: 334
    Finding equilibrium with integration (dur=10)...
    Random state position after get_ep: 355
    Finding equilibrium with integration (dur=10)...
    Random state position after get_ep: 472
    Finding equilibrium with integration (dur=10)...
    Random state position after get_ep: 237
INIT WC (SPARSE): sum=-818.0000000000, abssum=4032.7364000000, nnz=1963
INIT bC: sum=0.0000000000, abssum=0.0000000000
    Finding equilibrium with integration (dur=10)...
    Random state position after get_ep: 147
    Finding equilibrium with integration (dur=10)...
    Random state position after get_ep: 160
    Finding equilibrium with integration (dur=10)...
    Random state position after get_ep: 549
    Finding equilibrium with integration (dur=10)...
    Random state position after get_ep: 243
    Finding equilibrium with integration (dur=10)...
    Random state position after get_ep: 352
[0100]   22.539 | 0.000 0.750 0.000 0.000 0.000 | 0.750 | 0.692 0.000
    TIMING: total=2.8s | estimate_prob=2.4s (86%) | cost_grad=0.0s (0%) | other=0.4s
INIT WC (SPARSE): sum=-818.0000000000, abssum=4034.1120000000, nnz=1969
INIT bC: sum=0.0000000000, abssum=0.0000000000
    [Epoch 101] GRADIENT DIAG (SPARSE): trees=5, positions=250, val_sum=-0.000000
      grad_dict: 187 unique positions, 187 non-zero values, sum=-0.000000
      SPARSE dWC: nnz=187, sum=-0.000000
      Gradient targets: 187 existing WC positions (grad_sum=38.1464)
                        0 NEW positions (grad_sum=0.0000)
      Current WC nnz: 1969
    Finding equilibrium with integration (dur=10)...
    Random state position after get_ep: 389
    Finding equilibrium with integration (dur=10)...
    Random state position after get_ep: 70
    Finding equilibrium with integration (dur=10)...
    Random state position after get_ep: 623
    Finding equilibrium with integration (dur=10)...
    Random state position after get_ep: 528
    Finding equilibrium with integration (dur=10)...
    Random state position after get_ep: 421
INIT WC (SPARSE): sum=-818.0000000000, abssum=4034.8876000000, nnz=1973
INIT bC: sum=0.0000000000, abssum=0.0000000000
    Finding equilibrium with integration (dur=10)...
    Random state position after get_ep: 318
    Finding equilibrium with integration (dur=10)...
    Random state position after get_ep: 83
    Finding equilibrium with integration (dur=10)...
    Random state position after get_ep: 312
    Finding equilibrium with integration (dur=10)...
    Random state position after get_ep: 477
    Finding equilibrium with integration (dur=10)...
    Random state position after get_ep: 86
[0110]   22.664 | 0.000 0.500 0.000 0.000 0.000 | 0.500 | 0.520 0.000
    TIMING: total=2.8s | estimate_prob=2.4s (86%) | cost_grad=0.0s (0%) | other=0.4s
INIT WC (SPARSE): sum=-818.0000000000, abssum=4036.0632000000, nnz=1973
INIT bC: sum=0.0000000000, abssum=0.0000000000
    Finding equilibrium with integration (dur=10)...
    Random state position after get_ep: 299
    Finding equilibrium with integration (dur=10)...
    Random state position after get_ep: 48
    Finding equilibrium with integration (dur=10)...
    Random state position after get_ep: 445
    Finding equilibrium with integration (dur=10)...
    Random state position after get_ep: 474
    Finding equilibrium with integration (dur=10)...
    Random state position after get_ep: 439
INIT WC (SPARSE): sum=-818.0000000000, abssum=4037.2388000000, nnz=1973
INIT bC: sum=0.0000000000, abssum=0.0000000000
    Finding equilibrium with integration (dur=10)...
    Random state position after get_ep: 404
    Finding equilibrium with integration (dur=10)...
    Random state position after get_ep: 313
    Finding equilibrium with integration (dur=10)...
    Random state position after get_ep: 302
    Finding equilibrium with integration (dur=10)...
    Random state position after get_ep: 107
    Finding equilibrium with integration (dur=10)...
    Random state position after get_ep: 448
[0120]   33.095 | 0.000 0.000 0.000 0.000 0.000 | 0.000 | 0.698 0.000
    TIMING: total=2.8s | estimate_prob=2.4s (86%) | cost_grad=0.0s (0%) | other=0.4s
INIT WC (SPARSE): sum=-818.0000000000, abssum=4038.9144000000, nnz=1977
INIT bC: sum=0.0000000000, abssum=0.0000000000
    Finding equilibrium with integration (dur=10)...
    Random state position after get_ep: 273
    Finding equilibrium with integration (dur=10)...
    Random state position after get_ep: 274
    Finding equilibrium with integration (dur=10)...
    Random state position after get_ep: 383
    Finding equilibrium with integration (dur=10)...
    Random state position after get_ep: 580
    Finding equilibrium with integration (dur=10)...
    Random state position after get_ep: 421
INIT WC (SPARSE): sum=-818.0000000000, abssum=4039.9900000000, nnz=1977
INIT bC: sum=0.0000000000, abssum=0.0000000000
    Finding equilibrium with integration (dur=10)...
    Random state position after get_ep: 322
    Finding equilibrium with integration (dur=10)...
    Random state position after get_ep: 479
    Finding equilibrium with integration (dur=10)...
    Random state position after get_ep: 208
    Finding equilibrium with integration (dur=10)...
    Random state position after get_ep: 377
    Finding equilibrium with integration (dur=10)...
    Random state position after get_ep: 266
[0130]   27.234 | 0.000 0.000 0.250 0.000 0.000 | 0.250 | 0.704 0.000
    TIMING: total=2.8s | estimate_prob=2.4s (86%) | cost_grad=0.0s (0%) | other=0.4s
INIT WC (SPARSE): sum=-818.0000000000, abssum=4040.7656000000, nnz=1981
INIT bC: sum=0.0000000000, abssum=0.0000000000
    Finding equilibrium with integration (dur=10)...
    Random state position after get_ep: 167
    Finding equilibrium with integration (dur=10)...
    Random state position after get_ep: 464
    Finding equilibrium with integration (dur=10)...
    Random state position after get_ep: 101
    Finding equilibrium with integration (dur=10)...
    Random state position after get_ep: 290
    Finding equilibrium with integration (dur=10)...
    Random state position after get_ep: 251
INIT WC (SPARSE): sum=-818.0000000000, abssum=4042.1412000000, nnz=1981
INIT bC: sum=0.0000000000, abssum=0.0000000000
    Finding equilibrium with integration (dur=10)...
    Random state position after get_ep: 380
    Finding equilibrium with integration (dur=10)...
    Random state position after get_ep: 429
    Finding equilibrium with integration (dur=10)...
    Random state position after get_ep: 623
    Finding equilibrium with integration (dur=10)...
    Random state position after get_ep: 316
    Finding equilibrium with integration (dur=10)...
    Random state position after get_ep: 261
[0140]    5.502 | 0.250 0.250 0.500 0.000 0.000 | 1.000 | 0.323 0.000
    TIMING: total=2.9s | estimate_prob=2.4s (86%) | cost_grad=0.0s (0%) | other=0.4s
INIT WC (SPARSE): sum=-818.0000000000, abssum=4042.6168000000, nnz=1981
INIT bC: sum=0.0000000000, abssum=0.0000000000
    Finding equilibrium with integration (dur=10)...
    Random state position after get_ep: 162
    Finding equilibrium with integration (dur=10)...
    Random state position after get_ep: 167
    Finding equilibrium with integration (dur=10)...
    Random state position after get_ep: 488
    Finding equilibrium with integration (dur=10)...
    Random state position after get_ep: 157
    Finding equilibrium with integration (dur=10)...
    Random state position after get_ep: 110
INIT WC (SPARSE): sum=-818.0000000000, abssum=4044.0924000000, nnz=1985
INIT bC: sum=0.0000000000, abssum=0.0000000000
    Finding equilibrium with integration (dur=10)...
    Random state position after get_ep: 179
    Finding equilibrium with integration (dur=10)...
    Random state position after get_ep: 512
    Finding equilibrium with integration (dur=10)...
    Random state position after get_ep: 401
    Finding equilibrium with integration (dur=10)...
    Random state position after get_ep: 542
    Finding equilibrium with integration (dur=10)...
    Random state position after get_ep: 11
[0150]   11.148 | 0.250 0.750 0.000 0.000 0.000 | 1.000 | 0.442 0.000
    TIMING: total=3.0s | estimate_prob=2.6s (86%) | cost_grad=0.0s (0%) | other=0.4s
INIT WC (SPARSE): sum=-818.0000000000, abssum=4044.8680000000, nnz=1989
INIT bC: sum=0.0000000000, abssum=0.0000000000
    Finding equilibrium with integration (dur=10)...
    Random state position after get_ep: 208
    Finding equilibrium with integration (dur=10)...
    Random state position after get_ep: 538
    Finding equilibrium with integration (dur=10)...
    Random state position after get_ep: 503
    Finding equilibrium with integration (dur=10)...
    Random state position after get_ep: 180
    Finding equilibrium with integration (dur=10)...
    Random state position after get_ep: 429
INIT WC (SPARSE): sum=-818.0000000000, abssum=4045.6436000000, nnz=1989
INIT bC: sum=0.0000000000, abssum=0.0000000000
    Finding equilibrium with integration (dur=10)...
    Random state position after get_ep: 178
    Finding equilibrium with integration (dur=10)...
    Random state position after get_ep: 383
    Finding equilibrium with integration (dur=10)...
    Random state position after get_ep: 92
    Finding equilibrium with integration (dur=10)...
    Random state position after get_ep: 521
    Finding equilibrium with integration (dur=10)...
    Random state position after get_ep: 566
[0160]   21.466 | 0.500 0.000 0.000 0.000 0.000 | 0.500 | 0.406 0.000
    TIMING: total=3.0s | estimate_prob=2.5s (86%) | cost_grad=0.0s (0%) | other=0.4s
INIT WC (SPARSE): sum=-818.0000000000, abssum=4046.1192000000, nnz=1989
INIT bC: sum=0.0000000000, abssum=0.0000000000
    Finding equilibrium with integration (dur=10)...
    Random state position after get_ep: 307
    Finding equilibrium with integration (dur=10)...
    Random state position after get_ep: 20
    Finding equilibrium with integration (dur=10)...
    Random state position after get_ep: 329
    Finding equilibrium with integration (dur=10)...
    Random state position after get_ep: 258
    Finding equilibrium with integration (dur=10)...
    Random state position after get_ep: 539
INIT WC (SPARSE): sum=-818.0000000000, abssum=4047.1948000000, nnz=1991
INIT bC: sum=0.0000000000, abssum=0.0000000000
    Finding equilibrium with integration (dur=10)...
    Random state position after get_ep: 460
    Finding equilibrium with integration (dur=10)...
    Random state position after get_ep: 353
    Finding equilibrium with integration (dur=10)...
    Random state position after get_ep: 342
    Finding equilibrium with integration (dur=10)...
    Random state position after get_ep: 67
    Finding equilibrium with integration (dur=10)...
    Random state position after get_ep: 64
[0170]   21.326 | 0.750 0.000 0.000 0.000 0.000 | 0.750 | 0.406 0.000
    TIMING: total=3.0s | estimate_prob=2.5s (86%) | cost_grad=0.0s (0%) | other=0.4s
INIT WC (SPARSE): sum=-818.0000000000, abssum=4047.6704000000, nnz=1991
INIT bC: sum=0.0000000000, abssum=0.0000000000
    Finding equilibrium with integration (dur=10)...
    Random state position after get_ep: 21
    Finding equilibrium with integration (dur=10)...
    Random state position after get_ep: 171
    Finding equilibrium with integration (dur=10)...
    Random state position after get_ep: 400
    Finding equilibrium with integration (dur=10)...
    Random state position after get_ep: 109
    Finding equilibrium with integration (dur=10)...
    Random state position after get_ep: 410
INIT WC (SPARSE): sum=-818.0000000000, abssum=4049.1460000000, nnz=1999
INIT bC: sum=0.0000000000, abssum=0.0000000000
    Finding equilibrium with integration (dur=10)...
    Random state position after get_ep: 531
    Finding equilibrium with integration (dur=10)...
    Random state position after get_ep: 400
    Finding equilibrium with integration (dur=10)...
    Random state position after get_ep: 541
    Finding equilibrium with integration (dur=10)...
    Random state position after get_ep: 251
    Finding equilibrium with integration (dur=10)...
    Random state position after get_ep: 312
[0180]   15.482 | 0.500 0.000 0.500 0.000 0.000 | 1.000 | 0.480 0.000
    TIMING: total=3.0s | estimate_prob=2.6s (86%) | cost_grad=0.0s (0%) | other=0.4s
INIT WC (SPARSE): sum=-818.0000000000, abssum=4049.7216000000, nnz=1999
INIT bC: sum=0.0000000000, abssum=0.0000000000
    Finding equilibrium with integration (dur=10)...
    Random state position after get_ep: 457
    Finding equilibrium with integration (dur=10)...
    Random state position after get_ep: 502
    Finding equilibrium with integration (dur=10)...
    Random state position after get_ep: 107
    Finding equilibrium with integration (dur=10)...
    Random state position after get_ep: 176
    Finding equilibrium with integration (dur=10)...
    Random state position after get_ep: 573
INIT WC (SPARSE): sum=-818.0000000000, abssum=4050.1972000000, nnz=1999
INIT bC: sum=0.0000000000, abssum=0.0000000000
    Finding equilibrium with integration (dur=10)...
    Random state position after get_ep: 474
    Finding equilibrium with integration (dur=10)...
    Random state position after get_ep: 299
    Finding equilibrium with integration (dur=10)...
    Random state position after get_ep: 453
    Finding equilibrium with integration (dur=10)...
    Random state position after get_ep: 306
    Finding equilibrium with integration (dur=10)...
    Random state position after get_ep: 279
[0190]    5.411 | 0.250 0.500 0.250 0.000 0.000 | 1.000 | 0.192 0.000
    TIMING: total=3.0s | estimate_prob=2.6s (86%) | cost_grad=0.0s (0%) | other=0.4s
INIT WC (SPARSE): sum=-818.0000000000, abssum=4051.6728000000, nnz=1999
INIT bC: sum=0.0000000000, abssum=0.0000000000
    Finding equilibrium with integration (dur=10)...
    Random state position after get_ep: 352
    Finding equilibrium with integration (dur=10)...
    Random state position after get_ep: 269
    Finding equilibrium with integration (dur=10)...
    Random state position after get_ep: 442
    Finding equilibrium with integration (dur=10)...
    Random state position after get_ep: 343
    Finding equilibrium with integration (dur=10)...
    Random state position after get_ep: 8
INIT WC (SPARSE): sum=-818.0000000000, abssum=4051.9484000000, nnz=2001
INIT bC: sum=0.0000000000, abssum=0.0000000000
    Finding equilibrium with integration (dur=10)...
    Random state position after get_ep: 49
    Finding equilibrium with integration (dur=10)...
    Random state position after get_ep: 454
    Finding equilibrium with integration (dur=10)...
    Random state position after get_ep: 624
    Finding equilibrium with integration (dur=10)...
    Random state position after get_ep: 318
    Finding equilibrium with integration (dur=10)...
    Random state position after get_ep: 319
[0200]    5.387 | 0.500 0.250 0.250 0.000 0.000 | 1.000 | 0.230 0.000
    TIMING: total=3.0s | estimate_prob=2.5s (86%) | cost_grad=0.0s (0%) | other=0.4s
INIT WC (SPARSE): sum=-818.0000000000, abssum=4052.6240000000, nnz=2001
INIT bC: sum=0.0000000000, abssum=0.0000000000
    [Epoch 201] GRADIENT DIAG (SPARSE): trees=5, positions=250, val_sum=-0.000000
      grad_dict: 187 unique positions, 187 non-zero values, sum=-0.000000
      SPARSE dWC: nnz=187, sum=-0.000000
      Gradient targets: 187 existing WC positions (grad_sum=37.8952)
                        0 NEW positions (grad_sum=0.0000)
      Current WC nnz: 2001
    Finding equilibrium with integration (dur=10)...
    Random state position after get_ep: 120
    Finding equilibrium with integration (dur=10)...
    Random state position after get_ep: 317
    Finding equilibrium with integration (dur=10)...
    Random state position after get_ep: 118
    Finding equilibrium with integration (dur=10)...
    Random state position after get_ep: 431
    Finding equilibrium with integration (dur=10)...
    Random state position after get_ep: 17
INIT WC (SPARSE): sum=-818.0000000000, abssum=4054.2996000000, nnz=2003
INIT bC: sum=0.0000000000, abssum=0.0000000000
    Finding equilibrium with integration (dur=10)...
    Random state position after get_ep: 170
    Finding equilibrium with integration (dur=10)...
    Random state position after get_ep: 163
    Finding equilibrium with integration (dur=10)...
    Random state position after get_ep: 236
    Finding equilibrium with integration (dur=10)...
    Random state position after get_ep: 386
    Finding equilibrium with integration (dur=10)...
    Random state position after get_ep: 263
[0210]   22.450 | 0.000 1.000 0.000 0.000 0.000 | 1.000 | 0.692 0.000
    TIMING: total=2.8s | estimate_prob=2.4s (86%) | cost_grad=0.0s (0%) | other=0.4s
INIT WC (SPARSE): sum=-818.0000000000, abssum=4054.7752000000, nnz=2003
INIT bC: sum=0.0000000000, abssum=0.0000000000
    Finding equilibrium with integration (dur=10)...
    Random state position after get_ep: 449
    Finding equilibrium with integration (dur=10)...
    Random state position after get_ep: 470
    Finding equilibrium with integration (dur=10)...
    Random state position after get_ep: 143
    Finding equilibrium with integration (dur=10)...
    Random state position after get_ep: 160
    Finding equilibrium with integration (dur=10)...
    Random state position after get_ep: 97
INIT WC (SPARSE): sum=-818.0000000000, abssum=4055.8508000000, nnz=2005
INIT bC: sum=0.0000000000, abssum=0.0000000000
    Finding equilibrium with integration (dur=10)...
    Random state position after get_ep: 154
    Finding equilibrium with integration (dur=10)...
    Random state position after get_ep: 7
    Finding equilibrium with integration (dur=10)...
    Random state position after get_ep: 276
    Finding equilibrium with integration (dur=10)...
    Random state position after get_ep: 517
    Finding equilibrium with integration (dur=10)...
    Random state position after get_ep: 50
[0220]   29.137 | 0.000 0.000 0.000 0.250 0.000 | 0.250 | 0.579 0.000
    TIMING: total=2.8s | estimate_prob=2.4s (85%) | cost_grad=0.0s (0%) | other=0.4s
INIT WC (SPARSE): sum=-818.0000000000, abssum=4057.2264000000, nnz=2013
INIT bC: sum=0.0000000000, abssum=0.0000000000
    Finding equilibrium with integration (dur=10)...
    Random state position after get_ep: 507
    Finding equilibrium with integration (dur=10)...
    Random state position after get_ep: 84
    Finding equilibrium with integration (dur=10)...
    Random state position after get_ep: 578
    Finding equilibrium with integration (dur=10)...
    Random state position after get_ep: 499
    Finding equilibrium with integration (dur=10)...
    Random state position after get_ep: 104
INIT WC (SPARSE): sum=-818.0000000000, abssum=4057.3020000000, nnz=2013
INIT bC: sum=0.0000000000, abssum=0.0000000000
    Finding equilibrium with integration (dur=10)...
    Random state position after get_ep: 389
    Finding equilibrium with integration (dur=10)...
    Random state position after get_ep: 186
    Finding equilibrium with integration (dur=10)...
    Random state position after get_ep: 483
    Finding equilibrium with integration (dur=10)...
    Random state position after get_ep: 516
    Finding equilibrium with integration (dur=10)...
    Random state position after get_ep: 337
[0230]   11.273 | 0.250 0.500 0.000 0.000 0.000 | 0.750 | 0.270 0.000
    TIMING: total=2.8s | estimate_prob=2.4s (86%) | cost_grad=0.0s (0%) | other=0.4s
INIT WC (SPARSE): sum=-818.0000000000, abssum=4057.9776000000, nnz=2015
INIT bC: sum=0.0000000000, abssum=0.0000000000
    Finding equilibrium with integration (dur=10)...
    Random state position after get_ep: 370
    Finding equilibrium with integration (dur=10)...
    Random state position after get_ep: 447
    Finding equilibrium with integration (dur=10)...
    Random state position after get_ep: 484
    Finding equilibrium with integration (dur=10)...
    Random state position after get_ep: 245
    Finding equilibrium with integration (dur=10)...
    Random state position after get_ep: 18
INIT WC (SPARSE): sum=-818.0000000000, abssum=4058.9532000000, nnz=2017
INIT bC: sum=0.0000000000, abssum=0.0000000000
    Finding equilibrium with integration (dur=10)...
    Random state position after get_ep: 67
    Finding equilibrium with integration (dur=10)...
    Random state position after get_ep: 304
    Finding equilibrium with integration (dur=10)...
    Random state position after get_ep: 309
    Finding equilibrium with integration (dur=10)...
    Random state position after get_ep: 602
    Finding equilibrium with integration (dur=10)...
    Random state position after get_ep: 267
[0240]    5.387 | 0.500 0.250 0.250 0.000 0.000 | 1.000 | 0.230 0.000
    TIMING: total=3.0s | estimate_prob=2.5s (86%) | cost_grad=0.0s (0%) | other=0.4s
INIT WC (SPARSE): sum=-818.0000000000, abssum=4059.2288000000, nnz=2017
INIT bC: sum=0.0000000000, abssum=0.0000000000
    Finding equilibrium with integration (dur=10)...
    Random state position after get_ep: 220
    Finding equilibrium with integration (dur=10)...
    Random state position after get_ep: 301
    Finding equilibrium with integration (dur=10)...
    Random state position after get_ep: 442
    Finding equilibrium with integration (dur=10)...
    Random state position after get_ep: 215
    Finding equilibrium with integration (dur=10)...
    Random state position after get_ep: 420
INIT WC (SPARSE): sum=-818.0000000000, abssum=4059.8044000000, nnz=2019
INIT bC: sum=0.0000000000, abssum=0.0000000000
    Finding equilibrium with integration (dur=10)...
    Random state position after get_ep: 225
    Finding equilibrium with integration (dur=10)...
    Random state position after get_ep: 498
    Finding equilibrium with integration (dur=10)...
    Random state position after get_ep: 147
    Finding equilibrium with integration (dur=10)...
    Random state position after get_ep: 440
    Finding equilibrium with integration (dur=10)...
    Random state position after get_ep: 477
[0250]   11.148 | 0.250 0.750 0.000 0.000 0.000 | 1.000 | 0.442 0.000
    TIMING: total=2.8s | estimate_prob=2.4s (86%) | cost_grad=0.0s (0%) | other=0.4s
INIT WC (SPARSE): sum=-818.0000000000, abssum=4060.8800000000, nnz=2019
INIT bC: sum=0.0000000000, abssum=0.0000000000
    Finding equilibrium with integration (dur=10)...
    Random state position after get_ep: 218
    Finding equilibrium with integration (dur=10)...
    Random state position after get_ep: 291
    Finding equilibrium with integration (dur=10)...
    Random state position after get_ep: 392
    Finding equilibrium with integration (dur=10)...
    Random state position after get_ep: 513
    Finding equilibrium with integration (dur=10)...
    Random state position after get_ep: 126
INIT WC (SPARSE): sum=-818.0000000000, abssum=4061.4556000000, nnz=2019
INIT bC: sum=0.0000000000, abssum=0.0000000000
    Finding equilibrium with integration (dur=10)...
    Random state position after get_ep: 367
    Finding equilibrium with integration (dur=10)...
    Random state position after get_ep: 144
    Finding equilibrium with integration (dur=10)...
    Random state position after get_ep: 389
    Finding equilibrium with integration (dur=10)...
    Random state position after get_ep: 154
    Finding equilibrium with integration (dur=10)...
    Random state position after get_ep: 511
[0260]   11.148 | 0.250 0.750 0.000 0.000 0.000 | 1.000 | 0.442 0.000
    TIMING: total=3.0s | estimate_prob=2.6s (86%) | cost_grad=0.0s (0%) | other=0.4s
INIT WC (SPARSE): sum=-818.0000000000, abssum=4062.0312000000, nnz=2021
INIT bC: sum=0.0000000000, abssum=0.0000000000
    Finding equilibrium with integration (dur=10)...
    Random state position after get_ep: 576
    Finding equilibrium with integration (dur=10)...
    Random state position after get_ep: 609
    Finding equilibrium with integration (dur=10)...
    Random state position after get_ep: 314
    Finding equilibrium with integration (dur=10)...
    Random state position after get_ep: 111
    Finding equilibrium with integration (dur=10)...
    Random state position after get_ep: 560
INIT WC (SPARSE): sum=-818.0000000000, abssum=4062.0068000000, nnz=2021
INIT bC: sum=0.0000000000, abssum=0.0000000000
    Finding equilibrium with integration (dur=10)...
    Random state position after get_ep: 613
    Finding equilibrium with integration (dur=10)...
    Random state position after get_ep: 234
    Finding equilibrium with integration (dur=10)...
    Random state position after get_ep: 595
    Finding equilibrium with integration (dur=10)...
    Random state position after get_ep: 320
    Finding equilibrium with integration (dur=10)...
    Random state position after get_ep: 185
[0270]   15.482 | 0.500 0.000 0.500 0.000 0.000 | 1.000 | 0.480 0.000
    TIMING: total=3.0s | estimate_prob=2.5s (85%) | cost_grad=0.0s (0%) | other=0.4s
INIT WC (SPARSE): sum=-818.0000000000, abssum=4062.4824000000, nnz=2021
INIT bC: sum=0.0000000000, abssum=0.0000000000
    Finding equilibrium with integration (dur=10)...
    Random state position after get_ep: 198
    Finding equilibrium with integration (dur=10)...
    Random state position after get_ep: 623
    Finding equilibrium with integration (dur=10)...
    Random state position after get_ep: 141
    Finding equilibrium with integration (dur=10)...
    Random state position after get_ep: 387
    Finding equilibrium with integration (dur=10)...
    Random state position after get_ep: 436
INIT WC (SPARSE): sum=-818.0000000000, abssum=4063.2580000000, nnz=2023
INIT bC: sum=0.0000000000, abssum=0.0000000000
    Finding equilibrium with integration (dur=10)...
    Random state position after get_ep: 489
    Finding equilibrium with integration (dur=10)...
    Random state position after get_ep: 18
    Finding equilibrium with integration (dur=10)...
    Random state position after get_ep: 347
    Finding equilibrium with integration (dur=10)...
    Random state position after get_ep: 116
    Finding equilibrium with integration (dur=10)...
    Random state position after get_ep: 413
[0280]   15.079 | 0.000 0.500 0.250 0.000 0.250 | 1.000 | 0.390 0.000
    TIMING: total=3.0s | estimate_prob=2.6s (86%) | cost_grad=0.0s (0%) | other=0.4s
INIT WC (SPARSE): sum=-818.0000000000, abssum=4063.7336000000, nnz=2023
INIT bC: sum=0.0000000000, abssum=0.0000000000
    Finding equilibrium with integration (dur=10)...
    Random state position after get_ep: 402
    Finding equilibrium with integration (dur=10)...
    Random state position after get_ep: 599
    Finding equilibrium with integration (dur=10)...
    Random state position after get_ep: 141
    Finding equilibrium with integration (dur=10)...
    Random state position after get_ep: 82
    Finding equilibrium with integration (dur=10)...
    Random state position after get_ep: 515
INIT WC (SPARSE): sum=-818.0000000000, abssum=4063.8092000000, nnz=2023
INIT bC: sum=0.0000000000, abssum=0.0000000000
    Finding equilibrium with integration (dur=10)...
    Random state position after get_ep: 168
    Finding equilibrium with integration (dur=10)...
    Random state position after get_ep: 45
    Finding equilibrium with integration (dur=10)...
    Random state position after get_ep: 302
    Finding equilibrium with integration (dur=10)...
    Random state position after get_ep: 127
    Finding equilibrium with integration (dur=10)...
    Random state position after get_ep: 536
[0290]   22.450 | 0.000 1.000 0.000 0.000 0.000 | 1.000 | 0.692 0.000
    TIMING: total=2.8s | estimate_prob=2.4s (86%) | cost_grad=0.0s (0%) | other=0.4s
INIT WC (SPARSE): sum=-818.0000000000, abssum=4064.0848000000, nnz=2023
INIT bC: sum=0.0000000000, abssum=0.0000000000
    Finding equilibrium with integration (dur=10)...
    Random state position after get_ep: 457
    Finding equilibrium with integration (dur=10)...
    Random state position after get_ep: 18
    Finding equilibrium with integration (dur=10)...
    Random state position after get_ep: 619
    Finding equilibrium with integration (dur=10)...
    Random state position after get_ep: 300
    Finding equilibrium with integration (dur=10)...
    Random state position after get_ep: 513
INIT WC (SPARSE): sum=-818.0000000000, abssum=4064.6604000000, nnz=2023
INIT bC: sum=0.0000000000, abssum=0.0000000000
    Finding equilibrium with integration (dur=10)...
    Random state position after get_ep: 474
    Finding equilibrium with integration (dur=10)...
    Random state position after get_ep: 299
    Finding equilibrium with integration (dur=10)...
    Random state position after get_ep: 285
    Finding equilibrium with integration (dur=10)...
    Random state position after get_ep: 354
    Finding equilibrium with integration (dur=10)...
    Random state position after get_ep: 199
[0300]   15.482 | 0.500 0.000 0.500 0.000 0.000 | 1.000 | 0.480 0.000
    TIMING: total=2.9s | estimate_prob=2.4s (85%) | cost_grad=0.0s (0%) | other=0.4s
INIT WC (SPARSE): sum=-818.0000000000, abssum=4064.7360000000, nnz=2023
INIT bC: sum=0.0000000000, abssum=0.0000000000
    [Epoch 301] GRADIENT DIAG (SPARSE): trees=6, positions=300, val_sum=-0.000000
      grad_dict: 191 unique positions, 191 non-zero values, sum=-0.000000
      SPARSE dWC: nnz=191, sum=-0.000000
      Gradient targets: 191 existing WC positions (grad_sum=25.6108)
                        0 NEW positions (grad_sum=0.0000)
      Current WC nnz: 2023
    Finding equilibrium with integration (dur=10)...
    Random state position after get_ep: 324
    Finding equilibrium with integration (dur=10)...
    Random state position after get_ep: 141
    Finding equilibrium with integration (dur=10)...
    Random state position after get_ep: 154
    Finding equilibrium with integration (dur=10)...
    Random state position after get_ep: 595
    Finding equilibrium with integration (dur=10)...
    Random state position after get_ep: 264
INIT WC (SPARSE): sum=-818.0000000000, abssum=4065.3116000000, nnz=2023
INIT bC: sum=0.0000000000, abssum=0.0000000000
    Finding equilibrium with integration (dur=10)...
    Random state position after get_ep: 597
    Finding equilibrium with integration (dur=10)...
    Random state position after get_ep: 370
    Finding equilibrium with integration (dur=10)...
    Random state position after get_ep: 83
    Finding equilibrium with integration (dur=10)...
    Random state position after get_ep: 372
    Finding equilibrium with integration (dur=10)...
    Random state position after get_ep: 289
[0310]   11.248 | 0.500 0.250 0.000 0.000 0.000 | 0.750 | 0.296 0.000
    TIMING: total=2.9s | estimate_prob=2.5s (86%) | cost_grad=0.0s (0%) | other=0.4s
INIT WC (SPARSE): sum=-818.0000000000, abssum=4065.6872000000, nnz=2025
INIT bC: sum=0.0000000000, abssum=0.0000000000
    Finding equilibrium with integration (dur=10)...
    Random state position after get_ep: 227
    Finding equilibrium with integration (dur=10)...
    Random state position after get_ep: 608
    Finding equilibrium with integration (dur=10)...
    Random state position after get_ep: 209
    Finding equilibrium with integration (dur=10)...
    Random state position after get_ep: 374
    Finding equilibrium with integration (dur=10)...
    Random state position after get_ep: 379
INIT WC (SPARSE): sum=-818.0000000000, abssum=4065.8628000000, nnz=2025
INIT bC: sum=0.0000000000, abssum=0.0000000000
    Finding equilibrium with integration (dur=10)...
    Random state position after get_ep: 572
    Finding equilibrium with integration (dur=10)...
    Random state position after get_ep: 9
    Finding equilibrium with integration (dur=10)...
    Random state position after get_ep: 246
    Finding equilibrium with integration (dur=10)...
    Random state position after get_ep: 315
    Finding equilibrium with integration (dur=10)...
    Random state position after get_ep: 16
[0320]   17.507 | 0.500 0.000 0.000 0.250 0.000 | 0.750 | 0.381 0.000
    TIMING: total=3.0s | estimate_prob=2.5s (86%) | cost_grad=0.0s (0%) | other=0.4s
INIT WC (SPARSE): sum=-818.0000000000, abssum=4066.4384000000, nnz=2027
INIT bC: sum=0.0000000000, abssum=0.0000000000
    Finding equilibrium with integration (dur=10)...
    Random state position after get_ep: 561
    Finding equilibrium with integration (dur=10)...
    Random state position after get_ep: 610
    Finding equilibrium with integration (dur=10)...
    Random state position after get_ep: 503
    Finding equilibrium with integration (dur=10)...
    Random state position after get_ep: 272
    Finding equilibrium with integration (dur=10)...
    Random state position after get_ep: 361
INIT WC (SPARSE): sum=-818.0000000000, abssum=4066.7140000000, nnz=2029
INIT bC: sum=0.0000000000, abssum=0.0000000000
    Finding equilibrium with integration (dur=10)...
    Random state position after get_ep: 362
    Finding equilibrium with integration (dur=10)...
    Random state position after get_ep: 215
    Finding equilibrium with integration (dur=10)...
    Random state position after get_ep: 269
    Finding equilibrium with integration (dur=10)...
    Random state position after get_ep: 2
    Finding equilibrium with integration (dur=10)...
    Random state position after get_ep: 555
[0330]   21.228 | 1.000 0.000 0.000 0.000 0.000 | 1.000 | 0.656 0.000
    TIMING: total=3.0s | estimate_prob=2.6s (86%) | cost_grad=0.0s (0%) | other=0.4s
INIT WC (SPARSE): sum=-818.0000000000, abssum=4067.3896000000, nnz=2029
INIT bC: sum=0.0000000000, abssum=0.0000000000
    Finding equilibrium with integration (dur=10)...
    Random state position after get_ep: 128
    Finding equilibrium with integration (dur=10)...
    Random state position after get_ep: 121
    Finding equilibrium with integration (dur=10)...
    Random state position after get_ep: 450
    Finding equilibrium with integration (dur=10)...
    Random state position after get_ep: 19
    Finding equilibrium with integration (dur=10)...
    Random state position after get_ep: 508
INIT WC (SPARSE): sum=-818.0000000000, abssum=4067.4652000000, nnz=2029
INIT bC: sum=0.0000000000, abssum=0.0000000000
    Finding equilibrium with integration (dur=10)...
    Random state position after get_ep: 25
    Finding equilibrium with integration (dur=10)...
    Random state position after get_ep: 314
    Finding equilibrium with integration (dur=10)...
    Random state position after get_ep: 199
    Finding equilibrium with integration (dur=10)...
    Random state position after get_ep: 44
    Finding equilibrium with integration (dur=10)...
    Random state position after get_ep: 329
[0340]    7.528 | 0.250 0.250 0.000 0.250 0.000 | 0.750 | 0.329 0.000
    TIMING: total=2.9s | estimate_prob=2.4s (86%) | cost_grad=0.0s (0%) | other=0.4s
INIT WC (SPARSE): sum=-818.0000000000, abssum=4068.1408000000, nnz=2029
INIT bC: sum=0.0000000000, abssum=0.0000000000
    Finding equilibrium with integration (dur=10)...
    Random state position after get_ep: 194
    Finding equilibrium with integration (dur=10)...
    Random state position after get_ep: 287
    Finding equilibrium with integration (dur=10)...
    Random state position after get_ep: 476
    Finding equilibrium with integration (dur=10)...
    Random state position after get_ep: 441
    Finding equilibrium with integration (dur=10)...
    Random state position after get_ep: 174
INIT WC (SPARSE): sum=-818.0000000000, abssum=4068.6164000000, nnz=2029
INIT bC: sum=0.0000000000, abssum=0.0000000000
    Finding equilibrium with integration (dur=10)...
    Random state position after get_ep: 203
    Finding equilibrium with integration (dur=10)...
    Random state position after get_ep: 528
    Finding equilibrium with integration (dur=10)...
    Random state position after get_ep: 529
    Finding equilibrium with integration (dur=10)...
    Random state position after get_ep: 482
    Finding equilibrium with integration (dur=10)...
    Random state position after get_ep: 487
[0350]   11.273 | 0.250 0.500 0.000 0.000 0.000 | 0.750 | 0.296 0.000
    TIMING: total=3.0s | estimate_prob=2.5s (85%) | cost_grad=0.0s (0%) | other=0.4s
INIT WC (SPARSE): sum=-818.0000000000, abssum=4069.5920000000, nnz=2029
INIT bC: sum=0.0000000000, abssum=0.0000000000
    Finding equilibrium with integration (dur=10)...
    Random state position after get_ep: 176
    Finding equilibrium with integration (dur=10)...
    Random state position after get_ep: 405
    Finding equilibrium with integration (dur=10)...
    Random state position after get_ep: 118
    Finding equilibrium with integration (dur=10)...
    Random state position after get_ep: 543
    Finding equilibrium with integration (dur=10)...
    Random state position after get_ep: 88
INIT WC (SPARSE): sum=-818.0000000000, abssum=4070.3676000000, nnz=2029
INIT bC: sum=0.0000000000, abssum=0.0000000000
    Finding equilibrium with integration (dur=10)...
    Random state position after get_ep: 17
    Finding equilibrium with integration (dur=10)...
    Random state position after get_ep: 610
    Finding equilibrium with integration (dur=10)...
    Random state position after get_ep: 351
    Finding equilibrium with integration (dur=10)...
    Random state position after get_ep: 368
    Finding equilibrium with integration (dur=10)...
    Random state position after get_ep: 361
[0360]   17.368 | 0.750 0.000 0.000 0.250 0.000 | 1.000 | 0.406 0.000
    TIMING: total=3.0s | estimate_prob=2.6s (86%) | cost_grad=0.0s (0%) | other=0.4s
INIT WC (SPARSE): sum=-818.0000000000, abssum=4070.1432000000, nnz=2029
INIT bC: sum=0.0000000000, abssum=0.0000000000
    Finding equilibrium with integration (dur=10)...
    Random state position after get_ep: 438
    Finding equilibrium with integration (dur=10)...
    Random state position after get_ep: 119
    Finding equilibrium with integration (dur=10)...
    Random state position after get_ep: 276
    Finding equilibrium with integration (dur=10)...
    Random state position after get_ep: 5
    Finding equilibrium with integration (dur=10)...
    Random state position after get_ep: 42
INIT WC (SPARSE): sum=-818.0000000000, abssum=4070.2188000000, nnz=2029
INIT bC: sum=0.0000000000, abssum=0.0000000000
    Finding equilibrium with integration (dur=10)...
    Random state position after get_ep: 539
    Finding equilibrium with integration (dur=10)...
    Random state position after get_ep: 84
    Finding equilibrium with integration (dur=10)...
    Random state position after get_ep: 85
    Finding equilibrium with integration (dur=10)...
    Random state position after get_ep: 70
    Finding equilibrium with integration (dur=10)...
    Random state position after get_ep: 611
[0370]    1.667 | 0.250 0.250 0.250 0.250 0.000 | 1.000 | 0.204 0.000
    TIMING: total=3.0s | estimate_prob=2.5s (86%) | cost_grad=0.0s (0%) | other=0.4s
INIT WC (SPARSE): sum=-818.0000000000, abssum=4070.8944000000, nnz=2029
INIT bC: sum=0.0000000000, abssum=0.0000000000
    Finding equilibrium with integration (dur=10)...
    Random state position after get_ep: 188
    Finding equilibrium with integration (dur=10)...
    Random state position after get_ep: 505
    Finding equilibrium with integration (dur=10)...
    Random state position after get_ep: 458
    Finding equilibrium with integration (dur=10)...
    Random state position after get_ep: 187
    Finding equilibrium with integration (dur=10)...
    Random state position after get_ep: 108
INIT WC (SPARSE): sum=-818.0000000000, abssum=4071.2700000000, nnz=2031
INIT bC: sum=0.0000000000, abssum=0.0000000000
    Finding equilibrium with integration (dur=10)...
    Random state position after get_ep: 257
    Finding equilibrium with integration (dur=10)...
    Random state position after get_ep: 266
    Finding equilibrium with integration (dur=10)...
    Random state position after get_ep: 7
    Finding equilibrium with integration (dur=10)...
    Random state position after get_ep: 13
    Finding equilibrium with integration (dur=10)...
    Random state position after get_ep: 86
[0380]   11.273 | 0.250 0.500 0.000 0.000 0.000 | 0.750 | 0.442 0.000
    TIMING: total=2.9s | estimate_prob=2.5s (86%) | cost_grad=0.0s (0%) | other=0.4s
INIT WC (SPARSE): sum=-818.0000000000, abssum=4071.8456000000, nnz=2031
INIT bC: sum=0.0000000000, abssum=0.0000000000
    Finding equilibrium with integration (dur=10)...
    Random state position after get_ep: 363
    Finding equilibrium with integration (dur=10)...
    Random state position after get_ep: 352
    Finding equilibrium with integration (dur=10)...
    Random state position after get_ep: 121
    Finding equilibrium with integration (dur=10)...
    Random state position after get_ep: 46
    Finding equilibrium with integration (dur=10)...
    Random state position after get_ep: 603
INIT WC (SPARSE): sum=-818.0000000000, abssum=4072.1212000000, nnz=2031
INIT bC: sum=0.0000000000, abssum=0.0000000000
    Finding equilibrium with integration (dur=10)...
    Random state position after get_ep: 280
    Finding equilibrium with integration (dur=10)...
    Random state position after get_ep: 93
    Finding equilibrium with integration (dur=10)...
    Random state position after get_ep: 570
    Finding equilibrium with integration (dur=10)...
    Random state position after get_ep: 527
    Finding equilibrium with integration (dur=10)...
    Random state position after get_ep: 240
[0390]   16.982 | 0.000 0.500 0.000 0.250 0.250 | 1.000 | 0.520 0.000
    TIMING: total=2.9s | estimate_prob=2.5s (86%) | cost_grad=0.0s (0%) | other=0.4s
INIT WC (SPARSE): sum=-818.0000000000, abssum=4072.8968000000, nnz=2031
INIT bC: sum=0.0000000000, abssum=0.0000000000
    Finding equilibrium with integration (dur=10)...
    Random state position after get_ep: 113
    Finding equilibrium with integration (dur=10)...
    Random state position after get_ep: 310
    Finding equilibrium with integration (dur=10)...
    Random state position after get_ep: 243
    Finding equilibrium with integration (dur=10)...
    Random state position after get_ep: 72
    Finding equilibrium with integration (dur=10)...
    Random state position after get_ep: 65
INIT WC (SPARSE): sum=-818.0000000000, abssum=4073.4724000000, nnz=2031
INIT bC: sum=0.0000000000, abssum=0.0000000000
    Finding equilibrium with integration (dur=10)...
    Random state position after get_ep: 98
    Finding equilibrium with integration (dur=10)...
    Random state position after get_ep: 515
    Finding equilibrium with integration (dur=10)...
    Random state position after get_ep: 316
    Finding equilibrium with integration (dur=10)...
    Random state position after get_ep: 501
    Finding equilibrium with integration (dur=10)...
    Random state position after get_ep: 534
[0400]   16.680 | 0.000 0.500 0.500 0.000 0.000 | 1.000 | 0.344 0.000
    TIMING: total=2.9s | estimate_prob=2.4s (86%) | cost_grad=0.0s (0%) | other=0.4s
INIT WC (SPARSE): sum=-818.0000000000, abssum=4073.5480000000, nnz=2031
INIT bC: sum=0.0000000000, abssum=0.0000000000
    [Epoch 401] GRADIENT DIAG (SPARSE): trees=5, positions=250, val_sum=-0.000000
      grad_dict: 187 unique positions, 187 non-zero values, sum=-0.000000
      SPARSE dWC: nnz=187, sum=-0.000000
      Gradient targets: 187 existing WC positions (grad_sum=28.5032)
                        0 NEW positions (grad_sum=0.0000)
      Current WC nnz: 2031
    Finding equilibrium with integration (dur=10)...
    Random state position after get_ep: 127
    Finding equilibrium with integration (dur=10)...
    Random state position after get_ep: 132
    Finding equilibrium with integration (dur=10)...
    Random state position after get_ep: 101
    Finding equilibrium with integration (dur=10)...
    Random state position after get_ep: 90
    Finding equilibrium with integration (dur=10)...
    Random state position after get_ep: 543
INIT WC (SPARSE): sum=-818.0000000000, abssum=4073.5236000000, nnz=2031
INIT bC: sum=0.0000000000, abssum=0.0000000000
    Finding equilibrium with integration (dur=10)...
    Random state position after get_ep: 192
    Finding equilibrium with integration (dur=10)...
    Random state position after get_ep: 201
    Finding equilibrium with integration (dur=10)...
    Random state position after get_ep: 278
    Finding equilibrium with integration (dur=10)...
    Random state position after get_ep: 467
    Finding equilibrium with integration (dur=10)...
    Random state position after get_ep: 180
[0410]    7.314 | 0.250 0.500 0.000 0.250 0.000 | 1.000 | 0.270 0.000
    TIMING: total=2.9s | estimate_prob=2.5s (86%) | cost_grad=0.0s (0%) | other=0.4s
INIT WC (SPARSE): sum=-818.0000000000, abssum=4073.5992000000, nnz=2031
INIT bC: sum=0.0000000000, abssum=0.0000000000
    Finding equilibrium with integration (dur=10)...
    Random state position after get_ep: 517
    Finding equilibrium with integration (dur=10)...
    Random state position after get_ep: 46
    Finding equilibrium with integration (dur=10)...
    Random state position after get_ep: 371
    Finding equilibrium with integration (dur=10)...
    Random state position after get_ep: 208
    Finding equilibrium with integration (dur=10)...
    Random state position after get_ep: 249
INIT WC (SPARSE): sum=-818.0000000000, abssum=4073.8748000000, nnz=2033
INIT bC: sum=0.0000000000, abssum=0.0000000000
    Finding equilibrium with integration (dur=10)...
    Random state position after get_ep: 162
    Finding equilibrium with integration (dur=10)...
    Random state position after get_ep: 439
    Finding equilibrium with integration (dur=10)...
    Random state position after get_ep: 80
    Finding equilibrium with integration (dur=10)...
    Random state position after get_ep: 397
    Finding equilibrium with integration (dur=10)...
    Random state position after get_ep: 82
[0420]   11.248 | 0.500 0.250 0.000 0.000 0.000 | 0.750 | 0.296 0.000
    TIMING: total=2.9s | estimate_prob=2.5s (85%) | cost_grad=0.0s (0%) | other=0.4s
INIT WC (SPARSE): sum=-818.0000000000, abssum=4074.1504000000, nnz=2033
INIT bC: sum=0.0000000000, abssum=0.0000000000
    Finding equilibrium with integration (dur=10)...
    Random state position after get_ep: 219
    Finding equilibrium with integration (dur=10)...
    Random state position after get_ep: 96
    Finding equilibrium with integration (dur=10)...
    Random state position after get_ep: 237
    Finding equilibrium with integration (dur=10)...
    Random state position after get_ep: 194
    Finding equilibrium with integration (dur=10)...
    Random state position after get_ep: 507
INIT WC (SPARSE): sum=-818.0000000000, abssum=4074.4260000000, nnz=2033
INIT bC: sum=0.0000000000, abssum=0.0000000000
    Finding equilibrium with integration (dur=10)...
    Random state position after get_ep: 424
    Finding equilibrium with integration (dur=10)...
    Random state position after get_ep: 481
    Finding equilibrium with integration (dur=10)...
    Random state position after get_ep: 258
    Finding equilibrium with integration (dur=10)...
    Random state position after get_ep: 35
    Finding equilibrium with integration (dur=10)...
    Random state position after get_ep: 472
[0430]   22.539 | 0.000 0.750 0.000 0.000 0.000 | 0.750 | 0.520 0.000
    TIMING: total=3.0s | estimate_prob=2.5s (86%) | cost_grad=0.0s (0%) | other=0.4s
INIT WC (SPARSE): sum=-818.0000000000, abssum=4075.2016000000, nnz=2035
INIT bC: sum=0.0000000000, abssum=0.0000000000
    Finding equilibrium with integration (dur=10)...
    Random state position after get_ep: 521
    Finding equilibrium with integration (dur=10)...
    Random state position after get_ep: 78
    Finding equilibrium with integration (dur=10)...
    Random state position after get_ep: 199
    Finding equilibrium with integration (dur=10)...
    Random state position after get_ep: 24
    Finding equilibrium with integration (dur=10)...
    Random state position after get_ep: 61
INIT WC (SPARSE): sum=-818.0000000000, abssum=4074.9772000000, nnz=2035
INIT bC: sum=0.0000000000, abssum=0.0000000000
    Finding equilibrium with integration (dur=10)...
    Random state position after get_ep: 502
    Finding equilibrium with integration (dur=10)...
    Random state position after get_ep: 431
    Finding equilibrium with integration (dur=10)...
    Random state position after get_ep: 220
    Finding equilibrium with integration (dur=10)...
    Random state position after get_ep: 197
    Finding equilibrium with integration (dur=10)...
    Random state position after get_ep: 490
[0440]   21.228 | 1.000 0.000 0.000 0.000 0.000 | 1.000 | 0.656 0.000
    TIMING: total=2.8s | estimate_prob=2.4s (86%) | cost_grad=0.0s (0%) | other=0.4s
INIT WC (SPARSE): sum=-818.0000000000, abssum=4074.9528000000, nnz=2035
INIT bC: sum=0.0000000000, abssum=0.0000000000
    Finding equilibrium with integration (dur=10)...
    Random state position after get_ep: 308
    Finding equilibrium with integration (dur=10)...
    Random state position after get_ep: 45
    Finding equilibrium with integration (dur=10)...
    Random state position after get_ep: 226
    Finding equilibrium with integration (dur=10)...
    Random state position after get_ep: 611
    Finding equilibrium with integration (dur=10)...
    Random state position after get_ep: 540
INIT WC (SPARSE): sum=-818.0000000000, abssum=4075.2284000000, nnz=2035
INIT bC: sum=0.0000000000, abssum=0.0000000000
    Finding equilibrium with integration (dur=10)...
    Random state position after get_ep: 597
    Finding equilibrium with integration (dur=10)...
    Random state position after get_ep: 554
    Finding equilibrium with integration (dur=10)...
    Random state position after get_ep: 339
    Finding equilibrium with integration (dur=10)...
    Random state position after get_ep: 504
    Finding equilibrium with integration (dur=10)...
    Random state position after get_ep: 313
[0450]   11.035 | 0.500 0.500 0.000 0.000 0.000 | 1.000 | 0.296 0.000
    TIMING: total=2.8s | estimate_prob=2.4s (86%) | cost_grad=0.0s (0%) | other=0.4s
INIT WC (SPARSE): sum=-818.0000000000, abssum=4075.1040000000, nnz=2035
INIT bC: sum=0.0000000000, abssum=0.0000000000
    Finding equilibrium with integration (dur=10)...
    Random state position after get_ep: 470
    Finding equilibrium with integration (dur=10)...
    Random state position after get_ep: 155
    Finding equilibrium with integration (dur=10)...
    Random state position after get_ep: 544
    Finding equilibrium with integration (dur=10)...
    Random state position after get_ep: 345
    Finding equilibrium with integration (dur=10)...
    Random state position after get_ep: 550
INIT WC (SPARSE): sum=-818.0000000000, abssum=4075.0796000000, nnz=2035
INIT bC: sum=0.0000000000, abssum=0.0000000000
    Finding equilibrium with integration (dur=10)...
    Random state position after get_ep: 87
    Finding equilibrium with integration (dur=10)...
    Random state position after get_ep: 120
    Finding equilibrium with integration (dur=10)...
    Random state position after get_ep: 333
    Finding equilibrium with integration (dur=10)...
    Random state position after get_ep: 254
    Finding equilibrium with integration (dur=10)...
    Random state position after get_ep: 447
[0460]   11.646 | 0.500 0.000 0.250 0.250 0.000 | 1.000 | 0.360 0.000
    TIMING: total=3.0s | estimate_prob=2.5s (85%) | cost_grad=0.0s (0%) | other=0.4s
INIT WC (SPARSE): sum=-818.0000000000, abssum=4075.2552000000, nnz=2035
INIT bC: sum=0.0000000000, abssum=0.0000000000
    Finding equilibrium with integration (dur=10)...
    Random state position after get_ep: 472
    Finding equilibrium with integration (dur=10)...
    Random state position after get_ep: 373
    Finding equilibrium with integration (dur=10)...
    Random state position after get_ep: 586
    Finding equilibrium with integration (dur=10)...
    Random state position after get_ep: 451
    Finding equilibrium with integration (dur=10)...
    Random state position after get_ep: 300
INIT WC (SPARSE): sum=-818.0000000000, abssum=4075.7308000000, nnz=2039
INIT bC: sum=0.0000000000, abssum=0.0000000000
    Finding equilibrium with integration (dur=10)...
    Random state position after get_ep: 501
    Finding equilibrium with integration (dur=10)...
    Random state position after get_ep: 582
    Finding equilibrium with integration (dur=10)...
    Random state position after get_ep: 379
    Finding equilibrium with integration (dur=10)...
    Random state position after get_ep: 240
    Finding equilibrium with integration (dur=10)...
    Random state position after get_ep: 417
[0470]   15.465 | 0.750 0.000 0.250 0.000 0.000 | 1.000 | 0.480 0.000
    TIMING: total=2.8s | estimate_prob=2.4s (86%) | cost_grad=0.0s (0%) | other=0.4s
INIT WC (SPARSE): sum=-818.0000000000, abssum=4075.3064000000, nnz=2039
INIT bC: sum=0.0000000000, abssum=0.0000000000
    Finding equilibrium with integration (dur=10)...
    Random state position after get_ep: 10
    Finding equilibrium with integration (dur=10)...
    Random state position after get_ep: 27
    Finding equilibrium with integration (dur=10)...
    Random state position after get_ep: 376
    Finding equilibrium with integration (dur=10)...
    Random state position after get_ep: 449
    Finding equilibrium with integration (dur=10)...
    Random state position after get_ep: 254
INIT WC (SPARSE): sum=-818.0000000000, abssum=4075.4820000000, nnz=2039
INIT bC: sum=0.0000000000, abssum=0.0000000000
    Finding equilibrium with integration (dur=10)...
    Random state position after get_ep: 127
    Finding equilibrium with integration (dur=10)...
    Random state position after get_ep: 268
    Finding equilibrium with integration (dur=10)...
    Random state position after get_ep: 449
    Finding equilibrium with integration (dur=10)...
    Random state position after get_ep: 214
    Finding equilibrium with integration (dur=10)...
    Random state position after get_ep: 183
[0480]   18.788 | 0.000 0.250 0.000 0.750 0.000 | 1.000 | 0.631 0.000
    TIMING: total=2.8s | estimate_prob=2.4s (86%) | cost_grad=0.0s (0%) | other=0.4s
INIT WC (SPARSE): sum=-818.0000000000, abssum=4076.2576000000, nnz=2039
INIT bC: sum=0.0000000000, abssum=0.0000000000
    Finding equilibrium with integration (dur=10)...
    Random state position after get_ep: 156
    Finding equilibrium with integration (dur=10)...
    Random state position after get_ep: 385
    Finding equilibrium with integration (dur=10)...
    Random state position after get_ep: 346
    Finding equilibrium with integration (dur=10)...
    Random state position after get_ep: 539
    Finding equilibrium with integration (dur=10)...
    Random state position after get_ep: 348
INIT WC (SPARSE): sum=-818.0000000000, abssum=4076.3332000000, nnz=2039
INIT bC: sum=0.0000000000, abssum=0.0000000000
    Finding equilibrium with integration (dur=10)...
    Random state position after get_ep: 209
    Finding equilibrium with integration (dur=10)...
    Random state position after get_ep: 574
    Finding equilibrium with integration (dur=10)...
    Random state position after get_ep: 191
    Finding equilibrium with integration (dur=10)...
    Random state position after get_ep: 276
    Finding equilibrium with integration (dur=10)...
    Random state position after get_ep: 133
[0490]   15.465 | 0.750 0.000 0.250 0.000 0.000 | 1.000 | 0.480 0.000
    TIMING: total=2.8s | estimate_prob=2.4s (86%) | cost_grad=0.0s (0%) | other=0.4s
INIT WC (SPARSE): sum=-818.0000000000, abssum=4076.1088000000, nnz=2039
INIT bC: sum=0.0000000000, abssum=0.0000000000
    Finding equilibrium with integration (dur=10)...
    Random state position after get_ep: 94
    Finding equilibrium with integration (dur=10)...
    Random state position after get_ep: 559
    Finding equilibrium with integration (dur=10)...
    Random state position after get_ep: 344
    Finding equilibrium with integration (dur=10)...
    Random state position after get_ep: 545
    Finding equilibrium with integration (dur=10)...
    Random state position after get_ep: 486
INIT WC (SPARSE): sum=-818.0000000000, abssum=4076.7844000000, nnz=2043
INIT bC: sum=0.0000000000, abssum=0.0000000000
    Finding equilibrium with integration (dur=10)...
    Random state position after get_ep: 420
    Finding equilibrium with integration (dur=10)...
    Random state position after get_ep: 341
    Finding equilibrium with integration (dur=10)...
    Random state position after get_ep: 134
    Finding equilibrium with integration (dur=10)...
    Random state position after get_ep: 187
    Finding equilibrium with integration (dur=10)...
    Random state position after get_ep: 588
[0500]   13.058 | 0.000 0.250 0.250 0.250 0.000 | 0.750 | 0.344 0.000
    TIMING: total=3.0s | estimate_prob=2.5s (86%) | cost_grad=0.0s (0%) | other=0.4s
INIT WC (SPARSE): sum=-818.0000000000, abssum=4076.9600000000, nnz=2045
INIT bC: sum=0.0000000000, abssum=0.0000000000
    [Epoch 501] GRADIENT DIAG (SPARSE): trees=5, positions=250, val_sum=-0.000000
      grad_dict: 187 unique positions, 187 non-zero values, sum=-0.000000
      SPARSE dWC: nnz=187, sum=-0.000000
      Gradient targets: 187 existing WC positions (grad_sum=39.8312)
                        0 NEW positions (grad_sum=0.0000)
      Current WC nnz: 2045
    Finding equilibrium with integration (dur=10)...
    Random state position after get_ep: 209
    Finding equilibrium with integration (dur=10)...
    Random state position after get_ep: 458
    Finding equilibrium with integration (dur=10)...
    Random state position after get_ep: 520
    Finding equilibrium with integration (dur=10)...
    Random state position after get_ep: 349
    Finding equilibrium with integration (dur=10)...
    Random state position after get_ep: 126
INIT WC (SPARSE): sum=-818.0000000000, abssum=4076.9356000000, nnz=2045
INIT bC: sum=0.0000000000, abssum=0.0000000000
    Finding equilibrium with integration (dur=10)...
    Random state position after get_ep: 511
    Finding equilibrium with integration (dur=10)...
    Random state position after get_ep: 176
    Finding equilibrium with integration (dur=10)...
    Random state position after get_ep: 289
    Finding equilibrium with integration (dur=10)...
    Random state position after get_ep: 614
    Finding equilibrium with integration (dur=10)...
    Random state position after get_ep: 19
[0510]   17.195 | 0.000 0.250 0.000 0.250 0.250 | 0.750 | 0.579 0.000
    TIMING: total=3.0s | estimate_prob=2.5s (86%) | cost_grad=0.0s (0%) | other=0.4s
INIT WC (SPARSE): sum=-818.0000000000, abssum=4077.8112000000, nnz=2045
INIT bC: sum=0.0000000000, abssum=0.0000000000
    Finding equilibrium with integration (dur=10)...
    Random state position after get_ep: 488
    Finding equilibrium with integration (dur=10)...
    Random state position after get_ep: 249
    Finding equilibrium with integration (dur=10)...
    Random state position after get_ep: 446
    Finding equilibrium with integration (dur=10)...
    Random state position after get_ep: 187
    Finding equilibrium with integration (dur=10)...
    Random state position after get_ep: 440
INIT WC (SPARSE): sum=-818.0000000000, abssum=4077.8868000000, nnz=2045
INIT bC: sum=0.0000000000, abssum=0.0000000000
    Finding equilibrium with integration (dur=10)...
    Random state position after get_ep: 281
    Finding equilibrium with integration (dur=10)...
    Random state position after get_ep: 254
    Finding equilibrium with integration (dur=10)...
    Random state position after get_ep: 463
    Finding equilibrium with integration (dur=10)...
    Random state position after get_ep: 536
    Finding equilibrium with integration (dur=10)...
    Random state position after get_ep: 425
[0520]   16.678 | 0.000 0.750 0.250 0.000 0.000 | 1.000 | 0.442 0.000
    TIMING: total=2.9s | estimate_prob=2.4s (86%) | cost_grad=0.0s (0%) | other=0.4s
INIT WC (SPARSE): sum=-818.0000000000, abssum=4077.6624000000, nnz=2045
INIT bC: sum=0.0000000000, abssum=0.0000000000
    Finding equilibrium with integration (dur=10)...
    Random state position after get_ep: 298
    Finding equilibrium with integration (dur=10)...
    Random state position after get_ep: 11
    Finding equilibrium with integration (dur=10)...
    Random state position after get_ep: 412
    Finding equilibrium with integration (dur=10)...
    Random state position after get_ep: 213
    Finding equilibrium with integration (dur=10)...
    Random state position after get_ep: 542
INIT WC (SPARSE): sum=-818.0000000000, abssum=4078.0380000000, nnz=2045
INIT bC: sum=0.0000000000, abssum=0.0000000000
    Finding equilibrium with integration (dur=10)...
    Random state position after get_ep: 303
    Finding equilibrium with integration (dur=10)...
    Random state position after get_ep: 500
    Finding equilibrium with integration (dur=10)...
    Random state position after get_ep: 281
    Finding equilibrium with integration (dur=10)...
    Random state position after get_ep: 430
    Finding equilibrium with integration (dur=10)...
    Random state position after get_ep: 207
[0530]   11.035 | 0.500 0.500 0.000 0.000 0.000 | 1.000 | 0.296 0.000
    TIMING: total=3.0s | estimate_prob=2.6s (86%) | cost_grad=0.0s (0%) | other=0.4s
INIT WC (SPARSE): sum=-818.0000000000, abssum=4077.7136000000, nnz=2045
INIT bC: sum=0.0000000000, abssum=0.0000000000
    Finding equilibrium with integration (dur=10)...
    Random state position after get_ep: 276
    Finding equilibrium with integration (dur=10)...
    Random state position after get_ep: 169
    Finding equilibrium with integration (dur=10)...
    Random state position after get_ep: 74
    Finding equilibrium with integration (dur=10)...
    Random state position after get_ep: 4
    Finding equilibrium with integration (dur=10)...
    Random state position after get_ep: 273
INIT WC (SPARSE): sum=-818.0000000000, abssum=4078.4892000000, nnz=2045
INIT bC: sum=0.0000000000, abssum=0.0000000000
    Finding equilibrium with integration (dur=10)...
    Random state position after get_ep: 530
    Finding equilibrium with integration (dur=10)...
    Random state position after get_ep: 483
    Finding equilibrium with integration (dur=10)...
    Random state position after get_ep: 512
    Finding equilibrium with integration (dur=10)...
    Random state position after get_ep: 553
    Finding equilibrium with integration (dur=10)...
    Random state position after get_ep: 594
[0540]   20.940 | 0.000 0.500 0.000 0.000 0.250 | 0.750 | 0.640 0.000
    TIMING: total=2.8s | estimate_prob=2.4s (86%) | cost_grad=0.0s (0%) | other=0.4s
INIT WC (SPARSE): sum=-818.0000000000, abssum=4078.5648000000, nnz=2045
INIT bC: sum=0.0000000000, abssum=0.0000000000
    Finding equilibrium with integration (dur=10)...
    Random state position after get_ep: 315
    Finding equilibrium with integration (dur=10)...
    Random state position after get_ep: 328
    Finding equilibrium with integration (dur=10)...
    Random state position after get_ep: 437
    Finding equilibrium with integration (dur=10)...
    Random state position after get_ep: 574
    Finding equilibrium with integration (dur=10)...
    Random state position after get_ep: 376
INIT WC (SPARSE): sum=-818.0000000000, abssum=4078.4404000000, nnz=2045
INIT bC: sum=0.0000000000, abssum=0.0000000000
    Finding equilibrium with integration (dur=10)...
    Random state position after get_ep: 213
    Finding equilibrium with integration (dur=10)...
    Random state position after get_ep: 190
    Finding equilibrium with integration (dur=10)...
    Random state position after get_ep: 199
    Finding equilibrium with integration (dur=10)...
    Random state position after get_ep: 152
    Finding equilibrium with integration (dur=10)...
    Random state position after get_ep: 17
[0550]   20.904 | 0.000 0.500 0.000 0.000 0.500 | 1.000 | 0.640 0.000
    TIMING: total=2.8s | estimate_prob=2.4s (86%) | cost_grad=0.0s (0%) | other=0.4s
INIT WC (SPARSE): sum=-818.0000000000, abssum=4078.6160000000, nnz=2045
INIT bC: sum=0.0000000000, abssum=0.0000000000
    Finding equilibrium with integration (dur=10)...
    Random state position after get_ep: 38
    Finding equilibrium with integration (dur=10)...
    Random state position after get_ep: 155
    Finding equilibrium with integration (dur=10)...
    Random state position after get_ep: 200
    Finding equilibrium with integration (dur=10)...
    Random state position after get_ep: 206
    Finding equilibrium with integration (dur=10)...
    Random state position after get_ep: 395
INIT WC (SPARSE): sum=-818.0000000000, abssum=4078.4916000000, nnz=2045
INIT bC: sum=0.0000000000, abssum=0.0000000000
    Finding equilibrium with integration (dur=10)...
    Random state position after get_ep: 76
    Finding equilibrium with integration (dur=10)...
    Random state position after get_ep: 333
    Finding equilibrium with integration (dur=10)...
    Random state position after get_ep: 470
    Finding equilibrium with integration (dur=10)...
    Random state position after get_ep: 567
    Finding equilibrium with integration (dur=10)...
    Random state position after get_ep: 212
[0560]   11.762 | 0.250 0.000 0.500 0.250 0.000 | 1.000 | 0.454 0.000
    TIMING: total=2.8s | estimate_prob=2.4s (86%) | cost_grad=0.0s (0%) | other=0.4s
INIT WC (SPARSE): sum=-818.0000000000, abssum=4078.4672000000, nnz=2045
INIT bC: sum=0.0000000000, abssum=0.0000000000
    Finding equilibrium with integration (dur=10)...
    Random state position after get_ep: 369
    Finding equilibrium with integration (dur=10)...
    Random state position after get_ep: 162
    Finding equilibrium with integration (dur=10)...
    Random state position after get_ep: 139
    Finding equilibrium with integration (dur=10)...
    Random state position after get_ep: 392
    Finding equilibrium with integration (dur=10)...
    Random state position after get_ep: 477
INIT WC (SPARSE): sum=-818.0000000000, abssum=4078.9428000000, nnz=2045
INIT bC: sum=0.0000000000, abssum=0.0000000000
    Finding equilibrium with integration (dur=10)...
    Random state position after get_ep: 466
    Finding equilibrium with integration (dur=10)...
    Random state position after get_ep: 495
    Finding equilibrium with integration (dur=10)...
    Random state position after get_ep: 528
    Finding equilibrium with integration (dur=10)...
    Random state position after get_ep: 233
    Finding equilibrium with integration (dur=10)...
    Random state position after get_ep: 390
[0570]   21.228 | 1.000 0.000 0.000 0.000 0.000 | 1.000 | 0.656 0.000
    TIMING: total=3.0s | estimate_prob=2.5s (86%) | cost_grad=0.0s (0%) | other=0.4s
INIT WC (SPARSE): sum=-818.0000000000, abssum=4078.8184000000, nnz=2045
INIT bC: sum=0.0000000000, abssum=0.0000000000
    Finding equilibrium with integration (dur=10)...
    Random state position after get_ep: 303
    Finding equilibrium with integration (dur=10)...
    Random state position after get_ep: 284
    Finding equilibrium with integration (dur=10)...
    Random state position after get_ep: 325
    Finding equilibrium with integration (dur=10)...
    Random state position after get_ep: 598
    Finding equilibrium with integration (dur=10)...
    Random state position after get_ep: 483
INIT WC (SPARSE): sum=-818.0000000000, abssum=4079.3940000000, nnz=2045
INIT bC: sum=0.0000000000, abssum=0.0000000000
    Finding equilibrium with integration (dur=10)...
    Random state position after get_ep: 37
    Finding equilibrium with integration (dur=10)...
    Random state position after get_ep: 246
    Finding equilibrium with integration (dur=10)...
    Random state position after get_ep: 191
    Finding equilibrium with integration (dur=10)...
    Random state position after get_ep: 20
    Finding equilibrium with integration (dur=10)...
    Random state position after get_ep: 369
[0580]   11.148 | 0.250 0.750 0.000 0.000 0.000 | 1.000 | 0.442 0.000
    TIMING: total=3.0s | estimate_prob=2.6s (86%) | cost_grad=0.0s (0%) | other=0.4s
INIT WC (SPARSE): sum=-818.0000000000, abssum=4079.4696000000, nnz=2045
INIT bC: sum=0.0000000000, abssum=0.0000000000
    Finding equilibrium with integration (dur=10)...
    Random state position after get_ep: 390
    Finding equilibrium with integration (dur=10)...
    Random state position after get_ep: 227
    Finding equilibrium with integration (dur=10)...
    Random state position after get_ep: 44
    Finding equilibrium with integration (dur=10)...
    Random state position after get_ep: 417
    Finding equilibrium with integration (dur=10)...
    Random state position after get_ep: 2
INIT WC (SPARSE): sum=-818.0000000000, abssum=4079.5452000000, nnz=2045
INIT bC: sum=0.0000000000, abssum=0.0000000000
    Finding equilibrium with integration (dur=10)...
    Random state position after get_ep: 55
    Finding equilibrium with integration (dur=10)...
    Random state position after get_ep: 496
    Finding equilibrium with integration (dur=10)...
    Random state position after get_ep: 449
    Finding equilibrium with integration (dur=10)...
    Random state position after get_ep: 302
    Finding equilibrium with integration (dur=10)...
    Random state position after get_ep: 451
[0590]   21.228 | 1.000 0.000 0.000 0.000 0.000 | 1.000 | 0.656 0.000
    TIMING: total=3.0s | estimate_prob=2.6s (85%) | cost_grad=0.0s (0%) | other=0.4s
INIT WC (SPARSE): sum=-818.0000000000, abssum=4079.5208000000, nnz=2045
INIT bC: sum=0.0000000000, abssum=0.0000000000
    Finding equilibrium with integration (dur=10)...
    Random state position after get_ep: 36
    Finding equilibrium with integration (dur=10)...
    Random state position after get_ep: 73
    Finding equilibrium with integration (dur=10)...
    Random state position after get_ep: 270
    Finding equilibrium with integration (dur=10)...
    Random state position after get_ep: 263
    Finding equilibrium with integration (dur=10)...
    Random state position after get_ep: 500
INIT WC (SPARSE): sum=-818.0000000000, abssum=4079.6964000000, nnz=2045
INIT bC: sum=0.0000000000, abssum=0.0000000000
    Finding equilibrium with integration (dur=10)...
    Random state position after get_ep: 585
    Finding equilibrium with integration (dur=10)...
    Random state position after get_ep: 490
    Finding equilibrium with integration (dur=10)...
    Random state position after get_ep: 87
    Finding equilibrium with integration (dur=10)...
    Random state position after get_ep: 360
    Finding equilibrium with integration (dur=10)...
    Random state position after get_ep: 489
[0600]   12.844 | 0.000 0.500 0.250 0.250 0.000 | 1.000 | 0.344 0.000
    TIMING: total=3.0s | estimate_prob=2.6s (86%) | cost_grad=0.0s (0%) | other=0.4s
INIT WC (SPARSE): sum=-818.0000000000, abssum=4080.2720000000, nnz=2045
INIT bC: sum=0.0000000000, abssum=0.0000000000
    [Epoch 601] GRADIENT DIAG (SPARSE): trees=5, positions=250, val_sum=-0.000000
      grad_dict: 187 unique positions, 187 non-zero values, sum=-0.000000
      SPARSE dWC: nnz=187, sum=-0.000000
      Gradient targets: 187 existing WC positions (grad_sum=39.8312)
                        0 NEW positions (grad_sum=0.0000)
      Current WC nnz: 2045
    Finding equilibrium with integration (dur=10)...
    Random state position after get_ep: 287
    Finding equilibrium with integration (dur=10)...
    Random state position after get_ep: 440
    Finding equilibrium with integration (dur=10)...
    Random state position after get_ep: 449
    Finding equilibrium with integration (dur=10)...
    Random state position after get_ep: 34
    Finding equilibrium with integration (dur=10)...
    Random state position after get_ep: 211
INIT WC (SPARSE): sum=-818.0000000000, abssum=4080.3476000000, nnz=2045
INIT bC: sum=0.0000000000, abssum=0.0000000000
    Finding equilibrium with integration (dur=10)...
    Random state position after get_ep: 456
    Finding equilibrium with integration (dur=10)...
    Random state position after get_ep: 473
    Finding equilibrium with integration (dur=10)...
    Random state position after get_ep: 318
    Finding equilibrium with integration (dur=10)...
    Random state position after get_ep: 31
    Finding equilibrium with integration (dur=10)...
    Random state position after get_ep: 76
[0610]   12.844 | 0.000 0.500 0.250 0.250 0.000 | 1.000 | 0.344 0.000
    TIMING: total=3.0s | estimate_prob=2.5s (86%) | cost_grad=0.0s (0%) | other=0.4s
INIT WC (SPARSE): sum=-818.0000000000, abssum=4080.8232000000, nnz=2045
INIT bC: sum=0.0000000000, abssum=0.0000000000
    Finding equilibrium with integration (dur=10)...
    Random state position after get_ep: 301
    Finding equilibrium with integration (dur=10)...
    Random state position after get_ep: 298
    Finding equilibrium with integration (dur=10)...
    Random state position after get_ep: 31
    Finding equilibrium with integration (dur=10)...
    Random state position after get_ep: 153
    Finding equilibrium with integration (dur=10)...
    Random state position after get_ep: 402
INIT WC (SPARSE): sum=-818.0000000000, abssum=4080.9988000000, nnz=2045
INIT bC: sum=0.0000000000, abssum=0.0000000000
    Finding equilibrium with integration (dur=10)...
    Random state position after get_ep: 239
    Finding equilibrium with integration (dur=10)...
    Random state position after get_ep: 236
    Finding equilibrium with integration (dur=10)...
    Random state position after get_ep: 253
    Finding equilibrium with integration (dur=10)...
    Random state position after get_ep: 246
    Finding equilibrium with integration (dur=10)...
    Random state position after get_ep: 255
[0620]   12.844 | 0.000 0.500 0.250 0.250 0.000 | 1.000 | 0.344 0.000
    TIMING: total=2.8s | estimate_prob=2.4s (85%) | cost_grad=0.0s (0%) | other=0.4s
INIT WC (SPARSE): sum=-818.0000000000, abssum=4081.0744000000, nnz=2045
INIT bC: sum=0.0000000000, abssum=0.0000000000
    Finding equilibrium with integration (dur=10)...
    Random state position after get_ep: 484
    Finding equilibrium with integration (dur=10)...
    Random state position after get_ep: 385
    Finding equilibrium with integration (dur=10)...
    Random state position after get_ep: 70
    Finding equilibrium with integration (dur=10)...
    Random state position after get_ep: 571
    Finding equilibrium with integration (dur=10)...
    Random state position after get_ep: 180
INIT WC (SPARSE): sum=-818.0000000000, abssum=4081.2500000000, nnz=2045
INIT bC: sum=0.0000000000, abssum=0.0000000000
    Finding equilibrium with integration (dur=10)...
    Random state position after get_ep: 133
    Finding equilibrium with integration (dur=10)...
    Random state position after get_ep: 582
    Finding equilibrium with integration (dur=10)...
    Random state position after get_ep: 75
    Finding equilibrium with integration (dur=10)...
    Random state position after get_ep: 545
    Finding equilibrium with integration (dur=10)...
    Random state position after get_ep: 602
[0630]   11.646 | 0.500 0.000 0.250 0.250 0.000 | 1.000 | 0.360 0.000
    TIMING: total=3.0s | estimate_prob=2.6s (86%) | cost_grad=0.0s (0%) | other=0.4s
INIT WC (SPARSE): sum=-818.0000000000, abssum=4081.6256000000, nnz=2045
INIT bC: sum=0.0000000000, abssum=0.0000000000
    Finding equilibrium with integration (dur=10)...
    Random state position after get_ep: 63
    Finding equilibrium with integration (dur=10)...
    Random state position after get_ep: 496
    Finding equilibrium with integration (dur=10)...
    Random state position after get_ep: 9
    Finding equilibrium with integration (dur=10)...
    Random state position after get_ep: 127
    Finding equilibrium with integration (dur=10)...
    Random state position after get_ep: 72
INIT WC (SPARSE): sum=-818.0000000000, abssum=4081.7012000000, nnz=2045
INIT bC: sum=0.0000000000, abssum=0.0000000000
    Finding equilibrium with integration (dur=10)...
    Random state position after get_ep: 137
    Finding equilibrium with integration (dur=10)...
    Random state position after get_ep: 574
    Finding equilibrium with integration (dur=10)...
    Random state position after get_ep: 3
    Finding equilibrium with integration (dur=10)...
    Random state position after get_ep: 448
    Finding equilibrium with integration (dur=10)...
    Random state position after get_ep: 153
[0640]   16.678 | 0.000 0.750 0.250 0.000 0.000 | 1.000 | 0.442 0.000
    TIMING: total=3.0s | estimate_prob=2.5s (85%) | cost_grad=0.0s (0%) | other=0.4s
INIT WC (SPARSE): sum=-818.0000000000, abssum=4081.7768000000, nnz=2045
INIT bC: sum=0.0000000000, abssum=0.0000000000
    Finding equilibrium with integration (dur=10)...
    Random state position after get_ep: 578
    Finding equilibrium with integration (dur=10)...
    Random state position after get_ep: 175
    Finding equilibrium with integration (dur=10)...
    Random state position after get_ep: 244
    Finding equilibrium with integration (dur=10)...
    Random state position after get_ep: 362
    Finding equilibrium with integration (dur=10)...
    Random state position after get_ep: 283
INIT WC (SPARSE): sum=-818.0000000000, abssum=4081.7524000000, nnz=2045
INIT bC: sum=0.0000000000, abssum=0.0000000000
    Finding equilibrium with integration (dur=10)...
    Random state position after get_ep: 312
    Finding equilibrium with integration (dur=10)...
    Random state position after get_ep: 401
    Finding equilibrium with integration (dur=10)...
    Random state position after get_ep: 598
    Finding equilibrium with integration (dur=10)...
    Random state position after get_ep: 227
    Finding equilibrium with integration (dur=10)...
    Random state position after get_ep: 516
[0650]   21.326 | 0.750 0.000 0.000 0.000 0.000 | 0.750 | 0.406 0.000
    TIMING: total=3.0s | estimate_prob=2.6s (85%) | cost_grad=0.0s (0%) | other=0.4s
INIT WC (SPARSE): sum=-818.0000000000, abssum=4081.8280000000, nnz=2045
INIT bC: sum=0.0000000000, abssum=0.0000000000
    Finding equilibrium with integration (dur=10)...
    Random state position after get_ep: 69
    Finding equilibrium with integration (dur=10)...
    Random state position after get_ep: 282
    Finding equilibrium with integration (dur=10)...
    Random state position after get_ep: 507
    Finding equilibrium with integration (dur=10)...
    Random state position after get_ep: 596
    Finding equilibrium with integration (dur=10)...
    Random state position after get_ep: 481
INIT WC (SPARSE): sum=-818.0000000000, abssum=4082.3036000000, nnz=2045
INIT bC: sum=0.0000000000, abssum=0.0000000000
    Finding equilibrium with integration (dur=10)...
    Random state position after get_ep: 10
    Finding equilibrium with integration (dur=10)...
    Random state position after get_ep: 7
    Finding equilibrium with integration (dur=10)...
    Random state position after get_ep: 76
    Finding equilibrium with integration (dur=10)...
    Random state position after get_ep: 497
    Finding equilibrium with integration (dur=10)...
    Random state position after get_ep: 290
[0660]   22.450 | 0.000 1.000 0.000 0.000 0.000 | 1.000 | 0.692 0.000
    TIMING: total=2.8s | estimate_prob=2.4s (85%) | cost_grad=0.0s (0%) | other=0.4s
INIT WC (SPARSE): sum=-818.0000000000, abssum=4082.1792000000, nnz=2045
INIT bC: sum=0.0000000000, abssum=0.0000000000
    Finding equilibrium with integration (dur=10)...
    Random state position after get_ep: 227
    Finding equilibrium with integration (dur=10)...
    Random state position after get_ep: 468
    Finding equilibrium with integration (dur=10)...
    Random state position after get_ep: 521
    Finding equilibrium with integration (dur=10)...
    Random state position after get_ep: 94
    Finding equilibrium with integration (dur=10)...
    Random state position after get_ep: 491
INIT WC (SPARSE): sum=-818.0000000000, abssum=4081.9548000000, nnz=2045
INIT bC: sum=0.0000000000, abssum=0.0000000000
    Finding equilibrium with integration (dur=10)...
    Random state position after get_ep: 216
    Finding equilibrium with integration (dur=10)...
    Random state position after get_ep: 377
    Finding equilibrium with integration (dur=10)...
    Random state position after get_ep: 594
    Finding equilibrium with integration (dur=10)...
    Random state position after get_ep: 587
    Finding equilibrium with integration (dur=10)...
    Random state position after get_ep: 320
[0670]   23.070 | 0.000 0.000 0.500 0.500 0.000 | 1.000 | 0.704 0.000
    TIMING: total=3.0s | estimate_prob=2.5s (85%) | cost_grad=0.0s (0%) | other=0.4s
INIT WC (SPARSE): sum=-818.0000000000, abssum=4082.6304000000, nnz=2045
INIT bC: sum=0.0000000000, abssum=0.0000000000
    Finding equilibrium with integration (dur=10)...
    Random state position after get_ep: 65
    Finding equilibrium with integration (dur=10)...
    Random state position after get_ep: 262
    Finding equilibrium with integration (dur=10)...
    Random state position after get_ep: 439
    Finding equilibrium with integration (dur=10)...
    Random state position after get_ep: 204
    Finding equilibrium with integration (dur=10)...
    Random state position after get_ep: 545
INIT WC (SPARSE): sum=-818.0000000000, abssum=4082.8060000000, nnz=2045
INIT bC: sum=0.0000000000, abssum=0.0000000000
    Finding equilibrium with integration (dur=10)...
    Random state position after get_ep: 138
    Finding equilibrium with integration (dur=10)...
    Random state position after get_ep: 623
    Finding equilibrium with integration (dur=10)...
    Random state position after get_ep: 292
    Finding equilibrium with integration (dur=10)...
    Random state position after get_ep: 385
    Finding equilibrium with integration (dur=10)...
    Random state position after get_ep: 122
[0680]   22.450 | 0.000 1.000 0.000 0.000 0.000 | 1.000 | 0.692 0.000
    TIMING: total=2.8s | estimate_prob=2.4s (86%) | cost_grad=0.0s (0%) | other=0.4s
INIT WC (SPARSE): sum=-818.0000000000, abssum=4082.7816000000, nnz=2045
INIT bC: sum=0.0000000000, abssum=0.0000000000
    Finding equilibrium with integration (dur=10)...
    Random state position after get_ep: 487
    Finding equilibrium with integration (dur=10)...
    Random state position after get_ep: 497
    Finding equilibrium with integration (dur=10)...
    Random state position after get_ep: 322
    Finding equilibrium with integration (dur=10)...
    Random state position after get_ep: 395
    Finding equilibrium with integration (dur=10)...
    Random state position after get_ep: 620
INIT WC (SPARSE): sum=-818.0000000000, abssum=4082.8572000000, nnz=2045
INIT bC: sum=0.0000000000, abssum=0.0000000000
    Finding equilibrium with integration (dur=10)...
    Random state position after get_ep: 221
    Finding equilibrium with integration (dur=10)...
    Random state position after get_ep: 150
    Finding equilibrium with integration (dur=10)...
    Random state position after get_ep: 399
    Finding equilibrium with integration (dur=10)...
    Random state position after get_ep: 444
    Finding equilibrium with integration (dur=10)...
    Random state position after get_ep: 169
[0690]   22.539 | 0.000 0.750 0.000 0.000 0.000 | 0.750 | 0.692 0.000
    TIMING: total=3.0s | estimate_prob=2.5s (85%) | cost_grad=0.0s (0%) | other=0.4s
INIT WC (SPARSE): sum=-818.0000000000, abssum=4083.3328000000, nnz=2045
INIT bC: sum=0.0000000000, abssum=0.0000000000
    Finding equilibrium with integration (dur=10)...
    Random state position after get_ep: 579
    Finding equilibrium with integration (dur=10)...
    Random state position after get_ep: 60
    Finding equilibrium with integration (dur=10)...
    Random state position after get_ep: 473
    Finding equilibrium with integration (dur=10)...
    Random state position after get_ep: 242
    Finding equilibrium with integration (dur=10)...
    Random state position after get_ep: 267
INIT WC (SPARSE): sum=-818.0000000000, abssum=4083.0084000000, nnz=2045
INIT bC: sum=0.0000000000, abssum=0.0000000000
    Finding equilibrium with integration (dur=10)...
    Random state position after get_ep: 412
    Finding equilibrium with integration (dur=10)...
    Random state position after get_ep: 537
    Finding equilibrium with integration (dur=10)...
    Random state position after get_ep: 470
    Finding equilibrium with integration (dur=10)...
    Random state position after get_ep: 323
    Finding equilibrium with integration (dur=10)...
    Random state position after get_ep: 608
[0700]   18.623 | 0.000 0.500 0.000 0.500 0.000 | 1.000 | 0.520 0.000
    TIMING: total=2.9s | estimate_prob=2.4s (86%) | cost_grad=0.0s (0%) | other=0.4s
INIT WC (SPARSE): sum=-818.0000000000, abssum=4083.2840000000, nnz=2045
INIT bC: sum=0.0000000000, abssum=0.0000000000
    [Epoch 701] GRADIENT DIAG (SPARSE): trees=5, positions=250, val_sum=-0.000000
      grad_dict: 187 unique positions, 187 non-zero values, sum=-0.000000
      SPARSE dWC: nnz=187, sum=-0.000000
      Gradient targets: 187 existing WC positions (grad_sum=47.9888)
                        0 NEW positions (grad_sum=0.0000)
      Current WC nnz: 2045
    Finding equilibrium with integration (dur=10)...
    Random state position after get_ep: 513
    Finding equilibrium with integration (dur=10)...
    Random state position after get_ep: 226
    Finding equilibrium with integration (dur=10)...
    Random state position after get_ep: 348
    Finding equilibrium with integration (dur=10)...
    Random state position after get_ep: 77
    Finding equilibrium with integration (dur=10)...
    Random state position after get_ep: 314
INIT WC (SPARSE): sum=-818.0000000000, abssum=4083.2596000000, nnz=2045
INIT bC: sum=0.0000000000, abssum=0.0000000000
    Finding equilibrium with integration (dur=10)...
    Random state position after get_ep: 303
    Finding equilibrium with integration (dur=10)...
    Random state position after get_ep: 116
    Finding equilibrium with integration (dur=10)...
    Random state position after get_ep: 373
    Finding equilibrium with integration (dur=10)...
    Random state position after get_ep: 106
    Finding equilibrium with integration (dur=10)...
    Random state position after get_ep: 159
[0710]    5.502 | 0.250 0.250 0.500 0.000 0.000 | 1.000 | 0.323 0.000
    TIMING: total=2.9s | estimate_prob=2.5s (86%) | cost_grad=0.0s (0%) | other=0.4s
INIT WC (SPARSE): sum=-818.0000000000, abssum=4083.2352000000, nnz=2045
INIT bC: sum=0.0000000000, abssum=0.0000000000
    Finding equilibrium with integration (dur=10)...
    Random state position after get_ep: 172
    Finding equilibrium with integration (dur=10)...
    Random state position after get_ep: 293
    Finding equilibrium with integration (dur=10)...
    Random state position after get_ep: 314
    Finding equilibrium with integration (dur=10)...
    Random state position after get_ep: 499
    Finding equilibrium with integration (dur=10)...
    Random state position after get_ep: 364
INIT WC (SPARSE): sum=-818.0000000000, abssum=4083.7108000000, nnz=2045
INIT bC: sum=0.0000000000, abssum=0.0000000000
    Finding equilibrium with integration (dur=10)...
    Random state position after get_ep: 361
    Finding equilibrium with integration (dur=10)...
    Random state position after get_ep: 506
    Finding equilibrium with integration (dur=10)...
    Random state position after get_ep: 371
    Finding equilibrium with integration (dur=10)...
    Random state position after get_ep: 164
    Finding equilibrium with integration (dur=10)...
    Random state position after get_ep: 57
[0720]    9.549 | 0.250 0.500 0.000 0.000 0.250 | 1.000 | 0.390 0.000
    TIMING: total=2.9s | estimate_prob=2.4s (85%) | cost_grad=0.0s (0%) | other=0.4s
INIT WC (SPARSE): sum=-818.0000000000, abssum=4083.6864000000, nnz=2045
INIT bC: sum=0.0000000000, abssum=0.0000000000
    Finding equilibrium with integration (dur=10)...
    Random state position after get_ep: 418
    Finding equilibrium with integration (dur=10)...
    Random state position after get_ep: 299
    Finding equilibrium with integration (dur=10)...
    Random state position after get_ep: 40
    Finding equilibrium with integration (dur=10)...
    Random state position after get_ep: 237
    Finding equilibrium with integration (dur=10)...
    Random state position after get_ep: 94
INIT WC (SPARSE): sum=-818.0000000000, abssum=4083.9620000000, nnz=2045
INIT bC: sum=0.0000000000, abssum=0.0000000000
    Finding equilibrium with integration (dur=10)...
    Random state position after get_ep: 355
    Finding equilibrium with integration (dur=10)...
    Random state position after get_ep: 8
    Finding equilibrium with integration (dur=10)...
    Random state position after get_ep: 13
    Finding equilibrium with integration (dur=10)...
    Random state position after get_ep: 122
    Finding equilibrium with integration (dur=10)...
    Random state position after get_ep: 35
[0730]   15.465 | 0.750 0.000 0.250 0.000 0.000 | 1.000 | 0.480 0.000
    TIMING: total=3.0s | estimate_prob=2.5s (86%) | cost_grad=0.0s (0%) | other=0.4s
INIT WC (SPARSE): sum=-818.0000000000, abssum=4083.9376000000, nnz=2045
INIT bC: sum=0.0000000000, abssum=0.0000000000
    Finding equilibrium with integration (dur=10)...
    Random state position after get_ep: 596
    Finding equilibrium with integration (dur=10)...
    Random state position after get_ep: 261
    Finding equilibrium with integration (dur=10)...
    Random state position after get_ep: 598
    Finding equilibrium with integration (dur=10)...
    Random state position after get_ep: 255
    Finding equilibrium with integration (dur=10)...
    Random state position after get_ep: 340
INIT WC (SPARSE): sum=-818.0000000000, abssum=4083.8132000000, nnz=2045
INIT bC: sum=0.0000000000, abssum=0.0000000000
    Finding equilibrium with integration (dur=10)...
    Random state position after get_ep: 405
    Finding equilibrium with integration (dur=10)...
    Random state position after get_ep: 238
    Finding equilibrium with integration (dur=10)...
    Random state position after get_ep: 407
    Finding equilibrium with integration (dur=10)...
    Random state position after get_ep: 276
    Finding equilibrium with integration (dur=10)...
    Random state position after get_ep: 373
[0740]   11.646 | 0.500 0.000 0.250 0.250 0.000 | 1.000 | 0.360 0.000
    TIMING: total=2.8s | estimate_prob=2.4s (85%) | cost_grad=0.0s (0%) | other=0.4s
INIT WC (SPARSE): sum=-818.0000000000, abssum=4083.7888000000, nnz=2045
INIT bC: sum=0.0000000000, abssum=0.0000000000
    Finding equilibrium with integration (dur=10)...
    Random state position after get_ep: 146
    Finding equilibrium with integration (dur=10)...
    Random state position after get_ep: 107
    Finding equilibrium with integration (dur=10)...
    Random state position after get_ep: 44
    Finding equilibrium with integration (dur=10)...
    Random state position after get_ep: 293
    Finding equilibrium with integration (dur=10)...
    Random state position after get_ep: 50
INIT WC (SPARSE): sum=-818.0000000000, abssum=4083.8644000000, nnz=2045
INIT bC: sum=0.0000000000, abssum=0.0000000000
    Finding equilibrium with integration (dur=10)...
    Random state position after get_ep: 472
    Finding equilibrium with integration (dur=10)...
    Random state position after get_ep: 277
    Finding equilibrium with integration (dur=10)...
    Random state position after get_ep: 602
    Finding equilibrium with integration (dur=10)...
    Random state position after get_ep: 227
    Finding equilibrium with integration (dur=10)...
    Random state position after get_ep: 436
[0750]   15.482 | 0.500 0.000 0.500 0.000 0.000 | 1.000 | 0.480 0.000
    TIMING: total=2.8s | estimate_prob=2.4s (86%) | cost_grad=0.0s (0%) | other=0.4s
INIT WC (SPARSE): sum=-818.0000000000, abssum=4083.8400000000, nnz=2045
INIT bC: sum=0.0000000000, abssum=0.0000000000
    Finding equilibrium with integration (dur=10)...
    Random state position after get_ep: 169
    Finding equilibrium with integration (dur=10)...
    Random state position after get_ep: 22
    Finding equilibrium with integration (dur=10)...
    Random state position after get_ep: 599
    Finding equilibrium with integration (dur=10)...
    Random state position after get_ep: 320
    Finding equilibrium with integration (dur=10)...
    Random state position after get_ep: 421
INIT WC (SPARSE): sum=-818.0000000000, abssum=4084.3156000000, nnz=2045
INIT bC: sum=0.0000000000, abssum=0.0000000000
    Finding equilibrium with integration (dur=10)...
    Random state position after get_ep: 154
    Finding equilibrium with integration (dur=10)...
    Random state position after get_ep: 331
    Finding equilibrium with integration (dur=10)...
    Random state position after get_ep: 44
    Finding equilibrium with integration (dur=10)...
    Random state position after get_ep: 517
    Finding equilibrium with integration (dur=10)...
    Random state position after get_ep: 466
[0760]   18.581 | 0.000 0.750 0.000 0.250 0.000 | 1.000 | 0.520 0.000
    TIMING: total=3.0s | estimate_prob=2.6s (86%) | cost_grad=0.0s (0%) | other=0.4s
INIT WC (SPARSE): sum=-818.0000000000, abssum=4084.1912000000, nnz=2045
INIT bC: sum=0.0000000000, abssum=0.0000000000
    Finding equilibrium with integration (dur=10)...
    Random state position after get_ep: 487
    Finding equilibrium with integration (dur=10)...
    Random state position after get_ep: 136
    Finding equilibrium with integration (dur=10)...
    Random state position after get_ep: 177
    Finding equilibrium with integration (dur=10)...
    Random state position after get_ep: 134
    Finding equilibrium with integration (dur=10)...
    Random state position after get_ep: 359
INIT WC (SPARSE): sum=-818.0000000000, abssum=4084.1668000000, nnz=2045
INIT bC: sum=0.0000000000, abssum=0.0000000000
    Finding equilibrium with integration (dur=10)...
    Random state position after get_ep: 332
    Finding equilibrium with integration (dur=10)...
    Random state position after get_ep: 85
    Finding equilibrium with integration (dur=10)...
    Random state position after get_ep: 110
    Finding equilibrium with integration (dur=10)...
    Random state position after get_ep: 279
    Finding equilibrium with integration (dur=10)...
    Random state position after get_ep: 236
[0770]   11.646 | 0.500 0.000 0.250 0.250 0.000 | 1.000 | 0.360 0.000
    TIMING: total=3.0s | estimate_prob=2.5s (86%) | cost_grad=0.0s (0%) | other=0.4s
INIT WC (SPARSE): sum=-818.0000000000, abssum=4084.4424000000, nnz=2045
INIT bC: sum=0.0000000000, abssum=0.0000000000
    Finding equilibrium with integration (dur=10)...
    Random state position after get_ep: 185
    Finding equilibrium with integration (dur=10)...
    Random state position after get_ep: 34
    Finding equilibrium with integration (dur=10)...
    Random state position after get_ep: 411
    Finding equilibrium with integration (dur=10)...
    Random state position after get_ep: 52
    Finding equilibrium with integration (dur=10)...
    Random state position after get_ep: 9
INIT WC (SPARSE): sum=-818.0000000000, abssum=4084.9180000000, nnz=2047
INIT bC: sum=0.0000000000, abssum=0.0000000000
    Finding equilibrium with integration (dur=10)...
    Random state position after get_ep: 254
    Finding equilibrium with integration (dur=10)...
    Random state position after get_ep: 327
    Finding equilibrium with integration (dur=10)...
    Random state position after get_ep: 376
    Finding equilibrium with integration (dur=10)...
    Random state position after get_ep: 93
    Finding equilibrium with integration (dur=10)...
    Random state position after get_ep: 30
[0780]   21.228 | 1.000 0.000 0.000 0.000 0.000 | 1.000 | 0.656 0.000
    TIMING: total=2.8s | estimate_prob=2.4s (86%) | cost_grad=0.0s (0%) | other=0.4s
INIT WC (SPARSE): sum=-818.0000000000, abssum=4084.8936000000, nnz=2047
INIT bC: sum=0.0000000000, abssum=0.0000000000
    Finding equilibrium with integration (dur=10)...
    Random state position after get_ep: 399
    Finding equilibrium with integration (dur=10)...
    Random state position after get_ep: 512
    Finding equilibrium with integration (dur=10)...
    Random state position after get_ep: 473
    Finding equilibrium with integration (dur=10)...
    Random state position after get_ep: 30
    Finding equilibrium with integration (dur=10)...
    Random state position after get_ep: 59
INIT WC (SPARSE): sum=-818.0000000000, abssum=4084.7692000000, nnz=2047
INIT bC: sum=0.0000000000, abssum=0.0000000000
    Finding equilibrium with integration (dur=10)...
    Random state position after get_ep: 396
    Finding equilibrium with integration (dur=10)...
    Random state position after get_ep: 465
    Finding equilibrium with integration (dur=10)...
    Random state position after get_ep: 558
    Finding equilibrium with integration (dur=10)...
    Random state position after get_ep: 287
    Finding equilibrium with integration (dur=10)...
    Random state position after get_ep: 172
[0790]   15.465 | 0.750 0.000 0.250 0.000 0.000 | 1.000 | 0.480 0.000
    TIMING: total=3.0s | estimate_prob=2.6s (86%) | cost_grad=0.0s (0%) | other=0.4s
INIT WC (SPARSE): sum=-818.0000000000, abssum=4085.7448000000, nnz=2047
INIT bC: sum=0.0000000000, abssum=0.0000000000
    Finding equilibrium with integration (dur=10)...
    Random state position after get_ep: 249
    Finding equilibrium with integration (dur=10)...
    Random state position after get_ep: 94
    Finding equilibrium with integration (dur=10)...
    Random state position after get_ep: 243
    Finding equilibrium with integration (dur=10)...
    Random state position after get_ep: 284
    Finding equilibrium with integration (dur=10)...
    Random state position after get_ep: 13
INIT WC (SPARSE): sum=-818.0000000000, abssum=4085.8204000000, nnz=2047
INIT bC: sum=0.0000000000, abssum=0.0000000000
    Finding equilibrium with integration (dur=10)...
    Random state position after get_ep: 207
    Finding equilibrium with integration (dur=10)...
    Random state position after get_ep: 460
    Finding equilibrium with integration (dur=10)...
    Random state position after get_ep: 293
    Finding equilibrium with integration (dur=10)...
    Random state position after get_ep: 410
    Finding equilibrium with integration (dur=10)...
    Random state position after get_ep: 255
[0800]    5.387 | 0.500 0.250 0.250 0.000 0.000 | 1.000 | 0.230 0.000
    TIMING: total=2.8s | estimate_prob=2.4s (86%) | cost_grad=0.0s (0%) | other=0.4s
INIT WC (SPARSE): sum=-818.0000000000, abssum=4085.6960000000, nnz=2047
INIT bC: sum=0.0000000000, abssum=0.0000000000
    [Epoch 801] GRADIENT DIAG (SPARSE): trees=6, positions=300, val_sum=-0.000000
      grad_dict: 197 unique positions, 197 non-zero values, sum=-0.000000
      SPARSE dWC: nnz=197, sum=-0.000000
      Gradient targets: 197 existing WC positions (grad_sum=41.3832)
                        0 NEW positions (grad_sum=0.0000)
      Current WC nnz: 2047
    Finding equilibrium with integration (dur=10)...
    Random state position after get_ep: 620
    Finding equilibrium with integration (dur=10)...
    Random state position after get_ep: 601
    Finding equilibrium with integration (dur=10)...
    Random state position after get_ep: 18
    Finding equilibrium with integration (dur=10)...
    Random state position after get_ep: 399
    Finding equilibrium with integration (dur=10)...
    Random state position after get_ep: 580
INIT WC (SPARSE): sum=-818.0000000000, abssum=4086.3716000000, nnz=2047
INIT bC: sum=0.0000000000, abssum=0.0000000000
    Finding equilibrium with integration (dur=10)...
    Random state position after get_ep: 245
    Finding equilibrium with integration (dur=10)...
    Random state position after get_ep: 14
    Finding equilibrium with integration (dur=10)...
    Random state position after get_ep: 107
    Finding equilibrium with integration (dur=10)...
    Random state position after get_ep: 416
    Finding equilibrium with integration (dur=10)...
    Random state position after get_ep: 385
[0810]   25.316 | 0.000 0.000 0.750 0.000 0.250 | 1.000 | 0.573 0.000
    TIMING: total=2.9s | estimate_prob=2.5s (86%) | cost_grad=0.0s (0%) | other=0.4s
INIT WC (SPARSE): sum=-818.0000000000, abssum=4086.2472000000, nnz=2047
INIT bC: sum=0.0000000000, abssum=0.0000000000
    Finding equilibrium with integration (dur=10)...
    Random state position after get_ep: 570
    Finding equilibrium with integration (dur=10)...
    Random state position after get_ep: 584
    Finding equilibrium with integration (dur=10)...
    Random state position after get_ep: 105
    Finding equilibrium with integration (dur=10)...
    Random state position after get_ep: 306
    Finding equilibrium with integration (dur=10)...
    Random state position after get_ep: 455
INIT WC (SPARSE): sum=-818.0000000000, abssum=4086.7228000000, nnz=2047
INIT bC: sum=0.0000000000, abssum=0.0000000000
    Finding equilibrium with integration (dur=10)...
    Random state position after get_ep: 316
    Finding equilibrium with integration (dur=10)...
    Random state position after get_ep: 485
    Finding equilibrium with integration (dur=10)...
    Random state position after get_ep: 514
    Finding equilibrium with integration (dur=10)...
    Random state position after get_ep: 111
    Finding equilibrium with integration (dur=10)...
    Random state position after get_ep: 204
[0820]   11.109 | 0.750 0.250 0.000 0.000 0.000 | 1.000 | 0.406 0.000
    TIMING: total=3.0s | estimate_prob=2.6s (86%) | cost_grad=0.0s (0%) | other=0.4s
INIT WC (SPARSE): sum=-818.0000000000, abssum=4086.4984000000, nnz=2047
INIT bC: sum=0.0000000000, abssum=0.0000000000
    Finding equilibrium with integration (dur=10)...
    Random state position after get_ep: 330
    Finding equilibrium with integration (dur=10)...
    Random state position after get_ep: 47
    Finding equilibrium with integration (dur=10)...
    Random state position after get_ep: 164
    Finding equilibrium with integration (dur=10)...
    Random state position after get_ep: 561
    Finding equilibrium with integration (dur=10)...
    Random state position after get_ep: 618
INIT WC (SPARSE): sum=-818.0000000000, abssum=4086.9740000000, nnz=2047
INIT bC: sum=0.0000000000, abssum=0.0000000000
    Finding equilibrium with integration (dur=10)...
    Random state position after get_ep: 459
    Finding equilibrium with integration (dur=10)...
    Random state position after get_ep: 196
    Finding equilibrium with integration (dur=10)...
    Random state position after get_ep: 425
    Finding equilibrium with integration (dur=10)...
    Random state position after get_ep: 162
    Finding equilibrium with integration (dur=10)...
    Random state position after get_ep: 471
[0830]   21.228 | 1.000 0.000 0.000 0.000 0.000 | 1.000 | 0.656 0.000
    TIMING: total=2.9s | estimate_prob=2.4s (86%) | cost_grad=0.0s (0%) | other=0.4s
INIT WC (SPARSE): sum=-818.0000000000, abssum=4086.7496000000, nnz=2047
INIT bC: sum=0.0000000000, abssum=0.0000000000
    Finding equilibrium with integration (dur=10)...
    Random state position after get_ep: 468
    Finding equilibrium with integration (dur=10)...
    Random state position after get_ep: 429
    Finding equilibrium with integration (dur=10)...
    Random state position after get_ep: 370
    Finding equilibrium with integration (dur=10)...
    Random state position after get_ep: 571
    Finding equilibrium with integration (dur=10)...
    Random state position after get_ep: 600
INIT WC (SPARSE): sum=-818.0000000000, abssum=4088.1252000000, nnz=2047
INIT bC: sum=0.0000000000, abssum=0.0000000000
    Finding equilibrium with integration (dur=10)...
    Random state position after get_ep: 317
    Finding equilibrium with integration (dur=10)...
    Random state position after get_ep: 186
    Finding equilibrium with integration (dur=10)...
    Random state position after get_ep: 311
    Finding equilibrium with integration (dur=10)...
    Random state position after get_ep: 532
    Finding equilibrium with integration (dur=10)...
    Random state position after get_ep: 477
[0840]   17.425 | 0.500 0.000 0.000 0.500 0.000 | 1.000 | 0.381 0.000
    TIMING: total=2.9s | estimate_prob=2.4s (86%) | cost_grad=0.0s (0%) | other=0.4s
INIT WC (SPARSE): sum=-818.0000000000, abssum=4087.8008000000, nnz=2047
INIT bC: sum=0.0000000000, abssum=0.0000000000
    Finding equilibrium with integration (dur=10)...
    Random state position after get_ep: 74
    Finding equilibrium with integration (dur=10)...
    Random state position after get_ep: 279
    Finding equilibrium with integration (dur=10)...
    Random state position after get_ep: 280
    Finding equilibrium with integration (dur=10)...
    Random state position after get_ep: 277
    Finding equilibrium with integration (dur=10)...
    Random state position after get_ep: 590
INIT WC (SPARSE): sum=-818.0000000000, abssum=4087.7764000000, nnz=2047
INIT bC: sum=0.0000000000, abssum=0.0000000000
    Finding equilibrium with integration (dur=10)...
    Random state position after get_ep: 551
    Finding equilibrium with integration (dur=10)...
    Random state position after get_ep: 516
    Finding equilibrium with integration (dur=10)...
    Random state position after get_ep: 593
    Finding equilibrium with integration (dur=10)...
    Random state position after get_ep: 158
    Finding equilibrium with integration (dur=10)...
    Random state position after get_ep: 423
[0850]   15.482 | 0.500 0.000 0.500 0.000 0.000 | 1.000 | 0.480 0.000
    TIMING: total=2.9s | estimate_prob=2.4s (86%) | cost_grad=0.0s (0%) | other=0.4s
INIT WC (SPARSE): sum=-818.0000000000, abssum=4087.9520000000, nnz=2047
INIT bC: sum=0.0000000000, abssum=0.0000000000
    Finding equilibrium with integration (dur=10)...
    Random state position after get_ep: 208
    Finding equilibrium with integration (dur=10)...
    Random state position after get_ep: 137
    Finding equilibrium with integration (dur=10)...
    Random state position after get_ep: 346
    Finding equilibrium with integration (dur=10)...
    Random state position after get_ep: 191
    Finding equilibrium with integration (dur=10)...
    Random state position after get_ep: 368
INIT WC (SPARSE): sum=-818.0000000000, abssum=4087.8276000000, nnz=2047
INIT bC: sum=0.0000000000, abssum=0.0000000000
    Finding equilibrium with integration (dur=10)...
    Random state position after get_ep: 77
    Finding equilibrium with integration (dur=10)...
    Random state position after get_ep: 38
    Finding equilibrium with integration (dur=10)...
    Random state position after get_ep: 607
    Finding equilibrium with integration (dur=10)...
    Random state position after get_ep: 168
    Finding equilibrium with integration (dur=10)...
    Random state position after get_ep: 365
[0860]   11.109 | 0.750 0.250 0.000 0.000 0.000 | 1.000 | 0.406 0.000
    TIMING: total=2.9s | estimate_prob=2.4s (86%) | cost_grad=0.0s (0%) | other=0.4s
INIT WC (SPARSE): sum=-818.0000000000, abssum=4087.9032000000, nnz=2047
INIT bC: sum=0.0000000000, abssum=0.0000000000
    Finding equilibrium with integration (dur=10)...
    Random state position after get_ep: 270
    Finding equilibrium with integration (dur=10)...
    Random state position after get_ep: 588
    Finding equilibrium with integration (dur=10)...
    Random state position after get_ep: 261
    Finding equilibrium with integration (dur=10)...
    Random state position after get_ep: 510
    Finding equilibrium with integration (dur=10)...
    Random state position after get_ep: 391
INIT WC (SPARSE): sum=-818.0000000000, abssum=4088.0788000000, nnz=2047
INIT bC: sum=0.0000000000, abssum=0.0000000000
    Finding equilibrium with integration (dur=10)...
    Random state position after get_ep: 424
    Finding equilibrium with integration (dur=10)...
    Random state position after get_ep: 105
    Finding equilibrium with integration (dur=10)...
    Random state position after get_ep: 606
    Finding equilibrium with integration (dur=10)...
    Random state position after get_ep: 207
    Finding equilibrium with integration (dur=10)...
    Random state position after get_ep: 468
[0870]   15.465 | 0.750 0.000 0.250 0.000 0.000 | 1.000 | 0.480 0.000
    TIMING: total=2.8s | estimate_prob=2.4s (85%) | cost_grad=0.0s (0%) | other=0.4s
INIT WC (SPARSE): sum=-818.0000000000, abssum=4087.9544000000, nnz=2047
INIT bC: sum=0.0000000000, abssum=0.0000000000
    Finding equilibrium with integration (dur=10)...
    Random state position after get_ep: 85
    Finding equilibrium with integration (dur=10)...
    Random state position after get_ep: 338
    Finding equilibrium with integration (dur=10)...
    Random state position after get_ep: 575
    Finding equilibrium with integration (dur=10)...
    Random state position after get_ep: 512
    Finding equilibrium with integration (dur=10)...
    Random state position after get_ep: 365
INIT WC (SPARSE): sum=-818.0000000000, abssum=4088.3300000000, nnz=2047
INIT bC: sum=0.0000000000, abssum=0.0000000000
    Finding equilibrium with integration (dur=10)...
    Random state position after get_ep: 286
    Finding equilibrium with integration (dur=10)...
    Random state position after get_ep: 219
    Finding equilibrium with integration (dur=10)...
    Random state position after get_ep: 444
    Finding equilibrium with integration (dur=10)...
    Random state position after get_ep: 9
    Finding equilibrium with integration (dur=10)...
    Random state position after get_ep: 58
[0880]   17.368 | 0.750 0.000 0.000 0.250 0.000 | 1.000 | 0.406 0.000
    TIMING: total=2.9s | estimate_prob=2.4s (86%) | cost_grad=0.0s (0%) | other=0.4s
INIT WC (SPARSE): sum=-818.0000000000, abssum=4088.0056000000, nnz=2047
INIT bC: sum=0.0000000000, abssum=0.0000000000
    Finding equilibrium with integration (dur=10)...
    Random state position after get_ep: 619
    Finding equilibrium with integration (dur=10)...
    Random state position after get_ep: 68
    Finding equilibrium with integration (dur=10)...
    Random state position after get_ep: 45
    Finding equilibrium with integration (dur=10)...
    Random state position after get_ep: 322
    Finding equilibrium with integration (dur=10)...
    Random state position after get_ep: 615
INIT WC (SPARSE): sum=-818.0000000000, abssum=4087.7812000000, nnz=2047
INIT bC: sum=0.0000000000, abssum=0.0000000000
    Finding equilibrium with integration (dur=10)...
    Random state position after get_ep: 368
    Finding equilibrium with integration (dur=10)...
    Random state position after get_ep: 565
    Finding equilibrium with integration (dur=10)...
    Random state position after get_ep: 419
    Finding equilibrium with integration (dur=10)...
    Random state position after get_ep: 208
    Finding equilibrium with integration (dur=10)...
    Random state position after get_ep: 150
[0890]   12.935 | 0.000 0.250 0.500 0.250 0.000 | 1.000 | 0.454 0.000
    TIMING: total=2.9s | estimate_prob=2.5s (86%) | cost_grad=0.0s (0%) | other=0.4s
INIT WC (SPARSE): sum=-818.0000000000, abssum=4088.6568000000, nnz=2047
INIT bC: sum=0.0000000000, abssum=0.0000000000
    Finding equilibrium with integration (dur=10)...
    Random state position after get_ep: 171
    Finding equilibrium with integration (dur=10)...
    Random state position after get_ep: 320
    Finding equilibrium with integration (dur=10)...
    Random state position after get_ep: 37
    Finding equilibrium with integration (dur=10)...
    Random state position after get_ep: 494
    Finding equilibrium with integration (dur=10)...
    Random state position after get_ep: 215
INIT WC (SPARSE): sum=-818.0000000000, abssum=4089.0324000000, nnz=2049
INIT bC: sum=0.0000000000, abssum=0.0000000000
    Finding equilibrium with integration (dur=10)...
    Random state position after get_ep: 500
    Finding equilibrium with integration (dur=10)...
    Random state position after get_ep: 325
    Finding equilibrium with integration (dur=10)...
    Random state position after get_ep: 466
    Finding equilibrium with integration (dur=10)...
    Random state position after get_ep: 419
    Finding equilibrium with integration (dur=10)...
    Random state position after get_ep: 624
[0900]   11.035 | 0.500 0.500 0.000 0.000 0.000 | 1.000 | 0.296 0.000
    TIMING: total=2.9s | estimate_prob=2.4s (85%) | cost_grad=0.0s (0%) | other=0.4s
INIT WC (SPARSE): sum=-818.0000000000, abssum=4089.3080000000, nnz=2049
INIT bC: sum=0.0000000000, abssum=0.0000000000
    [Epoch 901] GRADIENT DIAG (SPARSE): trees=5, positions=250, val_sum=-0.000000
      grad_dict: 187 unique positions, 187 non-zero values, sum=-0.000000
      SPARSE dWC: nnz=187, sum=-0.000000
      Gradient targets: 187 existing WC positions (grad_sum=34.9696)
                        0 NEW positions (grad_sum=0.0000)
      Current WC nnz: 2049
    Finding equilibrium with integration (dur=10)...
    Random state position after get_ep: 421
    Finding equilibrium with integration (dur=10)...
    Random state position after get_ep: 394
    Finding equilibrium with integration (dur=10)...
    Random state position after get_ep: 371
    Finding equilibrium with integration (dur=10)...
    Random state position after get_ep: 124
    Finding equilibrium with integration (dur=10)...
    Random state position after get_ep: 453
INIT WC (SPARSE): sum=-818.0000000000, abssum=4089.1836000000, nnz=2049
INIT bC: sum=0.0000000000, abssum=0.0000000000
    Finding equilibrium with integration (dur=10)...
    Random state position after get_ep: 514
    Finding equilibrium with integration (dur=10)...
    Random state position after get_ep: 467
    Finding equilibrium with integration (dur=10)...
    Random state position after get_ep: 212
    Finding equilibrium with integration (dur=10)...
    Random state position after get_ep: 197
    Finding equilibrium with integration (dur=10)...
    Random state position after get_ep: 178
[0910]    7.445 | 0.250 0.250 0.000 0.500 0.000 | 1.000 | 0.381 0.000
    TIMING: total=2.8s | estimate_prob=2.4s (86%) | cost_grad=0.0s (0%) | other=0.4s
INIT WC (SPARSE): sum=-818.0000000000, abssum=4089.2592000000, nnz=2053
INIT bC: sum=0.0000000000, abssum=0.0000000000
    Finding equilibrium with integration (dur=10)...
    Random state position after get_ep: 519
    Finding equilibrium with integration (dur=10)...
    Random state position after get_ep: 360
    Finding equilibrium with integration (dur=10)...
    Random state position after get_ep: 621
    Finding equilibrium with integration (dur=10)...
    Random state position after get_ep: 298
    Finding equilibrium with integration (dur=10)...
    Random state position after get_ep: 331
INIT WC (SPARSE): sum=-818.0000000000, abssum=4089.6348000000, nnz=2053
INIT bC: sum=0.0000000000, abssum=0.0000000000
    Finding equilibrium with integration (dur=10)...
    Random state position after get_ep: 432
    Finding equilibrium with integration (dur=10)...
    Random state position after get_ep: 353
    Finding equilibrium with integration (dur=10)...
    Random state position after get_ep: 286
    Finding equilibrium with integration (dur=10)...
    Random state position after get_ep: 603
    Finding equilibrium with integration (dur=10)...
    Random state position after get_ep: 220
[0920]   17.663 | 0.250 0.000 0.000 0.500 0.000 | 0.750 | 0.579 0.000
    TIMING: total=2.8s | estimate_prob=2.4s (86%) | cost_grad=0.0s (0%) | other=0.4s
INIT WC (SPARSE): sum=-818.0000000000, abssum=4089.8104000000, nnz=2053
INIT bC: sum=0.0000000000, abssum=0.0000000000
    Finding equilibrium with integration (dur=10)...
    Random state position after get_ep: 569
    Finding equilibrium with integration (dur=10)...
    Random state position after get_ep: 362
    Finding equilibrium with integration (dur=10)...
    Random state position after get_ep: 463
    Finding equilibrium with integration (dur=10)...
    Random state position after get_ep: 260
    Finding equilibrium with integration (dur=10)...
    Random state position after get_ep: 385
INIT WC (SPARSE): sum=-818.0000000000, abssum=4089.7860000000, nnz=2053
INIT bC: sum=0.0000000000, abssum=0.0000000000
    Finding equilibrium with integration (dur=10)...
    Random state position after get_ep: 522
    Finding equilibrium with integration (dur=10)...
    Random state position after get_ep: 99
    Finding equilibrium with integration (dur=10)...
    Random state position after get_ep: 192
    Finding equilibrium with integration (dur=10)...
    Random state position after get_ep: 609
    Finding equilibrium with integration (dur=10)...
    Random state position after get_ep: 150
[0930]    3.901 | 0.250 0.250 0.250 0.000 0.250 | 1.000 | 0.198 0.000
    TIMING: total=2.8s | estimate_prob=2.4s (86%) | cost_grad=0.0s (0%) | other=0.4s
INIT WC (SPARSE): sum=-818.0000000000, abssum=4090.2616000000, nnz=2053
INIT bC: sum=0.0000000000, abssum=0.0000000000
    Finding equilibrium with integration (dur=10)...
    Random state position after get_ep: 75
    Finding equilibrium with integration (dur=10)...
    Random state position after get_ep: 400
    Finding equilibrium with integration (dur=10)...
    Random state position after get_ep: 129
    Finding equilibrium with integration (dur=10)...
    Random state position after get_ep: 422
    Finding equilibrium with integration (dur=10)...
    Random state position after get_ep: 3
INIT WC (SPARSE): sum=-818.0000000000, abssum=4090.4372000000, nnz=2053
INIT bC: sum=0.0000000000, abssum=0.0000000000
    Finding equilibrium with integration (dur=10)...
    Random state position after get_ep: 484
    Finding equilibrium with integration (dur=10)...
    Random state position after get_ep: 257
    Finding equilibrium with integration (dur=10)...
    Random state position after get_ep: 595
    Finding equilibrium with integration (dur=10)...
    Random state position after get_ep: 136
    Finding equilibrium with integration (dur=10)...
    Random state position after get_ep: 129
[0940]   26.989 | 0.000 0.000 1.000 0.000 0.000 | 1.000 | 0.823 0.000
    TIMING: total=2.8s | estimate_prob=2.4s (86%) | cost_grad=0.0s (0%) | other=0.4s
INIT WC (SPARSE): sum=-818.0000000000, abssum=4090.2128000000, nnz=2053
INIT bC: sum=0.0000000000, abssum=0.0000000000
    Finding equilibrium with integration (dur=10)...
    Random state position after get_ep: 234
    Finding equilibrium with integration (dur=10)...
    Random state position after get_ep: 251
    Finding equilibrium with integration (dur=10)...
    Random state position after get_ep: 164
    Finding equilibrium with integration (dur=10)...
    Random state position after get_ep: 165
    Finding equilibrium with integration (dur=10)...
    Random state position after get_ep: 338
INIT WC (SPARSE): sum=-818.0000000000, abssum=4090.4884000000, nnz=2055
INIT bC: sum=0.0000000000, abssum=0.0000000000
    Finding equilibrium with integration (dur=10)...
    Random state position after get_ep: 179
    Finding equilibrium with integration (dur=10)...
    Random state position after get_ep: 120
    Finding equilibrium with integration (dur=10)...
    Random state position after get_ep: 369
    Finding equilibrium with integration (dur=10)...
    Random state position after get_ep: 222
    Finding equilibrium with integration (dur=10)...
    Random state position after get_ep: 91
[0950]   21.228 | 1.000 0.000 0.000 0.000 0.000 | 1.000 | 0.656 0.000
    TIMING: total=2.8s | estimate_prob=2.4s (86%) | cost_grad=0.0s (0%) | other=0.4s
INIT WC (SPARSE): sum=-818.0000000000, abssum=4090.5640000000, nnz=2055
INIT bC: sum=0.0000000000, abssum=0.0000000000
    Finding equilibrium with integration (dur=10)...
    Random state position after get_ep: 492
    Finding equilibrium with integration (dur=10)...
    Random state position after get_ep: 453
    Finding equilibrium with integration (dur=10)...
    Random state position after get_ep: 526
    Finding equilibrium with integration (dur=10)...
    Random state position after get_ep: 251
    Finding equilibrium with integration (dur=10)...
    Random state position after get_ep: 572
INIT WC (SPARSE): sum=-818.0000000000, abssum=4090.8396000000, nnz=2055
INIT bC: sum=0.0000000000, abssum=0.0000000000
    Finding equilibrium with integration (dur=10)...
    Random state position after get_ep: 553
    Finding equilibrium with integration (dur=10)...
    Random state position after get_ep: 102
    Finding equilibrium with integration (dur=10)...
    Random state position after get_ep: 439
    Finding equilibrium with integration (dur=10)...
    Random state position after get_ep: 188
    Finding equilibrium with integration (dur=10)...
    Random state position after get_ep: 165
[0960]   15.465 | 0.750 0.000 0.250 0.000 0.000 | 1.000 | 0.480 0.000
    TIMING: total=2.8s | estimate_prob=2.4s (86%) | cost_grad=0.0s (0%) | other=0.4s
INIT WC (SPARSE): sum=-818.0000000000, abssum=4090.5152000000, nnz=2055
INIT bC: sum=0.0000000000, abssum=0.0000000000
    Finding equilibrium with integration (dur=10)...
    Random state position after get_ep: 202
    Finding equilibrium with integration (dur=10)...
    Random state position after get_ep: 123
    Finding equilibrium with integration (dur=10)...
    Random state position after get_ep: 68
    Finding equilibrium with integration (dur=10)...
    Random state position after get_ep: 317
    Finding equilibrium with integration (dur=10)...
    Random state position after get_ep: 406
INIT WC (SPARSE): sum=-818.0000000000, abssum=4091.0908000000, nnz=2057
INIT bC: sum=0.0000000000, abssum=0.0000000000
    Finding equilibrium with integration (dur=10)...
    Random state position after get_ep: 24
    Finding equilibrium with integration (dur=10)...
    Random state position after get_ep: 585
    Finding equilibrium with integration (dur=10)...
    Random state position after get_ep: 50
    Finding equilibrium with integration (dur=10)...
    Random state position after get_ep: 503
    Finding equilibrium with integration (dur=10)...
    Random state position after get_ep: 120
[0970]   15.482 | 0.500 0.000 0.500 0.000 0.000 | 1.000 | 0.480 0.000
    TIMING: total=2.9s | estimate_prob=2.5s (86%) | cost_grad=0.0s (0%) | other=0.4s
INIT WC (SPARSE): sum=-818.0000000000, abssum=4090.7664000000, nnz=2057
INIT bC: sum=0.0000000000, abssum=0.0000000000
    Finding equilibrium with integration (dur=10)...
    Random state position after get_ep: 553
    Finding equilibrium with integration (dur=10)...
    Random state position after get_ep: 410
    Finding equilibrium with integration (dur=10)...
    Random state position after get_ep: 143
    Finding equilibrium with integration (dur=10)...
    Random state position after get_ep: 344
    Finding equilibrium with integration (dur=10)...
    Random state position after get_ep: 145
INIT WC (SPARSE): sum=-818.0000000000, abssum=4091.3420000000, nnz=2057
INIT bC: sum=0.0000000000, abssum=0.0000000000
    Finding equilibrium with integration (dur=10)...
    Random state position after get_ep: 550
    Finding equilibrium with integration (dur=10)...
    Random state position after get_ep: 367
    Finding equilibrium with integration (dur=10)...
    Random state position after get_ep: 596
    Finding equilibrium with integration (dur=10)...
    Random state position after get_ep: 533
    Finding equilibrium with integration (dur=10)...
    Random state position after get_ep: 362
[0980]   11.646 | 0.500 0.000 0.250 0.250 0.000 | 1.000 | 0.360 0.000
    TIMING: total=2.8s | estimate_prob=2.4s (86%) | cost_grad=0.0s (0%) | other=0.4s
INIT WC (SPARSE): sum=-818.0000000000, abssum=4091.0176000000, nnz=2057
INIT bC: sum=0.0000000000, abssum=0.0000000000
    Finding equilibrium with integration (dur=10)...
    Random state position after get_ep: 523
    Finding equilibrium with integration (dur=10)...
    Random state position after get_ep: 4
    Finding equilibrium with integration (dur=10)...
    Random state position after get_ep: 354
    Finding equilibrium with integration (dur=10)...
    Random state position after get_ep: 387
    Finding equilibrium with integration (dur=10)...
    Random state position after get_ep: 484
INIT WC (SPARSE): sum=-818.0000000000, abssum=4091.3932000000, nnz=2057
INIT bC: sum=0.0000000000, abssum=0.0000000000
    Finding equilibrium with integration (dur=10)...
    Random state position after get_ep: 357
    Finding equilibrium with integration (dur=10)...
    Random state position after get_ep: 114
    Finding equilibrium with integration (dur=10)...
    Random state position after get_ep: 27
    Finding equilibrium with integration (dur=10)...
    Random state position after get_ep: 204
    Finding equilibrium with integration (dur=10)...
    Random state position after get_ep: 189
[0990]   23.153 | 0.000 0.000 0.500 0.250 0.000 | 0.750 | 0.454 0.000
    TIMING: total=2.8s | estimate_prob=2.4s (86%) | cost_grad=0.0s (0%) | other=0.4s
INIT WC (SPARSE): sum=-818.0000000000, abssum=4091.1688000000, nnz=2057
INIT bC: sum=0.0000000000, abssum=0.0000000000
    Finding equilibrium with integration (dur=10)...
    Random state position after get_ep: 482
    Finding equilibrium with integration (dur=10)...
    Random state position after get_ep: 435
    Finding equilibrium with integration (dur=10)...
    Random state position after get_ep: 432
    Finding equilibrium with integration (dur=10)...
    Random state position after get_ep: 589
    Finding equilibrium with integration (dur=10)...
    Random state position after get_ep: 430
INIT WC (SPARSE): sum=-818.0000000000, abssum=4091.6444000000, nnz=2057
INIT bC: sum=0.0000000000, abssum=0.0000000000
    Finding equilibrium with integration (dur=10)...
    Random state position after get_ep: 407
    Finding equilibrium with integration (dur=10)...
    Random state position after get_ep: 32
    Finding equilibrium with integration (dur=10)...
    Random state position after get_ep: 429
    Finding equilibrium with integration (dur=10)...
    Random state position after get_ep: 566
    Finding equilibrium with integration (dur=10)...
    Random state position after get_ep: 539
[1000]   19.706 | 0.500 0.000 0.000 0.000 0.500 | 1.000 | 0.448 0.000
    TIMING: total=2.8s | estimate_prob=2.4s (86%) | cost_grad=0.0s (0%) | other=0.4s

======================================================================
Training complete!

========================================
=== WC Statistics AFTER Training ===
  WC type: sparse, nnz=2057
  WC sum: -818.000000
  WC diagonal sum: -2338.000000
  WC max: 5.935000, min: -10.000000
========================================
Final KL divergence: 16.226 (SD = 6.323)
Final production accuracy: 0.965 (SD = 0.094)

Final learned probabilities Q(S):
Sentence 0: Q = 0.340
Sentence 1: Q = 0.292
Sentence 2: Q = 0.175
Sentence 3: Q = 0.120
Sentence 4: Q = 0.037

======================================================================
DEBUG: Analyzing model structure for sparse vs dense comparison
======================================================================

======================================================================
DEBUG: WC Structure Analysis
======================================================================
  WC type: sparse
  WC nnz: 2,057
  WC sparsity: 98.7459%
  WC sum: -818.000000
  WC max: 5.935000, min: -10.000000

  Checking treelet weights:
    PP[1]:1 <-> P:0: Found 2 non-zero weights
      PP[1]:1/(1,1) <-> PP[1]:1/(1,1): -10.0000
      PP[1]:1/(1,2) <-> PP[1]:1/(1,2): -10.0000
    VP[1]:1 <-> *Vi:0: NO WEIGHTS FOUND!
    S[2]:0 <-> *N:0: NO WEIGHTS FOUND!
    *Vi:0 <-> Vi:0: NO WEIGHTS FOUND!
    *N:0 <-> N:0: NO WEIGHTS FOUND!

  Checking binding connectivity:
    P:0/(1,3) (idx=66): row_nnz=4, col_nnz=4, row_sum=-2.9100
    N:1/(1,4) (idx=91): row_nnz=5, col_nnz=5, row_sum=-3.8100
    PP[1]:1/(2,3) (idx=202): row_nnz=25, col_nnz=25, row_sum=5.2250
    VP[1]:1/(3,2) (idx=288): row_nnz=19, col_nnz=19, row_sum=-2.0250

  mask0 nnz: 36,450
======================================================================


======================================================================
DEBUG: Detailed parsing of 'N Vi P N' (S1)
======================================================================
Target bindings for S1: ['N:0/(1,1)', 'Vi:0/(1,2)', 'P:0/(1,3)', 'N:1/(1,4)', '@:1/(1,5)', '*N:0/(2,1)', '*Vi:0/(2,2)', 'PP[1]:1/(2,3)', '*@:1/(2,4)', '*N:0/(3,1)', 'VP[1]:1/(3,2)', '*@:1/(3,3)', 'S[2]:0/(4,1)', '*@:1/(4,2)', '#:0/(5,1)']

======================================================================
DEBUG: Parsing 'N Vi P N'
======================================================================
  WC type: sparse

  Word 1: N

  DEBUG run_word(N, pos=1):
    extC sum=4.0000, max=2.0000, nnz=2
    WC is sparse, nnz=2057
    WC.dot(actC): sum=-59.8919, max=2.5760
    Input bindings: ['N:0/(1,1)', 'N:1/(1,1)']
    After run: top 5 activations: [('N:0/(1,1)', np.float64(0.7361886365480563)), ('*N:0/(2,1)', np.float64(0.7228999895200318)), ('*@:1/(2,4)', np.float64(0.5262309186045874)), ('*N:0/(3,1)', np.float64(0.5059021418291663)), ('*N:0/(4,1)', np.float64(0.4519859044261606))]

  Word 2: Vi

  DEBUG run_word(Vi, pos=2):
    extC sum=4.0000, max=2.0000, nnz=2
    WC is sparse, nnz=2057
    WC.dot(actC): sum=-56.6855, max=3.6357
    Input bindings: ['Vi:0/(1,2)', 'Vi:1/(1,2)']
    After run: top 5 activations: [('N:0/(1,1)', np.float64(0.7178295985259059)), ('*@:1/(2,4)', np.float64(0.6371534957879024)), ('Vi:0/(1,2)', np.float64(0.6306730508363533)), ('Vi:1/(1,2)', np.float64(0.6158876985841547)), ('S[1]:0/(2,1)', np.float64(0.6148876420975236))]

  Word 3: P

  DEBUG run_word(P, pos=3):
    extC sum=2.0000, max=2.0000, nnz=1
    WC is sparse, nnz=2057
    WC.dot(actC): sum=-36.6306, max=3.0831
    Input bindings: ['P:0/(1,3)']
    After run: top 5 activations: [('*@:1/(2,4)', np.float64(0.8393359243849758)), ('PP[1]:1/(2,3)', np.float64(0.8164666598696234)), ('P:0/(1,3)', np.float64(0.8155045891670593)), ('*@:1/(3,3)', np.float64(0.7753945582994403)), ('#:0/(5,1)', np.float64(0.7669386326604901))]

  Word 4: N

  DEBUG run_word(N, pos=4):
    extC sum=4.0000, max=2.0000, nnz=2
    WC is sparse, nnz=2057
    WC.dot(actC): sum=-28.9089, max=3.6480
    Input bindings: ['N:0/(1,4)', 'N:1/(1,4)']
    After run: top 5 activations: [('#:0/(5,1)', np.float64(0.9008525041990988)), ('*@:1/(2,4)', np.float64(0.8959128449533549)), ('Vi:0/(1,2)', np.float64(0.8930196199717387)), ('PP[1]:1/(2,3)', np.float64(0.8919214042875058)), ('*@:1/(3,3)', np.float64(0.8825776005968141))]

  Wrapup:

  Final parse (grid point): ['N:0/(1,1)', 'Vi:0/(1,2)', 'P:0/(1,3)', 'N:1/(1,4)', '@:1/(1,5)', '*N:0/(2,1)', '*Vi:0/(2,2)', 'PP[1]:1/(2,3)', '*@:1/(2,4)', '*N:0/(3,1)']...
  ✓ CORRECT PARSE!
======================================================================


======================================================================
Generating training plots (Figure 11)...
Note: plot_train_result() will display 3 separate plots
======================================================================

======================================================================
Testing parsing accuracy (Figure 12)...
======================================================================
Sentence 0 ACC = 1.000 (N Vi)
Sentence 1 ACC = 1.000 (N Vi P N)
Sentence 2 ACC = 1.000 (N BE Vpp)
Sentence 3 ACC = 1.000 (N BE Vpp P N)
Sentence 4 ACC = 0.500 (N Vpp P N Vi)
Commitment t= 1: Overall accuracy = 0.900
  S0 (N Vi): 1.000
  S1 (N Vi P N): 1.000
  S2 (N BE Vpp): 1.000
  S3 (N BE Vpp P N): 1.000
  S4 (N Vpp P N Vi): 0.500
Sentence 0 ACC = 0.900 (N Vi)
Sentence 1 ACC = 1.000 (N Vi P N)
Sentence 2 ACC = 1.000 (N BE Vpp)
Sentence 3 ACC = 1.000 (N BE Vpp P N)
Sentence 4 ACC = 0.800 (N Vpp P N Vi)
Commitment t= 2: Overall accuracy = 0.940
  S0 (N Vi): 0.900
  S1 (N Vi P N): 1.000
  S2 (N BE Vpp): 1.000
  S3 (N BE Vpp P N): 1.000
  S4 (N Vpp P N Vi): 0.800
Sentence 0 ACC = 1.000 (N Vi)
Sentence 1 ACC = 1.000 (N Vi P N)
Sentence 2 ACC = 1.000 (N BE Vpp)
Sentence 3 ACC = 1.000 (N BE Vpp P N)
Sentence 4 ACC = 0.700 (N Vpp P N Vi)
Commitment t= 3: Overall accuracy = 0.940
  S0 (N Vi): 1.000
  S1 (N Vi P N): 1.000
  S2 (N BE Vpp): 1.000
  S3 (N BE Vpp P N): 1.000
  S4 (N Vpp P N Vi): 0.700
Sentence 0 ACC = 1.000 (N Vi)
Sentence 1 ACC = 1.000 (N Vi P N)
Sentence 2 ACC = 1.000 (N BE Vpp)
Sentence 3 ACC = 1.000 (N BE Vpp P N)
Sentence 4 ACC = 0.600 (N Vpp P N Vi)
Commitment t= 4: Overall accuracy = 0.920
  S0 (N Vi): 1.000
  S1 (N Vi P N): 1.000
  S2 (N BE Vpp): 1.000
  S3 (N BE Vpp P N): 1.000
  S4 (N Vpp P N Vi): 0.600
Sentence 0 ACC = 1.000 (N Vi)
Sentence 1 ACC = 1.000 (N Vi P N)
Sentence 2 ACC = 1.000 (N BE Vpp)
Sentence 3 ACC = 0.300 (N BE Vpp P N)
Sentence 4 ACC = 0.100 (N Vpp P N Vi)
Commitment t= 5: Overall accuracy = 0.680
  S0 (N Vi): 1.000
  S1 (N Vi P N): 1.000
  S2 (N BE Vpp): 1.000
  S3 (N BE Vpp P N): 0.300
  S4 (N Vpp P N Vi): 0.100
Sentence 0 ACC = 1.000 (N Vi)
Sentence 1 ACC = 1.000 (N Vi P N)
Sentence 2 ACC = 1.000 (N BE Vpp)
Sentence 3 ACC = 0.100 (N BE Vpp P N)
Sentence 4 ACC = 0.100 (N Vpp P N Vi)
Commitment t= 6: Overall accuracy = 0.640
  S0 (N Vi): 1.000
  S1 (N Vi P N): 1.000
  S2 (N BE Vpp): 1.000
  S3 (N BE Vpp P N): 0.100
  S4 (N Vpp P N Vi): 0.100
Sentence 0 ACC = 1.000 (N Vi)
Sentence 1 ACC = 1.000 (N Vi P N)
Sentence 2 ACC = 1.000 (N BE Vpp)
Sentence 3 ACC = 0.000 (N BE Vpp P N)
Sentence 4 ACC = 0.000 (N Vpp P N Vi)
Commitment t= 7: Overall accuracy = 0.600
  S0 (N Vi): 1.000
  S1 (N Vi P N): 1.000
  S2 (N BE Vpp): 1.000
  S3 (N BE Vpp P N): 0.000
  S4 (N Vpp P N Vi): 0.000
Sentence 0 ACC = 1.000 (N Vi)
Sentence 1 ACC = 1.000 (N Vi P N)
Sentence 2 ACC = 1.000 (N BE Vpp)
Sentence 3 ACC = 0.200 (N BE Vpp P N)
Sentence 4 ACC = 0.000 (N Vpp P N Vi)
Commitment t= 8: Overall accuracy = 0.640
  S0 (N Vi): 1.000
  S1 (N Vi P N): 1.000
  S2 (N BE Vpp): 1.000
  S3 (N BE Vpp P N): 0.200
  S4 (N Vpp P N Vi): 0.000
Sentence 0 ACC = 1.000 (N Vi)
Sentence 1 ACC = 1.000 (N Vi P N)
Sentence 2 ACC = 1.000 (N BE Vpp)
Sentence 3 ACC = 0.000 (N BE Vpp P N)
Sentence 4 ACC = 0.000 (N Vpp P N Vi)
Commitment t= 9: Overall accuracy = 0.600
  S0 (N Vi): 1.000
  S1 (N Vi P N): 1.000
  S2 (N BE Vpp): 1.000
  S3 (N BE Vpp P N): 0.000
  S4 (N Vpp P N Vi): 0.000
Sentence 0 ACC = 1.000 (N Vi)
Sentence 1 ACC = 1.000 (N Vi P N)
Sentence 2 ACC = 1.000 (N BE Vpp)
Sentence 3 ACC = 0.000 (N BE Vpp P N)
Sentence 4 ACC = 0.000 (N Vpp P N Vi)
Commitment t=10: Overall accuracy = 0.600
  S0 (N Vi): 1.000
  S1 (N Vi P N): 1.000
  S2 (N BE Vpp): 1.000
  S3 (N BE Vpp P N): 0.000
  S4 (N Vpp P N Vi): 0.000
Sentence 0 ACC = 1.000 (N Vi)
Sentence 1 ACC = 0.800 (N Vi P N)
Sentence 2 ACC = 1.000 (N BE Vpp)
Sentence 3 ACC = 0.000 (N BE Vpp P N)
Sentence 4 ACC = 0.000 (N Vpp P N Vi)
Commitment t=11: Overall accuracy = 0.560
  S0 (N Vi): 1.000
  S1 (N Vi P N): 0.800
  S2 (N BE Vpp): 1.000
  S3 (N BE Vpp P N): 0.000
  S4 (N Vpp P N Vi): 0.000
Sentence 0 ACC = 1.000 (N Vi)
Sentence 1 ACC = 1.000 (N Vi P N)
Sentence 2 ACC = 1.000 (N BE Vpp)
Sentence 3 ACC = 0.200 (N BE Vpp P N)
Sentence 4 ACC = 0.000 (N Vpp P N Vi)
Commitment t=12: Overall accuracy = 0.640
  S0 (N Vi): 1.000
  S1 (N Vi P N): 1.000
  S2 (N BE Vpp): 1.000
  S3 (N BE Vpp P N): 0.200
  S4 (N Vpp P N Vi): 0.000

======================================================================
Generating treelet activation trajectories for each sentence type...
======================================================================

=== CORPUS SENTENCE ORDER ===
S0: N Vi
S1: N Vi P N
S2: N BE Vpp
S3: N BE Vpp P N
S4: N Vpp P N Vi
======================================================================

Generating plots for Sentence 0: N Vi
rules are [{'m': 'NP[1]:0', 'd1': '*N:0', 'd2': 'RC[1]:1', 'p': np.float64(1.0)}, {'m': 'PP[1]:1', 'd1': 'P:0', 'd2': 'N:1', 'p': np.float64(1.0)}, {'m': 'RC[1]:1', 'd1': '*Vpp:0', 'd2': 'PP[1]:1', 'p': np.float64(1.0)}, {'m': 'S[1]:0', 'd1': 'N:0', 'd2': 'Vi:1', 'p': np.float64(0.35)}, {'m': 'S[2]:0', 'd1': '*N:0', 'd2': 'VP[1]:1', 'p': np.float64(0.3)}, {'m': 'S[2]:0', 'd1': '*N:0', 'd2': 'VP[2]:1', 'p': np.float64(0.18)}, {'m': 'S[2]:0', 'd1': '*N:0', 'd2': 'VP[3]:1', 'p': np.float64(0.12)}, {'m': 'S[3]:0', 'd1': 'NP[1]:0', 'd2': '*Vi:1', 'p': np.float64(0.05)}, {'m': 'VP[1]:1', 'd1': '*Vi:0', 'd2': 'PP[1]:1', 'p': np.float64(0.5)}, {'m': 'VP[2]:1', 'd1': 'BE:0', 'd2': 'Vpp:1', 'p': np.float64(0.3)}, {'m': 'VP[3]:1', 'd1': '*BE:0', 'd2': 'VPpp[1]:1', 'p': np.float64(0.2)}, {'m': 'VPpp[1]:1', 'd1': '*Vpp:0', 'd2': 'PP[1]:1', 'p': np.float64(1.0)}, {'m': '*@:1', 'd1': None, 'd2': '@:1', 'p': None}, {'m': '*@:1', 'd1': None, 'd2': '*@:1', 'p': None}, {'m': '*BE:0', 'd1': 'BE:0', 'd2': None, 'p': None}, {'m': '*BE:0', 'd1': '*BE:0', 'd2': None, 'p': None}, {'m': '*N:0', 'd1': 'N:0', 'd2': None, 'p': None}, {'m': '*N:0', 'd1': '*N:0', 'd2': None, 'p': None}, {'m': '*Vi:0', 'd1': 'Vi:0', 'd2': None, 'p': None}, {'m': '*Vi:0', 'd1': '*Vi:0', 'd2': None, 'p': None}, {'m': '*Vi:1', 'd1': None, 'd2': 'Vi:1', 'p': None}, {'m': '*Vi:1', 'd1': None, 'd2': '*Vi:1', 'p': None}, {'m': '*Vpp:0', 'd1': 'Vpp:0', 'd2': None, 'p': None}, {'m': '*Vpp:0', 'd1': '*Vpp:0', 'd2': None, 'p': None}, {'m': '#:0', 'd1': 'S[1]:0', 'd2': '*@:1', 'p': None}, {'m': '#:0', 'd1': 'S[2]:0', 'd2': '*@:1', 'p': None}, {'m': '#:0', 'd1': 'S[3]:0', 'd2': '*@:1', 'p': None}]
labs are ['NP[1](*N,RC[1])', 'PP[1](P,N)', 'RC[1](*Vpp,PP[1])', 'S[1](N,Vi)', 'S[2](*N,VP[1])', 'S[2](*N,VP[2])', 'S[2](*N,VP[3])', 'S[3](NP[1],*Vi)', 'VP[1](*Vi,PP[1])', 'VP[2](BE,Vpp)', 'VP[3](*BE,VPpp[1])', 'VPpp[1](*Vpp,PP[1])', '*@(,@)', '*@(,*@)', '*BE(BE,)', '*BE(*BE,)', '*N(N,)', '*N(*N,)', '*Vi(Vi,)', '*Vi(*Vi,)', '*Vi(,Vi)', '*Vi(,*Vi)', '*Vpp(Vpp,)', '*Vpp(*Vpp,)', '#(S[1],*@)', '#(S[2],*@)', '#(S[3],*@)']
focus_idx is [ 3 16 20 17]
labs_focus is ['S[1](N,Vi)', '*N(N,)', '*Vi(,Vi)', '*N(*N,)']
rules are [{'m': 'NP[1]:0', 'd1': '*N:0', 'd2': 'RC[1]:1', 'p': np.float64(1.0)}, {'m': 'PP[1]:1', 'd1': 'P:0', 'd2': 'N:1', 'p': np.float64(1.0)}, {'m': 'RC[1]:1', 'd1': '*Vpp:0', 'd2': 'PP[1]:1', 'p': np.float64(1.0)}, {'m': 'S[1]:0', 'd1': 'N:0', 'd2': 'Vi:1', 'p': np.float64(0.35)}, {'m': 'S[2]:0', 'd1': '*N:0', 'd2': 'VP[1]:1', 'p': np.float64(0.3)}, {'m': 'S[2]:0', 'd1': '*N:0', 'd2': 'VP[2]:1', 'p': np.float64(0.18)}, {'m': 'S[2]:0', 'd1': '*N:0', 'd2': 'VP[3]:1', 'p': np.float64(0.12)}, {'m': 'S[3]:0', 'd1': 'NP[1]:0', 'd2': '*Vi:1', 'p': np.float64(0.05)}, {'m': 'VP[1]:1', 'd1': '*Vi:0', 'd2': 'PP[1]:1', 'p': np.float64(0.5)}, {'m': 'VP[2]:1', 'd1': 'BE:0', 'd2': 'Vpp:1', 'p': np.float64(0.3)}, {'m': 'VP[3]:1', 'd1': '*BE:0', 'd2': 'VPpp[1]:1', 'p': np.float64(0.2)}, {'m': 'VPpp[1]:1', 'd1': '*Vpp:0', 'd2': 'PP[1]:1', 'p': np.float64(1.0)}, {'m': '*@:1', 'd1': None, 'd2': '@:1', 'p': None}, {'m': '*@:1', 'd1': None, 'd2': '*@:1', 'p': None}, {'m': '*BE:0', 'd1': 'BE:0', 'd2': None, 'p': None}, {'m': '*BE:0', 'd1': '*BE:0', 'd2': None, 'p': None}, {'m': '*N:0', 'd1': 'N:0', 'd2': None, 'p': None}, {'m': '*N:0', 'd1': '*N:0', 'd2': None, 'p': None}, {'m': '*Vi:0', 'd1': 'Vi:0', 'd2': None, 'p': None}, {'m': '*Vi:0', 'd1': '*Vi:0', 'd2': None, 'p': None}, {'m': '*Vi:1', 'd1': None, 'd2': 'Vi:1', 'p': None}, {'m': '*Vi:1', 'd1': None, 'd2': '*Vi:1', 'p': None}, {'m': '*Vpp:0', 'd1': 'Vpp:0', 'd2': None, 'p': None}, {'m': '*Vpp:0', 'd1': '*Vpp:0', 'd2': None, 'p': None}, {'m': '#:0', 'd1': 'S[1]:0', 'd2': '*@:1', 'p': None}, {'m': '#:0', 'd1': 'S[2]:0', 'd2': '*@:1', 'p': None}, {'m': '#:0', 'd1': 'S[3]:0', 'd2': '*@:1', 'p': None}]
labs are ['NP[1](*N,RC[1])', 'PP[1](P,N)', 'RC[1](*Vpp,PP[1])', 'S[1](N,Vi)', 'S[2](*N,VP[1])', 'S[2](*N,VP[2])', 'S[2](*N,VP[3])', 'S[3](NP[1],*Vi)', 'VP[1](*Vi,PP[1])', 'VP[2](BE,Vpp)', 'VP[3](*BE,VPpp[1])', 'VPpp[1](*Vpp,PP[1])', '*@(,@)', '*@(,*@)', '*BE(BE,)', '*BE(*BE,)', '*N(N,)', '*N(*N,)', '*Vi(Vi,)', '*Vi(*Vi,)', '*Vi(,Vi)', '*Vi(,*Vi)', '*Vpp(Vpp,)', '*Vpp(*Vpp,)', '#(S[1],*@)', '#(S[2],*@)', '#(S[3],*@)']
focus_idx is [13 12 25 26]
labs_focus is ['*@(,*@)', '*@(,@)', '#(S[2],*@)', '#(S[3],*@)']

Generating plots for Sentence 1: N Vi P N
rules are [{'m': 'NP[1]:0', 'd1': '*N:0', 'd2': 'RC[1]:1', 'p': np.float64(1.0)}, {'m': 'PP[1]:1', 'd1': 'P:0', 'd2': 'N:1', 'p': np.float64(1.0)}, {'m': 'RC[1]:1', 'd1': '*Vpp:0', 'd2': 'PP[1]:1', 'p': np.float64(1.0)}, {'m': 'S[1]:0', 'd1': 'N:0', 'd2': 'Vi:1', 'p': np.float64(0.35)}, {'m': 'S[2]:0', 'd1': '*N:0', 'd2': 'VP[1]:1', 'p': np.float64(0.3)}, {'m': 'S[2]:0', 'd1': '*N:0', 'd2': 'VP[2]:1', 'p': np.float64(0.18)}, {'m': 'S[2]:0', 'd1': '*N:0', 'd2': 'VP[3]:1', 'p': np.float64(0.12)}, {'m': 'S[3]:0', 'd1': 'NP[1]:0', 'd2': '*Vi:1', 'p': np.float64(0.05)}, {'m': 'VP[1]:1', 'd1': '*Vi:0', 'd2': 'PP[1]:1', 'p': np.float64(0.5)}, {'m': 'VP[2]:1', 'd1': 'BE:0', 'd2': 'Vpp:1', 'p': np.float64(0.3)}, {'m': 'VP[3]:1', 'd1': '*BE:0', 'd2': 'VPpp[1]:1', 'p': np.float64(0.2)}, {'m': 'VPpp[1]:1', 'd1': '*Vpp:0', 'd2': 'PP[1]:1', 'p': np.float64(1.0)}, {'m': '*@:1', 'd1': None, 'd2': '@:1', 'p': None}, {'m': '*@:1', 'd1': None, 'd2': '*@:1', 'p': None}, {'m': '*BE:0', 'd1': 'BE:0', 'd2': None, 'p': None}, {'m': '*BE:0', 'd1': '*BE:0', 'd2': None, 'p': None}, {'m': '*N:0', 'd1': 'N:0', 'd2': None, 'p': None}, {'m': '*N:0', 'd1': '*N:0', 'd2': None, 'p': None}, {'m': '*Vi:0', 'd1': 'Vi:0', 'd2': None, 'p': None}, {'m': '*Vi:0', 'd1': '*Vi:0', 'd2': None, 'p': None}, {'m': '*Vi:1', 'd1': None, 'd2': 'Vi:1', 'p': None}, {'m': '*Vi:1', 'd1': None, 'd2': '*Vi:1', 'p': None}, {'m': '*Vpp:0', 'd1': 'Vpp:0', 'd2': None, 'p': None}, {'m': '*Vpp:0', 'd1': '*Vpp:0', 'd2': None, 'p': None}, {'m': '#:0', 'd1': 'S[1]:0', 'd2': '*@:1', 'p': None}, {'m': '#:0', 'd1': 'S[2]:0', 'd2': '*@:1', 'p': None}, {'m': '#:0', 'd1': 'S[3]:0', 'd2': '*@:1', 'p': None}]
labs are ['NP[1](*N,RC[1])', 'PP[1](P,N)', 'RC[1](*Vpp,PP[1])', 'S[1](N,Vi)', 'S[2](*N,VP[1])', 'S[2](*N,VP[2])', 'S[2](*N,VP[3])', 'S[3](NP[1],*Vi)', 'VP[1](*Vi,PP[1])', 'VP[2](BE,Vpp)', 'VP[3](*BE,VPpp[1])', 'VPpp[1](*Vpp,PP[1])', '*@(,@)', '*@(,*@)', '*BE(BE,)', '*BE(*BE,)', '*N(N,)', '*N(*N,)', '*Vi(Vi,)', '*Vi(*Vi,)', '*Vi(,Vi)', '*Vi(,*Vi)', '*Vpp(Vpp,)', '*Vpp(*Vpp,)', '#(S[1],*@)', '#(S[2],*@)', '#(S[3],*@)']
focus_idx is [16 17  3  4]
labs_focus is ['*N(N,)', '*N(*N,)', 'S[1](N,Vi)', 'S[2](*N,VP[1])']
rules are [{'m': 'NP[1]:0', 'd1': '*N:0', 'd2': 'RC[1]:1', 'p': np.float64(1.0)}, {'m': 'PP[1]:1', 'd1': 'P:0', 'd2': 'N:1', 'p': np.float64(1.0)}, {'m': 'RC[1]:1', 'd1': '*Vpp:0', 'd2': 'PP[1]:1', 'p': np.float64(1.0)}, {'m': 'S[1]:0', 'd1': 'N:0', 'd2': 'Vi:1', 'p': np.float64(0.35)}, {'m': 'S[2]:0', 'd1': '*N:0', 'd2': 'VP[1]:1', 'p': np.float64(0.3)}, {'m': 'S[2]:0', 'd1': '*N:0', 'd2': 'VP[2]:1', 'p': np.float64(0.18)}, {'m': 'S[2]:0', 'd1': '*N:0', 'd2': 'VP[3]:1', 'p': np.float64(0.12)}, {'m': 'S[3]:0', 'd1': 'NP[1]:0', 'd2': '*Vi:1', 'p': np.float64(0.05)}, {'m': 'VP[1]:1', 'd1': '*Vi:0', 'd2': 'PP[1]:1', 'p': np.float64(0.5)}, {'m': 'VP[2]:1', 'd1': 'BE:0', 'd2': 'Vpp:1', 'p': np.float64(0.3)}, {'m': 'VP[3]:1', 'd1': '*BE:0', 'd2': 'VPpp[1]:1', 'p': np.float64(0.2)}, {'m': 'VPpp[1]:1', 'd1': '*Vpp:0', 'd2': 'PP[1]:1', 'p': np.float64(1.0)}, {'m': '*@:1', 'd1': None, 'd2': '@:1', 'p': None}, {'m': '*@:1', 'd1': None, 'd2': '*@:1', 'p': None}, {'m': '*BE:0', 'd1': 'BE:0', 'd2': None, 'p': None}, {'m': '*BE:0', 'd1': '*BE:0', 'd2': None, 'p': None}, {'m': '*N:0', 'd1': 'N:0', 'd2': None, 'p': None}, {'m': '*N:0', 'd1': '*N:0', 'd2': None, 'p': None}, {'m': '*Vi:0', 'd1': 'Vi:0', 'd2': None, 'p': None}, {'m': '*Vi:0', 'd1': '*Vi:0', 'd2': None, 'p': None}, {'m': '*Vi:1', 'd1': None, 'd2': 'Vi:1', 'p': None}, {'m': '*Vi:1', 'd1': None, 'd2': '*Vi:1', 'p': None}, {'m': '*Vpp:0', 'd1': 'Vpp:0', 'd2': None, 'p': None}, {'m': '*Vpp:0', 'd1': '*Vpp:0', 'd2': None, 'p': None}, {'m': '#:0', 'd1': 'S[1]:0', 'd2': '*@:1', 'p': None}, {'m': '#:0', 'd1': 'S[2]:0', 'd2': '*@:1', 'p': None}, {'m': '#:0', 'd1': 'S[3]:0', 'd2': '*@:1', 'p': None}]
labs are ['NP[1](*N,RC[1])', 'PP[1](P,N)', 'RC[1](*Vpp,PP[1])', 'S[1](N,Vi)', 'S[2](*N,VP[1])', 'S[2](*N,VP[2])', 'S[2](*N,VP[3])', 'S[3](NP[1],*Vi)', 'VP[1](*Vi,PP[1])', 'VP[2](BE,Vpp)', 'VP[3](*BE,VPpp[1])', 'VPpp[1](*Vpp,PP[1])', '*@(,@)', '*@(,*@)', '*BE(BE,)', '*BE(*BE,)', '*N(N,)', '*N(*N,)', '*Vi(Vi,)', '*Vi(*Vi,)', '*Vi(,Vi)', '*Vi(,*Vi)', '*Vpp(Vpp,)', '*Vpp(*Vpp,)', '#(S[1],*@)', '#(S[2],*@)', '#(S[3],*@)']
focus_idx is [ 8 19 11  2]
labs_focus is ['VP[1](*Vi,PP[1])', '*Vi(*Vi,)', 'VPpp[1](*Vpp,PP[1])', 'RC[1](*Vpp,PP[1])']

Generating plots for Sentence 2: N BE Vpp
rules are [{'m': 'NP[1]:0', 'd1': '*N:0', 'd2': 'RC[1]:1', 'p': np.float64(1.0)}, {'m': 'PP[1]:1', 'd1': 'P:0', 'd2': 'N:1', 'p': np.float64(1.0)}, {'m': 'RC[1]:1', 'd1': '*Vpp:0', 'd2': 'PP[1]:1', 'p': np.float64(1.0)}, {'m': 'S[1]:0', 'd1': 'N:0', 'd2': 'Vi:1', 'p': np.float64(0.35)}, {'m': 'S[2]:0', 'd1': '*N:0', 'd2': 'VP[1]:1', 'p': np.float64(0.3)}, {'m': 'S[2]:0', 'd1': '*N:0', 'd2': 'VP[2]:1', 'p': np.float64(0.18)}, {'m': 'S[2]:0', 'd1': '*N:0', 'd2': 'VP[3]:1', 'p': np.float64(0.12)}, {'m': 'S[3]:0', 'd1': 'NP[1]:0', 'd2': '*Vi:1', 'p': np.float64(0.05)}, {'m': 'VP[1]:1', 'd1': '*Vi:0', 'd2': 'PP[1]:1', 'p': np.float64(0.5)}, {'m': 'VP[2]:1', 'd1': 'BE:0', 'd2': 'Vpp:1', 'p': np.float64(0.3)}, {'m': 'VP[3]:1', 'd1': '*BE:0', 'd2': 'VPpp[1]:1', 'p': np.float64(0.2)}, {'m': 'VPpp[1]:1', 'd1': '*Vpp:0', 'd2': 'PP[1]:1', 'p': np.float64(1.0)}, {'m': '*@:1', 'd1': None, 'd2': '@:1', 'p': None}, {'m': '*@:1', 'd1': None, 'd2': '*@:1', 'p': None}, {'m': '*BE:0', 'd1': 'BE:0', 'd2': None, 'p': None}, {'m': '*BE:0', 'd1': '*BE:0', 'd2': None, 'p': None}, {'m': '*N:0', 'd1': 'N:0', 'd2': None, 'p': None}, {'m': '*N:0', 'd1': '*N:0', 'd2': None, 'p': None}, {'m': '*Vi:0', 'd1': 'Vi:0', 'd2': None, 'p': None}, {'m': '*Vi:0', 'd1': '*Vi:0', 'd2': None, 'p': None}, {'m': '*Vi:1', 'd1': None, 'd2': 'Vi:1', 'p': None}, {'m': '*Vi:1', 'd1': None, 'd2': '*Vi:1', 'p': None}, {'m': '*Vpp:0', 'd1': 'Vpp:0', 'd2': None, 'p': None}, {'m': '*Vpp:0', 'd1': '*Vpp:0', 'd2': None, 'p': None}, {'m': '#:0', 'd1': 'S[1]:0', 'd2': '*@:1', 'p': None}, {'m': '#:0', 'd1': 'S[2]:0', 'd2': '*@:1', 'p': None}, {'m': '#:0', 'd1': 'S[3]:0', 'd2': '*@:1', 'p': None}]
labs are ['NP[1](*N,RC[1])', 'PP[1](P,N)', 'RC[1](*Vpp,PP[1])', 'S[1](N,Vi)', 'S[2](*N,VP[1])', 'S[2](*N,VP[2])', 'S[2](*N,VP[3])', 'S[3](NP[1],*Vi)', 'VP[1](*Vi,PP[1])', 'VP[2](BE,Vpp)', 'VP[3](*BE,VPpp[1])', 'VPpp[1](*Vpp,PP[1])', '*@(,@)', '*@(,*@)', '*BE(BE,)', '*BE(*BE,)', '*N(N,)', '*N(*N,)', '*Vi(Vi,)', '*Vi(*Vi,)', '*Vi(,Vi)', '*Vi(,*Vi)', '*Vpp(Vpp,)', '*Vpp(*Vpp,)', '#(S[1],*@)', '#(S[2],*@)', '#(S[3],*@)']
focus_idx is [16 17  3  6]
labs_focus is ['*N(N,)', '*N(*N,)', 'S[1](N,Vi)', 'S[2](*N,VP[3])']
rules are [{'m': 'NP[1]:0', 'd1': '*N:0', 'd2': 'RC[1]:1', 'p': np.float64(1.0)}, {'m': 'PP[1]:1', 'd1': 'P:0', 'd2': 'N:1', 'p': np.float64(1.0)}, {'m': 'RC[1]:1', 'd1': '*Vpp:0', 'd2': 'PP[1]:1', 'p': np.float64(1.0)}, {'m': 'S[1]:0', 'd1': 'N:0', 'd2': 'Vi:1', 'p': np.float64(0.35)}, {'m': 'S[2]:0', 'd1': '*N:0', 'd2': 'VP[1]:1', 'p': np.float64(0.3)}, {'m': 'S[2]:0', 'd1': '*N:0', 'd2': 'VP[2]:1', 'p': np.float64(0.18)}, {'m': 'S[2]:0', 'd1': '*N:0', 'd2': 'VP[3]:1', 'p': np.float64(0.12)}, {'m': 'S[3]:0', 'd1': 'NP[1]:0', 'd2': '*Vi:1', 'p': np.float64(0.05)}, {'m': 'VP[1]:1', 'd1': '*Vi:0', 'd2': 'PP[1]:1', 'p': np.float64(0.5)}, {'m': 'VP[2]:1', 'd1': 'BE:0', 'd2': 'Vpp:1', 'p': np.float64(0.3)}, {'m': 'VP[3]:1', 'd1': '*BE:0', 'd2': 'VPpp[1]:1', 'p': np.float64(0.2)}, {'m': 'VPpp[1]:1', 'd1': '*Vpp:0', 'd2': 'PP[1]:1', 'p': np.float64(1.0)}, {'m': '*@:1', 'd1': None, 'd2': '@:1', 'p': None}, {'m': '*@:1', 'd1': None, 'd2': '*@:1', 'p': None}, {'m': '*BE:0', 'd1': 'BE:0', 'd2': None, 'p': None}, {'m': '*BE:0', 'd1': '*BE:0', 'd2': None, 'p': None}, {'m': '*N:0', 'd1': 'N:0', 'd2': None, 'p': None}, {'m': '*N:0', 'd1': '*N:0', 'd2': None, 'p': None}, {'m': '*Vi:0', 'd1': 'Vi:0', 'd2': None, 'p': None}, {'m': '*Vi:0', 'd1': '*Vi:0', 'd2': None, 'p': None}, {'m': '*Vi:1', 'd1': None, 'd2': 'Vi:1', 'p': None}, {'m': '*Vi:1', 'd1': None, 'd2': '*Vi:1', 'p': None}, {'m': '*Vpp:0', 'd1': 'Vpp:0', 'd2': None, 'p': None}, {'m': '*Vpp:0', 'd1': '*Vpp:0', 'd2': None, 'p': None}, {'m': '#:0', 'd1': 'S[1]:0', 'd2': '*@:1', 'p': None}, {'m': '#:0', 'd1': 'S[2]:0', 'd2': '*@:1', 'p': None}, {'m': '#:0', 'd1': 'S[3]:0', 'd2': '*@:1', 'p': None}]
labs are ['NP[1](*N,RC[1])', 'PP[1](P,N)', 'RC[1](*Vpp,PP[1])', 'S[1](N,Vi)', 'S[2](*N,VP[1])', 'S[2](*N,VP[2])', 'S[2](*N,VP[3])', 'S[3](NP[1],*Vi)', 'VP[1](*Vi,PP[1])', 'VP[2](BE,Vpp)', 'VP[3](*BE,VPpp[1])', 'VPpp[1](*Vpp,PP[1])', '*@(,@)', '*@(,*@)', '*BE(BE,)', '*BE(*BE,)', '*N(N,)', '*N(*N,)', '*Vi(Vi,)', '*Vi(*Vi,)', '*Vi(,Vi)', '*Vi(,*Vi)', '*Vpp(Vpp,)', '*Vpp(*Vpp,)', '#(S[1],*@)', '#(S[2],*@)', '#(S[3],*@)']
focus_idx is [13 12 25 24]
labs_focus is ['*@(,*@)', '*@(,@)', '#(S[2],*@)', '#(S[1],*@)']

Generating plots for Sentence 3: N BE Vpp P N
rules are [{'m': 'NP[1]:0', 'd1': '*N:0', 'd2': 'RC[1]:1', 'p': np.float64(1.0)}, {'m': 'PP[1]:1', 'd1': 'P:0', 'd2': 'N:1', 'p': np.float64(1.0)}, {'m': 'RC[1]:1', 'd1': '*Vpp:0', 'd2': 'PP[1]:1', 'p': np.float64(1.0)}, {'m': 'S[1]:0', 'd1': 'N:0', 'd2': 'Vi:1', 'p': np.float64(0.35)}, {'m': 'S[2]:0', 'd1': '*N:0', 'd2': 'VP[1]:1', 'p': np.float64(0.3)}, {'m': 'S[2]:0', 'd1': '*N:0', 'd2': 'VP[2]:1', 'p': np.float64(0.18)}, {'m': 'S[2]:0', 'd1': '*N:0', 'd2': 'VP[3]:1', 'p': np.float64(0.12)}, {'m': 'S[3]:0', 'd1': 'NP[1]:0', 'd2': '*Vi:1', 'p': np.float64(0.05)}, {'m': 'VP[1]:1', 'd1': '*Vi:0', 'd2': 'PP[1]:1', 'p': np.float64(0.5)}, {'m': 'VP[2]:1', 'd1': 'BE:0', 'd2': 'Vpp:1', 'p': np.float64(0.3)}, {'m': 'VP[3]:1', 'd1': '*BE:0', 'd2': 'VPpp[1]:1', 'p': np.float64(0.2)}, {'m': 'VPpp[1]:1', 'd1': '*Vpp:0', 'd2': 'PP[1]:1', 'p': np.float64(1.0)}, {'m': '*@:1', 'd1': None, 'd2': '@:1', 'p': None}, {'m': '*@:1', 'd1': None, 'd2': '*@:1', 'p': None}, {'m': '*BE:0', 'd1': 'BE:0', 'd2': None, 'p': None}, {'m': '*BE:0', 'd1': '*BE:0', 'd2': None, 'p': None}, {'m': '*N:0', 'd1': 'N:0', 'd2': None, 'p': None}, {'m': '*N:0', 'd1': '*N:0', 'd2': None, 'p': None}, {'m': '*Vi:0', 'd1': 'Vi:0', 'd2': None, 'p': None}, {'m': '*Vi:0', 'd1': '*Vi:0', 'd2': None, 'p': None}, {'m': '*Vi:1', 'd1': None, 'd2': 'Vi:1', 'p': None}, {'m': '*Vi:1', 'd1': None, 'd2': '*Vi:1', 'p': None}, {'m': '*Vpp:0', 'd1': 'Vpp:0', 'd2': None, 'p': None}, {'m': '*Vpp:0', 'd1': '*Vpp:0', 'd2': None, 'p': None}, {'m': '#:0', 'd1': 'S[1]:0', 'd2': '*@:1', 'p': None}, {'m': '#:0', 'd1': 'S[2]:0', 'd2': '*@:1', 'p': None}, {'m': '#:0', 'd1': 'S[3]:0', 'd2': '*@:1', 'p': None}]
labs are ['NP[1](*N,RC[1])', 'PP[1](P,N)', 'RC[1](*Vpp,PP[1])', 'S[1](N,Vi)', 'S[2](*N,VP[1])', 'S[2](*N,VP[2])', 'S[2](*N,VP[3])', 'S[3](NP[1],*Vi)', 'VP[1](*Vi,PP[1])', 'VP[2](BE,Vpp)', 'VP[3](*BE,VPpp[1])', 'VPpp[1](*Vpp,PP[1])', '*@(,@)', '*@(,*@)', '*BE(BE,)', '*BE(*BE,)', '*N(N,)', '*N(*N,)', '*Vi(Vi,)', '*Vi(*Vi,)', '*Vi(,Vi)', '*Vi(,*Vi)', '*Vpp(Vpp,)', '*Vpp(*Vpp,)', '#(S[1],*@)', '#(S[2],*@)', '#(S[3],*@)']
focus_idx is [16 17  3  5]
labs_focus is ['*N(N,)', '*N(*N,)', 'S[1](N,Vi)', 'S[2](*N,VP[2])']
rules are [{'m': 'NP[1]:0', 'd1': '*N:0', 'd2': 'RC[1]:1', 'p': np.float64(1.0)}, {'m': 'PP[1]:1', 'd1': 'P:0', 'd2': 'N:1', 'p': np.float64(1.0)}, {'m': 'RC[1]:1', 'd1': '*Vpp:0', 'd2': 'PP[1]:1', 'p': np.float64(1.0)}, {'m': 'S[1]:0', 'd1': 'N:0', 'd2': 'Vi:1', 'p': np.float64(0.35)}, {'m': 'S[2]:0', 'd1': '*N:0', 'd2': 'VP[1]:1', 'p': np.float64(0.3)}, {'m': 'S[2]:0', 'd1': '*N:0', 'd2': 'VP[2]:1', 'p': np.float64(0.18)}, {'m': 'S[2]:0', 'd1': '*N:0', 'd2': 'VP[3]:1', 'p': np.float64(0.12)}, {'m': 'S[3]:0', 'd1': 'NP[1]:0', 'd2': '*Vi:1', 'p': np.float64(0.05)}, {'m': 'VP[1]:1', 'd1': '*Vi:0', 'd2': 'PP[1]:1', 'p': np.float64(0.5)}, {'m': 'VP[2]:1', 'd1': 'BE:0', 'd2': 'Vpp:1', 'p': np.float64(0.3)}, {'m': 'VP[3]:1', 'd1': '*BE:0', 'd2': 'VPpp[1]:1', 'p': np.float64(0.2)}, {'m': 'VPpp[1]:1', 'd1': '*Vpp:0', 'd2': 'PP[1]:1', 'p': np.float64(1.0)}, {'m': '*@:1', 'd1': None, 'd2': '@:1', 'p': None}, {'m': '*@:1', 'd1': None, 'd2': '*@:1', 'p': None}, {'m': '*BE:0', 'd1': 'BE:0', 'd2': None, 'p': None}, {'m': '*BE:0', 'd1': '*BE:0', 'd2': None, 'p': None}, {'m': '*N:0', 'd1': 'N:0', 'd2': None, 'p': None}, {'m': '*N:0', 'd1': '*N:0', 'd2': None, 'p': None}, {'m': '*Vi:0', 'd1': 'Vi:0', 'd2': None, 'p': None}, {'m': '*Vi:0', 'd1': '*Vi:0', 'd2': None, 'p': None}, {'m': '*Vi:1', 'd1': None, 'd2': 'Vi:1', 'p': None}, {'m': '*Vi:1', 'd1': None, 'd2': '*Vi:1', 'p': None}, {'m': '*Vpp:0', 'd1': 'Vpp:0', 'd2': None, 'p': None}, {'m': '*Vpp:0', 'd1': '*Vpp:0', 'd2': None, 'p': None}, {'m': '#:0', 'd1': 'S[1]:0', 'd2': '*@:1', 'p': None}, {'m': '#:0', 'd1': 'S[2]:0', 'd2': '*@:1', 'p': None}, {'m': '#:0', 'd1': 'S[3]:0', 'd2': '*@:1', 'p': None}]
labs are ['NP[1](*N,RC[1])', 'PP[1](P,N)', 'RC[1](*Vpp,PP[1])', 'S[1](N,Vi)', 'S[2](*N,VP[1])', 'S[2](*N,VP[2])', 'S[2](*N,VP[3])', 'S[3](NP[1],*Vi)', 'VP[1](*Vi,PP[1])', 'VP[2](BE,Vpp)', 'VP[3](*BE,VPpp[1])', 'VPpp[1](*Vpp,PP[1])', '*@(,@)', '*@(,*@)', '*BE(BE,)', '*BE(*BE,)', '*N(N,)', '*N(*N,)', '*Vi(Vi,)', '*Vi(*Vi,)', '*Vi(,Vi)', '*Vi(,*Vi)', '*Vpp(Vpp,)', '*Vpp(*Vpp,)', '#(S[1],*@)', '#(S[2],*@)', '#(S[3],*@)']
focus_idx is [13 12 25 24]
labs_focus is ['*@(,*@)', '*@(,@)', '#(S[2],*@)', '#(S[1],*@)']

Generating plots for Sentence 4: N Vpp P N Vi
rules are [{'m': 'NP[1]:0', 'd1': '*N:0', 'd2': 'RC[1]:1', 'p': np.float64(1.0)}, {'m': 'PP[1]:1', 'd1': 'P:0', 'd2': 'N:1', 'p': np.float64(1.0)}, {'m': 'RC[1]:1', 'd1': '*Vpp:0', 'd2': 'PP[1]:1', 'p': np.float64(1.0)}, {'m': 'S[1]:0', 'd1': 'N:0', 'd2': 'Vi:1', 'p': np.float64(0.35)}, {'m': 'S[2]:0', 'd1': '*N:0', 'd2': 'VP[1]:1', 'p': np.float64(0.3)}, {'m': 'S[2]:0', 'd1': '*N:0', 'd2': 'VP[2]:1', 'p': np.float64(0.18)}, {'m': 'S[2]:0', 'd1': '*N:0', 'd2': 'VP[3]:1', 'p': np.float64(0.12)}, {'m': 'S[3]:0', 'd1': 'NP[1]:0', 'd2': '*Vi:1', 'p': np.float64(0.05)}, {'m': 'VP[1]:1', 'd1': '*Vi:0', 'd2': 'PP[1]:1', 'p': np.float64(0.5)}, {'m': 'VP[2]:1', 'd1': 'BE:0', 'd2': 'Vpp:1', 'p': np.float64(0.3)}, {'m': 'VP[3]:1', 'd1': '*BE:0', 'd2': 'VPpp[1]:1', 'p': np.float64(0.2)}, {'m': 'VPpp[1]:1', 'd1': '*Vpp:0', 'd2': 'PP[1]:1', 'p': np.float64(1.0)}, {'m': '*@:1', 'd1': None, 'd2': '@:1', 'p': None}, {'m': '*@:1', 'd1': None, 'd2': '*@:1', 'p': None}, {'m': '*BE:0', 'd1': 'BE:0', 'd2': None, 'p': None}, {'m': '*BE:0', 'd1': '*BE:0', 'd2': None, 'p': None}, {'m': '*N:0', 'd1': 'N:0', 'd2': None, 'p': None}, {'m': '*N:0', 'd1': '*N:0', 'd2': None, 'p': None}, {'m': '*Vi:0', 'd1': 'Vi:0', 'd2': None, 'p': None}, {'m': '*Vi:0', 'd1': '*Vi:0', 'd2': None, 'p': None}, {'m': '*Vi:1', 'd1': None, 'd2': 'Vi:1', 'p': None}, {'m': '*Vi:1', 'd1': None, 'd2': '*Vi:1', 'p': None}, {'m': '*Vpp:0', 'd1': 'Vpp:0', 'd2': None, 'p': None}, {'m': '*Vpp:0', 'd1': '*Vpp:0', 'd2': None, 'p': None}, {'m': '#:0', 'd1': 'S[1]:0', 'd2': '*@:1', 'p': None}, {'m': '#:0', 'd1': 'S[2]:0', 'd2': '*@:1', 'p': None}, {'m': '#:0', 'd1': 'S[3]:0', 'd2': '*@:1', 'p': None}]
labs are ['NP[1](*N,RC[1])', 'PP[1](P,N)', 'RC[1](*Vpp,PP[1])', 'S[1](N,Vi)', 'S[2](*N,VP[1])', 'S[2](*N,VP[2])', 'S[2](*N,VP[3])', 'S[3](NP[1],*Vi)', 'VP[1](*Vi,PP[1])', 'VP[2](BE,Vpp)', 'VP[3](*BE,VPpp[1])', 'VPpp[1](*Vpp,PP[1])', '*@(,@)', '*@(,*@)', '*BE(BE,)', '*BE(*BE,)', '*N(N,)', '*N(*N,)', '*Vi(Vi,)', '*Vi(*Vi,)', '*Vi(,Vi)', '*Vi(,*Vi)', '*Vpp(Vpp,)', '*Vpp(*Vpp,)', '#(S[1],*@)', '#(S[2],*@)', '#(S[3],*@)']
focus_idx is [16 17  3  4]
labs_focus is ['*N(N,)', '*N(*N,)', 'S[1](N,Vi)', 'S[2](*N,VP[1])']
rules are [{'m': 'NP[1]:0', 'd1': '*N:0', 'd2': 'RC[1]:1', 'p': np.float64(1.0)}, {'m': 'PP[1]:1', 'd1': 'P:0', 'd2': 'N:1', 'p': np.float64(1.0)}, {'m': 'RC[1]:1', 'd1': '*Vpp:0', 'd2': 'PP[1]:1', 'p': np.float64(1.0)}, {'m': 'S[1]:0', 'd1': 'N:0', 'd2': 'Vi:1', 'p': np.float64(0.35)}, {'m': 'S[2]:0', 'd1': '*N:0', 'd2': 'VP[1]:1', 'p': np.float64(0.3)}, {'m': 'S[2]:0', 'd1': '*N:0', 'd2': 'VP[2]:1', 'p': np.float64(0.18)}, {'m': 'S[2]:0', 'd1': '*N:0', 'd2': 'VP[3]:1', 'p': np.float64(0.12)}, {'m': 'S[3]:0', 'd1': 'NP[1]:0', 'd2': '*Vi:1', 'p': np.float64(0.05)}, {'m': 'VP[1]:1', 'd1': '*Vi:0', 'd2': 'PP[1]:1', 'p': np.float64(0.5)}, {'m': 'VP[2]:1', 'd1': 'BE:0', 'd2': 'Vpp:1', 'p': np.float64(0.3)}, {'m': 'VP[3]:1', 'd1': '*BE:0', 'd2': 'VPpp[1]:1', 'p': np.float64(0.2)}, {'m': 'VPpp[1]:1', 'd1': '*Vpp:0', 'd2': 'PP[1]:1', 'p': np.float64(1.0)}, {'m': '*@:1', 'd1': None, 'd2': '@:1', 'p': None}, {'m': '*@:1', 'd1': None, 'd2': '*@:1', 'p': None}, {'m': '*BE:0', 'd1': 'BE:0', 'd2': None, 'p': None}, {'m': '*BE:0', 'd1': '*BE:0', 'd2': None, 'p': None}, {'m': '*N:0', 'd1': 'N:0', 'd2': None, 'p': None}, {'m': '*N:0', 'd1': '*N:0', 'd2': None, 'p': None}, {'m': '*Vi:0', 'd1': 'Vi:0', 'd2': None, 'p': None}, {'m': '*Vi:0', 'd1': '*Vi:0', 'd2': None, 'p': None}, {'m': '*Vi:1', 'd1': None, 'd2': 'Vi:1', 'p': None}, {'m': '*Vi:1', 'd1': None, 'd2': '*Vi:1', 'p': None}, {'m': '*Vpp:0', 'd1': 'Vpp:0', 'd2': None, 'p': None}, {'m': '*Vpp:0', 'd1': '*Vpp:0', 'd2': None, 'p': None}, {'m': '#:0', 'd1': 'S[1]:0', 'd2': '*@:1', 'p': None}, {'m': '#:0', 'd1': 'S[2]:0', 'd2': '*@:1', 'p': None}, {'m': '#:0', 'd1': 'S[3]:0', 'd2': '*@:1', 'p': None}]
labs are ['NP[1](*N,RC[1])', 'PP[1](P,N)', 'RC[1](*Vpp,PP[1])', 'S[1](N,Vi)', 'S[2](*N,VP[1])', 'S[2](*N,VP[2])', 'S[2](*N,VP[3])', 'S[3](NP[1],*Vi)', 'VP[1](*Vi,PP[1])', 'VP[2](BE,Vpp)', 'VP[3](*BE,VPpp[1])', 'VPpp[1](*Vpp,PP[1])', '*@(,@)', '*@(,*@)', '*BE(BE,)', '*BE(*BE,)', '*N(N,)', '*N(*N,)', '*Vi(Vi,)', '*Vi(*Vi,)', '*Vi(,Vi)', '*Vi(,*Vi)', '*Vpp(Vpp,)', '*Vpp(*Vpp,)', '#(S[1],*@)', '#(S[2],*@)', '#(S[3],*@)']
focus_idx is [13 12 25 24]
labs_focus is ['*@(,*@)', '*@(,@)', '#(S[2],*@)', '#(S[1],*@)']

======================================================================
Replication complete!
Figures saved as:
  - Plots from plot_train_result() (displayed interactively)
  - figure12_g1_parsing.png

Treelet activation trajectories for each sentence:
  - sap_g1_model_sparse_nocompres_S0_N_Vi.png
  - sap_g1_model_sparse_nocompres_S1_N_Vi_P_N.png <-- S1 = 'N Vi P N'
  - sap_g1_model_sparse_nocompres_S2_N_BE_Vpp.png
  - sap_g1_model_sparse_nocompres_S3_N_BE_Vpp_P_N.png
  - sap_g1_model_sparse_nocompres_S4_N_Vpp_P_N_Vi.png
======================================================================
Finished running at 3413.18s

----------------------------------------------------------------------
Final GPU Status:
----------------------------------------------------------------------
Fri Dec  5 14:16:08 2025       
+-----------------------------------------------------------------------------------------+
| NVIDIA-SMI 570.124.06             Driver Version: 570.124.06     CUDA Version: 12.8     |
|-----------------------------------------+------------------------+----------------------+
| GPU  Name                 Persistence-M | Bus-Id          Disp.A | Volatile Uncorr. ECC |
| Fan  Temp   Perf          Pwr:Usage/Cap |           Memory-Usage | GPU-Util  Compute M. |
|                                         |                        |               MIG M. |
|=========================================+========================+======================|
|   0  NVIDIA RTX A5000               On  |   00000000:4F:00.0 Off |                  Off |
| 30%   24C    P8             17W /  230W |       2MiB /  24564MiB |      0%      Default |
|                                         |                        |                  N/A |
+-----------------------------------------+------------------------+----------------------+
                                                                                         
+-----------------------------------------------------------------------------------------+
| Processes:                                                                              |
|  GPU   GI   CI              PID   Type   Process name                        GPU Memory |
|        ID   ID                                                               Usage      |
|=========================================================================================|
|  No running processes found                                                             |
+-----------------------------------------------------------------------------------------+

======================================================================
Job Completed
End Time: Fri Dec  5 02:16:08 PM EST 2025
======================================================================
